Date,Store,Product,Temperature,Promotion,Demand
2024-01-01,Store_A,Product_A,14.4,0,41
2024-01-01,Store_A,Product_B,16.9,0,64
2024-01-01,Store_A,Product_C,18.5,0,35
2024-01-01,Store_B,Product_A,14.9,0,45
2024-01-01,Store_B,Product_B,15.2,0,78
2024-01-01,Store_B,Product_C,15.3,0,36
2024-01-01,Store_C,Product_A,13.5,0,43
2024-01-01,Store_C,Product_B,15.5,0,59
2024-01-01,Store_C,Product_C,17.2,0,30
2024-01-01,Store_D,Product_A,14.4,1,60
2024-01-01,Store_D,Product_B,17.6,1,84
2024-01-01,Store_D,Product_C,16.2,0,37
2024-01-02,Store_A,Product_A,16.3,0,49
2024-01-02,Store_A,Product_B,15.7,1,74
2024-01-02,Store_A,Product_C,17.7,0,36
2024-01-02,Store_B,Product_A,16.7,0,47
2024-01-02,Store_B,Product_B,14.7,1,96
2024-01-02,Store_B,Product_C,18.2,0,42
2024-01-02,Store_C,Product_A,16.9,0,41
2024-01-02,Store_C,Product_B,17.3,0,68
2024-01-02,Store_C,Product_C,15.0,0,30
2024-01-02,Store_D,Product_A,14.1,0,42
2024-01-02,Store_D,Product_B,16.4,0,69
2024-01-02,Store_D,Product_C,20.3,1,43
2024-01-03,Store_A,Product_A,20.1,1,51
2024-01-03,Store_A,Product_B,15.7,0,72
2024-01-03,Store_A,Product_C,16.7,1,39
2024-01-03,Store_B,Product_A,17.8,0,52
2024-01-03,Store_B,Product_B,16.4,0,72
2024-01-03,Store_B,Product_C,18.0,0,39
2024-01-03,Store_C,Product_A,18.7,0,35
2024-01-03,Store_C,Product_B,17.9,0,60
2024-01-03,Store_C,Product_C,18.3,0,31
2024-01-03,Store_D,Product_A,17.5,0,49
2024-01-03,Store_D,Product_B,17.3,1,94
2024-01-03,Store_D,Product_C,16.2,0,38
2024-01-04,Store_A,Product_A,20.1,0,45
2024-01-04,Store_A,Product_B,13.8,0,64
2024-01-04,Store_A,Product_C,15.4,0,30
2024-01-04,Store_B,Product_A,14.4,0,50
2024-01-04,Store_B,Product_B,18.1,0,84
2024-01-04,Store_B,Product_C,15.3,0,39
2024-01-04,Store_C,Product_A,16.0,0,38
2024-01-04,Store_C,Product_B,12.2,0,61
2024-01-04,Store_C,Product_C,15.6,0,32
2024-01-04,Store_D,Product_A,14.4,0,50
2024-01-04,Store_D,Product_B,16.8,0,64
2024-01-04,Store_D,Product_C,17.5,0,35
2024-01-05,Store_A,Product_A,13.6,0,52
2024-01-05,Store_A,Product_B,14.7,0,58
2024-01-05,Store_A,Product_C,17.0,1,41
2024-01-05,Store_B,Product_A,19.3,0,56
2024-01-05,Store_B,Product_B,16.0,1,92
2024-01-05,Store_B,Product_C,16.5,0,37
2024-01-05,Store_C,Product_A,14.5,0,41
2024-01-05,Store_C,Product_B,16.1,0,57
2024-01-05,Store_C,Product_C,19.9,0,33
2024-01-05,Store_D,Product_A,12.3,1,55
2024-01-05,Store_D,Product_B,17.7,0,66
2024-01-05,Store_D,Product_C,12.9,0,36
2024-01-06,Store_A,Product_A,16.2,0,52
2024-01-06,Store_A,Product_B,15.5,1,97
2024-01-06,Store_A,Product_C,15.5,0,44
2024-01-06,Store_B,Product_A,19.7,1,86
2024-01-06,Store_B,Product_B,16.4,0,89
2024-01-06,Store_B,Product_C,22.2,1,60
2024-01-06,Store_C,Product_A,18.1,0,48
2024-01-06,Store_C,Product_B,15.9,1,85
2024-01-06,Store_C,Product_C,14.4,0,38
2024-01-06,Store_D,Product_A,12.5,0,55
2024-01-06,Store_D,Product_B,15.5,0,89
2024-01-06,Store_D,Product_C,16.1,0,48
2024-01-07,Store_A,Product_A,19.6,0,50
2024-01-07,Store_A,Product_B,18.9,0,75
2024-01-07,Store_A,Product_C,17.4,0,42
2024-01-07,Store_B,Product_A,18.5,0,65
2024-01-07,Store_B,Product_B,14.4,0,84
2024-01-07,Store_B,Product_C,19.9,0,47
2024-01-07,Store_C,Product_A,13.9,0,44
2024-01-07,Store_C,Product_B,15.5,0,67
2024-01-07,Store_C,Product_C,14.8,0,40
2024-01-07,Store_D,Product_A,17.6,1,79
2024-01-07,Store_D,Product_B,15.4,0,76
2024-01-07,Store_D,Product_C,19.5,0,47
2024-01-08,Store_A,Product_A,20.2,0,48
2024-01-08,Store_A,Product_B,17.3,0,70
2024-01-08,Store_A,Product_C,13.8,0,38
2024-01-08,Store_B,Product_A,13.2,0,50
2024-01-08,Store_B,Product_B,14.4,0,77
2024-01-08,Store_B,Product_C,14.7,0,46
2024-01-08,Store_C,Product_A,13.5,0,42
2024-01-08,Store_C,Product_B,17.2,0,65
2024-01-08,Store_C,Product_C,18.0,1,40
2024-01-08,Store_D,Product_A,12.6,0,50
2024-01-08,Store_D,Product_B,17.4,0,66
2024-01-08,Store_D,Product_C,16.3,0,39
2024-01-09,Store_A,Product_A,16.8,0,50
2024-01-09,Store_A,Product_B,18.1,0,57
2024-01-09,Store_A,Product_C,15.7,0,36
2024-01-09,Store_B,Product_A,14.4,1,59
2024-01-09,Store_B,Product_B,15.4,0,71
2024-01-09,Store_B,Product_C,16.0,0,45
2024-01-09,Store_C,Product_A,15.6,0,44
2024-01-09,Store_C,Product_B,18.6,0,58
2024-01-09,Store_C,Product_C,18.7,0,29
2024-01-09,Store_D,Product_A,19.4,0,41
2024-01-09,Store_D,Product_B,16.6,1,68
2024-01-09,Store_D,Product_C,17.7,0,38
2024-01-10,Store_A,Product_A,15.8,0,49
2024-01-10,Store_A,Product_B,13.5,0,60
2024-01-10,Store_A,Product_C,18.6,0,32
2024-01-10,Store_B,Product_A,17.2,0,55
2024-01-10,Store_B,Product_B,15.7,0,81
2024-01-10,Store_B,Product_C,15.0,0,49
2024-01-10,Store_C,Product_A,19.1,0,44
2024-01-10,Store_C,Product_B,17.5,0,57
2024-01-10,Store_C,Product_C,12.8,0,31
2024-01-10,Store_D,Product_A,17.5,0,46
2024-01-10,Store_D,Product_B,16.2,0,70
2024-01-10,Store_D,Product_C,16.9,0,35
2024-01-11,Store_A,Product_A,15.6,0,38
2024-01-11,Store_A,Product_B,19.1,1,73
2024-01-11,Store_A,Product_C,17.4,0,35
2024-01-11,Store_B,Product_A,15.0,1,65
2024-01-11,Store_B,Product_B,17.3,1,98
2024-01-11,Store_B,Product_C,17.7,0,40
2024-01-11,Store_C,Product_A,17.2,0,43
2024-01-11,Store_C,Product_B,15.1,0,65
2024-01-11,Store_C,Product_C,16.9,0,28
2024-01-11,Store_D,Product_A,16.4,0,51
2024-01-11,Store_D,Product_B,16.2,0,79
2024-01-11,Store_D,Product_C,17.2,0,40
2024-01-12,Store_A,Product_A,17.4,0,46
2024-01-12,Store_A,Product_B,19.1,0,69
2024-01-12,Store_A,Product_C,17.5,1,49
2024-01-12,Store_B,Product_A,16.0,1,59
2024-01-12,Store_B,Product_B,19.2,0,73
2024-01-12,Store_B,Product_C,18.5,1,61
2024-01-12,Store_C,Product_A,16.0,0,37
2024-01-12,Store_C,Product_B,13.7,0,64
2024-01-12,Store_C,Product_C,15.7,0,33
2024-01-12,Store_D,Product_A,15.3,1,70
2024-01-12,Store_D,Product_B,15.1,0,74
2024-01-12,Store_D,Product_C,16.7,0,40
2024-01-13,Store_A,Product_A,16.0,1,58
2024-01-13,Store_A,Product_B,15.6,0,73
2024-01-13,Store_A,Product_C,15.0,1,57
2024-01-13,Store_B,Product_A,16.2,0,58
2024-01-13,Store_B,Product_B,18.0,0,81
2024-01-13,Store_B,Product_C,16.9,0,51
2024-01-13,Store_C,Product_A,18.6,0,42
2024-01-13,Store_C,Product_B,13.5,1,102
2024-01-13,Store_C,Product_C,14.9,0,35
2024-01-13,Store_D,Product_A,15.6,1,69
2024-01-13,Store_D,Product_B,18.9,1,104
2024-01-13,Store_D,Product_C,17.5,0,39
2024-01-14,Store_A,Product_A,16.4,0,57
2024-01-14,Store_A,Product_B,16.0,0,66
2024-01-14,Store_A,Product_C,19.2,1,49
2024-01-14,Store_B,Product_A,16.1,1,64
2024-01-14,Store_B,Product_B,18.1,0,82
2024-01-14,Store_B,Product_C,19.0,0,49
2024-01-14,Store_C,Product_A,17.8,0,41
2024-01-14,Store_C,Product_B,18.0,0,67
2024-01-14,Store_C,Product_C,17.9,0,36
2024-01-14,Store_D,Product_A,15.3,0,59
2024-01-14,Store_D,Product_B,19.1,0,99
2024-01-14,Store_D,Product_C,13.8,0,44
2024-01-15,Store_A,Product_A,16.9,0,50
2024-01-15,Store_A,Product_B,15.4,0,74
2024-01-15,Store_A,Product_C,16.9,0,37
2024-01-15,Store_B,Product_A,16.2,0,53
2024-01-15,Store_B,Product_B,15.9,1,84
2024-01-15,Store_B,Product_C,16.6,0,46
2024-01-15,Store_C,Product_A,13.7,0,44
2024-01-15,Store_C,Product_B,16.5,0,54
2024-01-15,Store_C,Product_C,19.8,0,30
2024-01-15,Store_D,Product_A,19.9,1,52
2024-01-15,Store_D,Product_B,15.2,0,71
2024-01-15,Store_D,Product_C,15.9,0,41
2024-01-16,Store_A,Product_A,13.1,1,57
2024-01-16,Store_A,Product_B,14.9,0,81
2024-01-16,Store_A,Product_C,15.7,1,45
2024-01-16,Store_B,Product_A,19.4,1,73
2024-01-16,Store_B,Product_B,16.2,0,89
2024-01-16,Store_B,Product_C,17.1,0,49
2024-01-16,Store_C,Product_A,18.5,0,49
2024-01-16,Store_C,Product_B,19.9,0,65
2024-01-16,Store_C,Product_C,20.9,0,34
2024-01-16,Store_D,Product_A,21.0,1,69
2024-01-16,Store_D,Product_B,14.4,0,64
2024-01-16,Store_D,Product_C,18.1,0,35
2024-01-17,Store_A,Product_A,19.0,0,47
2024-01-17,Store_A,Product_B,18.1,1,82
2024-01-17,Store_A,Product_C,16.4,1,43
2024-01-17,Store_B,Product_A,12.8,1,72
2024-01-17,Store_B,Product_B,13.1,1,92
2024-01-17,Store_B,Product_C,17.3,0,43
2024-01-17,Store_C,Product_A,15.8,0,44
2024-01-17,Store_C,Product_B,16.8,0,69
2024-01-17,Store_C,Product_C,15.6,0,35
2024-01-17,Store_D,Product_A,15.0,0,48
2024-01-17,Store_D,Product_B,17.1,0,75
2024-01-17,Store_D,Product_C,10.0,0,40
2024-01-18,Store_A,Product_A,13.8,1,60
2024-01-18,Store_A,Product_B,16.2,0,76
2024-01-18,Store_A,Product_C,16.3,0,38
2024-01-18,Store_B,Product_A,17.6,0,48
2024-01-18,Store_B,Product_B,15.9,0,78
2024-01-18,Store_B,Product_C,15.4,0,45
2024-01-18,Store_C,Product_A,15.9,0,41
2024-01-18,Store_C,Product_B,17.5,0,61
2024-01-18,Store_C,Product_C,15.3,1,43
2024-01-18,Store_D,Product_A,16.3,1,64
2024-01-18,Store_D,Product_B,16.2,0,73
2024-01-18,Store_D,Product_C,15.6,0,41
2024-01-19,Store_A,Product_A,15.3,0,50
2024-01-19,Store_A,Product_B,15.2,0,64
2024-01-19,Store_A,Product_C,17.7,0,33
2024-01-19,Store_B,Product_A,16.2,0,57
2024-01-19,Store_B,Product_B,17.0,0,77
2024-01-19,Store_B,Product_C,15.3,0,43
2024-01-19,Store_C,Product_A,15.6,0,45
2024-01-19,Store_C,Product_B,18.2,0,65
2024-01-19,Store_C,Product_C,19.9,0,28
2024-01-19,Store_D,Product_A,15.1,0,48
2024-01-19,Store_D,Product_B,16.1,0,76
2024-01-19,Store_D,Product_C,14.9,0,43
2024-01-20,Store_A,Product_A,19.8,1,71
2024-01-20,Store_A,Product_B,18.8,0,81
2024-01-20,Store_A,Product_C,17.1,0,45
2024-01-20,Store_B,Product_A,16.6,0,58
2024-01-20,Store_B,Product_B,15.8,0,89
2024-01-20,Store_B,Product_C,17.8,0,44
2024-01-20,Store_C,Product_A,17.0,0,43
2024-01-20,Store_C,Product_B,17.0,0,71
2024-01-20,Store_C,Product_C,17.0,0,40
2024-01-20,Store_D,Product_A,17.0,0,52
2024-01-20,Store_D,Product_B,17.1,0,82
2024-01-20,Store_D,Product_C,18.0,1,53
2024-01-21,Store_A,Product_A,20.5,1,60
2024-01-21,Store_A,Product_B,16.9,0,88
2024-01-21,Store_A,Product_C,17.3,0,39
2024-01-21,Store_B,Product_A,16.7,0,58
2024-01-21,Store_B,Product_B,16.4,0,105
2024-01-21,Store_B,Product_C,17.7,0,50
2024-01-21,Store_C,Product_A,18.6,0,48
2024-01-21,Store_C,Product_B,17.3,0,78
2024-01-21,Store_C,Product_C,15.0,0,35
2024-01-21,Store_D,Product_A,17.9,0,62
2024-01-21,Store_D,Product_B,15.9,0,92
2024-01-21,Store_D,Product_C,20.2,0,46
2024-01-22,Store_A,Product_A,19.0,0,49
2024-01-22,Store_A,Product_B,17.3,0,65
2024-01-22,Store_A,Product_C,18.0,0,38
2024-01-22,Store_B,Product_A,21.5,0,53
2024-01-22,Store_B,Product_B,17.9,0,79
2024-01-22,Store_B,Product_C,19.5,1,56
2024-01-22,Store_C,Product_A,18.0,0,43
2024-01-22,Store_C,Product_B,18.9,0,71
2024-01-22,Store_C,Product_C,18.8,0,32
2024-01-22,Store_D,Product_A,17.4,0,57
2024-01-22,Store_D,Product_B,16.5,1,96
2024-01-22,Store_D,Product_C,17.8,1,45
2024-01-23,Store_A,Product_A,20.7,0,48
2024-01-23,Store_A,Product_B,17.9,0,71
2024-01-23,Store_A,Product_C,16.2,0,36
2024-01-23,Store_B,Product_A,13.9,1,74
2024-01-23,Store_B,Product_B,15.0,0,83
2024-01-23,Store_B,Product_C,16.5,1,59
2024-01-23,Store_C,Product_A,16.4,0,41
2024-01-23,Store_C,Product_B,16.0,1,72
2024-01-23,Store_C,Product_C,17.1,0,32
2024-01-23,Store_D,Product_A,16.4,0,53
2024-01-23,Store_D,Product_B,14.7,0,83
2024-01-23,Store_D,Product_C,18.8,0,41
2024-01-24,Store_A,Product_A,19.0,1,63
2024-01-24,Store_A,Product_B,14.5,0,71
2024-01-24,Store_A,Product_C,18.2,0,38
2024-01-24,Store_B,Product_A,18.3,0,50
2024-01-24,Store_B,Product_B,15.7,1,90
2024-01-24,Store_B,Product_C,16.2,0,42
2024-01-24,Store_C,Product_A,17.8,0,41
2024-01-24,Store_C,Product_B,19.3,0,61
2024-01-24,Store_C,Product_C,17.4,0,36
2024-01-24,Store_D,Product_A,17.1,0,53
2024-01-24,Store_D,Product_B,17.1,0,89
2024-01-24,Store_D,Product_C,17.0,0,43
2024-01-25,Store_A,Product_A,18.3,1,59
2024-01-25,Store_A,Product_B,17.1,0,72
2024-01-25,Store_A,Product_C,15.8,1,44
2024-01-25,Store_B,Product_A,18.1,0,54
2024-01-25,Store_B,Product_B,15.1,0,77
2024-01-25,Store_B,Product_C,20.1,0,39
2024-01-25,Store_C,Product_A,20.1,1,52
2024-01-25,Store_C,Product_B,18.4,0,55
2024-01-25,Store_C,Product_C,16.1,0,30
2024-01-25,Store_D,Product_A,18.3,0,48
2024-01-25,Store_D,Product_B,16.4,0,69
2024-01-25,Store_D,Product_C,20.6,0,37
2024-01-26,Store_A,Product_A,18.7,0,47
2024-01-26,Store_A,Product_B,16.9,1,94
2024-01-26,Store_A,Product_C,11.7,0,43
2024-01-26,Store_B,Product_A,19.7,0,53
2024-01-26,Store_B,Product_B,15.0,0,82
2024-01-26,Store_B,Product_C,20.0,0,50
2024-01-26,Store_C,Product_A,18.9,0,37
2024-01-26,Store_C,Product_B,16.4,0,61
2024-01-26,Store_C,Product_C,15.9,0,37
2024-01-26,Store_D,Product_A,18.8,0,53
2024-01-26,Store_D,Product_B,18.5,0,76
2024-01-26,Store_D,Product_C,18.6,1,57
2024-01-27,Store_A,Product_A,19.0,0,58
2024-01-27,Store_A,Product_B,15.9,0,88
2024-01-27,Store_A,Product_C,16.3,0,47
2024-01-27,Store_B,Product_A,19.1,0,62
2024-01-27,Store_B,Product_B,18.4,0,102
2024-01-27,Store_B,Product_C,14.1,0,52
2024-01-27,Store_C,Product_A,16.6,1,61
2024-01-27,Store_C,Product_B,17.8,0,72
2024-01-27,Store_C,Product_C,15.0,0,44
2024-01-27,Store_D,Product_A,19.5,0,66
2024-01-27,Store_D,Product_B,15.1,0,94
2024-01-27,Store_D,Product_C,14.6,0,40
2024-01-28,Store_A,Product_A,15.7,0,61
2024-01-28,Store_A,Product_B,18.1,0,79
2024-01-28,Store_A,Product_C,20.4,0,40
2024-01-28,Store_B,Product_A,20.0,0,49
2024-01-28,Store_B,Product_B,15.2,0,101
2024-01-28,Store_B,Product_C,18.6,1,56
2024-01-28,Store_C,Product_A,15.4,0,49
2024-01-28,Store_C,Product_B,19.8,0,75
2024-01-28,Store_C,Product_C,17.0,0,40
2024-01-28,Store_D,Product_A,13.9,1,73
2024-01-28,Store_D,Product_B,16.8,0,81
2024-01-28,Store_D,Product_C,17.0,0,50
2024-01-29,Store_A,Product_A,17.5,0,48
2024-01-29,Store_A,Product_B,19.4,0,69
2024-01-29,Store_A,Product_C,14.0,0,44
2024-01-29,Store_B,Product_A,15.5,0,65
2024-01-29,Store_B,Product_B,20.6,0,81
2024-01-29,Store_B,Product_C,19.4,0,47
2024-01-29,Store_C,Product_A,19.8,0,44
2024-01-29,Store_C,Product_B,18.8,0,66
2024-01-29,Store_C,Product_C,20.1,1,42
2024-01-29,Store_D,Product_A,17.3,0,57
2024-01-29,Store_D,Product_B,17.7,0,66
2024-01-29,Store_D,Product_C,17.8,0,42
2024-01-30,Store_A,Product_A,23.4,0,55
2024-01-30,Store_A,Product_B,16.0,1,91
2024-01-30,Store_A,Product_C,17.7,0,39
2024-01-30,Store_B,Product_A,18.9,1,66
2024-01-30,Store_B,Product_B,17.5,0,89
2024-01-30,Store_B,Product_C,17.0,1,60
2024-01-30,Store_C,Product_A,20.5,0,44
2024-01-30,Store_C,Product_B,17.4,1,81
2024-01-30,Store_C,Product_C,20.4,0,34
2024-01-30,Store_D,Product_A,19.0,0,56
2024-01-30,Store_D,Product_B,17.3,0,81
2024-01-30,Store_D,Product_C,15.5,0,40
2024-01-31,Store_A,Product_A,16.9,0,47
2024-01-31,Store_A,Product_B,20.9,0,71
2024-01-31,Store_A,Product_C,18.6,0,41
2024-01-31,Store_B,Product_A,16.8,0,66
2024-01-31,Store_B,Product_B,16.6,0,87
2024-01-31,Store_B,Product_C,19.5,0,46
2024-01-31,Store_C,Product_A,21.8,0,44
2024-01-31,Store_C,Product_B,16.7,0,65
2024-01-31,Store_C,Product_C,22.3,0,34
2024-01-31,Store_D,Product_A,17.0,0,51
2024-01-31,Store_D,Product_B,17.0,0,69
2024-01-31,Store_D,Product_C,21.0,0,40
2024-02-01,Store_A,Product_A,20.5,1,69
2024-02-01,Store_A,Product_B,17.7,0,77
2024-02-01,Store_A,Product_C,16.5,0,37
2024-02-01,Store_B,Product_A,16.5,1,64
2024-02-01,Store_B,Product_B,18.6,0,82
2024-02-01,Store_B,Product_C,14.2,0,43
2024-02-01,Store_C,Product_A,17.6,0,41
2024-02-01,Store_C,Product_B,16.3,0,63
2024-02-01,Store_C,Product_C,16.4,0,31
2024-02-01,Store_D,Product_A,18.7,0,53
2024-02-01,Store_D,Product_B,19.9,0,80
2024-02-01,Store_D,Product_C,18.7,0,42
2024-02-02,Store_A,Product_A,19.0,0,52
2024-02-02,Store_A,Product_B,19.8,1,88
2024-02-02,Store_A,Product_C,19.1,0,41
2024-02-02,Store_B,Product_A,14.9,0,60
2024-02-02,Store_B,Product_B,18.9,0,85
2024-02-02,Store_B,Product_C,15.6,0,49
2024-02-02,Store_C,Product_A,18.7,0,42
2024-02-02,Store_C,Product_B,19.8,0,65
2024-02-02,Store_C,Product_C,18.1,0,33
2024-02-02,Store_D,Product_A,18.5,0,60
2024-02-02,Store_D,Product_B,18.4,0,75
2024-02-02,Store_D,Product_C,21.8,0,35
2024-02-03,Store_A,Product_A,15.6,0,60
2024-02-03,Store_A,Product_B,21.1,0,88
2024-02-03,Store_A,Product_C,18.4,0,47
2024-02-03,Store_B,Product_A,17.8,0,62
2024-02-03,Store_B,Product_B,16.6,1,117
2024-02-03,Store_B,Product_C,21.0,0,48
2024-02-03,Store_C,Product_A,15.7,0,57
2024-02-03,Store_C,Product_B,16.1,1,89
2024-02-03,Store_C,Product_C,16.1,1,42
2024-02-03,Store_D,Product_A,24.5,1,74
2024-02-03,Store_D,Product_B,19.3,0,89
2024-02-03,Store_D,Product_C,15.9,0,46
2024-02-04,Store_A,Product_A,20.1,1,74
2024-02-04,Store_A,Product_B,16.9,0,88
2024-02-04,Store_A,Product_C,19.6,0,44
2024-02-04,Store_B,Product_A,19.0,1,79
2024-02-04,Store_B,Product_B,19.5,1,94
2024-02-04,Store_B,Product_C,17.9,0,51
2024-02-04,Store_C,Product_A,18.1,0,49
2024-02-04,Store_C,Product_B,17.5,0,78
2024-02-04,Store_C,Product_C,19.2,0,42
2024-02-04,Store_D,Product_A,18.8,0,60
2024-02-04,Store_D,Product_B,17.8,0,100
2024-02-04,Store_D,Product_C,21.6,1,57
2024-02-05,Store_A,Product_A,18.6,0,47
2024-02-05,Store_A,Product_B,20.5,0,72
2024-02-05,Store_A,Product_C,18.9,1,50
2024-02-05,Store_B,Product_A,17.7,0,59
2024-02-05,Store_B,Product_B,16.2,0,81
2024-02-05,Store_B,Product_C,19.7,0,45
2024-02-05,Store_C,Product_A,18.0,0,46
2024-02-05,Store_C,Product_B,16.3,0,56
2024-02-05,Store_C,Product_C,18.1,0,39
2024-02-05,Store_D,Product_A,21.6,0,54
2024-02-05,Store_D,Product_B,15.7,1,100
2024-02-05,Store_D,Product_C,16.1,0,38
2024-02-06,Store_A,Product_A,17.4,0,47
2024-02-06,Store_A,Product_B,19.3,0,60
2024-02-06,Store_A,Product_C,22.4,0,42
2024-02-06,Store_B,Product_A,19.3,1,68
2024-02-06,Store_B,Product_B,17.5,0,73
2024-02-06,Store_B,Product_C,22.8,0,46
2024-02-06,Store_C,Product_A,18.1,0,46
2024-02-06,Store_C,Product_B,18.2,0,72
2024-02-06,Store_C,Product_C,17.7,0,39
2024-02-06,Store_D,Product_A,18.7,1,70
2024-02-06,Store_D,Product_B,16.0,1,86
2024-02-06,Store_D,Product_C,16.3,0,42
2024-02-07,Store_A,Product_A,17.5,0,50
2024-02-07,Store_A,Product_B,21.5,0,70
2024-02-07,Store_A,Product_C,17.1,0,40
2024-02-07,Store_B,Product_A,17.2,1,86
2024-02-07,Store_B,Product_B,17.8,0,79
2024-02-07,Store_B,Product_C,20.5,1,51
2024-02-07,Store_C,Product_A,19.9,0,50
2024-02-07,Store_C,Product_B,17.1,1,90
2024-02-07,Store_C,Product_C,21.1,0,38
2024-02-07,Store_D,Product_A,18.1,0,56
2024-02-07,Store_D,Product_B,18.6,1,107
2024-02-07,Store_D,Product_C,16.2,1,46
2024-02-08,Store_A,Product_A,21.4,0,39
2024-02-08,Store_A,Product_B,20.6,0,65
2024-02-08,Store_A,Product_C,19.4,0,40
2024-02-08,Store_B,Product_A,20.5,0,65
2024-02-08,Store_B,Product_B,17.6,0,73
2024-02-08,Store_B,Product_C,19.8,0,53
2024-02-08,Store_C,Product_A,20.1,0,50
2024-02-08,Store_C,Product_B,20.4,0,64
2024-02-08,Store_C,Product_C,19.2,0,39
2024-02-08,Store_D,Product_A,14.5,0,58
2024-02-08,Store_D,Product_B,21.3,0,78
2024-02-08,Store_D,Product_C,16.7,1,54
2024-02-09,Store_A,Product_A,19.8,0,53
2024-02-09,Store_A,Product_B,16.7,0,74
2024-02-09,Store_A,Product_C,19.3,0,36
2024-02-09,Store_B,Product_A,18.9,1,57
2024-02-09,Store_B,Product_B,19.3,0,82
2024-02-09,Store_B,Product_C,17.9,1,61
2024-02-09,Store_C,Product_A,18.1,0,46
2024-02-09,Store_C,Product_B,19.3,0,64
2024-02-09,Store_C,Product_C,21.4,1,41
2024-02-09,Store_D,Product_A,21.1,0,53
2024-02-09,Store_D,Product_B,20.0,0,86
2024-02-09,Store_D,Product_C,17.4,0,41
2024-02-10,Store_A,Product_A,20.2,1,64
2024-02-10,Store_A,Product_B,19.1,0,82
2024-02-10,Store_A,Product_C,19.1,0,48
2024-02-10,Store_B,Product_A,15.6,0,66
2024-02-10,Store_B,Product_B,17.8,0,96
2024-02-10,Store_B,Product_C,19.7,0,44
2024-02-10,Store_C,Product_A,17.9,0,48
2024-02-10,Store_C,Product_B,18.5,0,71
2024-02-10,Store_C,Product_C,20.4,1,60
2024-02-10,Store_D,Product_A,19.9,0,73
2024-02-10,Store_D,Product_B,18.3,1,119
2024-02-10,Store_D,Product_C,21.6,0,50
2024-02-11,Store_A,Product_A,18.8,0,54
2024-02-11,Store_A,Product_B,17.2,1,104
2024-02-11,Store_A,Product_C,17.7,0,43
2024-02-11,Store_B,Product_A,14.4,0,75
2024-02-11,Store_B,Product_B,24.0,0,100
2024-02-11,Store_B,Product_C,19.3,1,62
2024-02-11,Store_C,Product_A,19.0,1,63
2024-02-11,Store_C,Product_B,18.0,1,77
2024-02-11,Store_C,Product_C,22.2,1,38
2024-02-11,Store_D,Product_A,17.4,0,68
2024-02-11,Store_D,Product_B,21.4,1,110
2024-02-11,Store_D,Product_C,16.2,0,57
2024-02-12,Store_A,Product_A,19.8,0,58
2024-02-12,Store_A,Product_B,19.1,0,78
2024-02-12,Store_A,Product_C,22.2,0,43
2024-02-12,Store_B,Product_A,18.2,0,62
2024-02-12,Store_B,Product_B,22.3,1,98
2024-02-12,Store_B,Product_C,15.7,1,58
2024-02-12,Store_C,Product_A,19.0,0,40
2024-02-12,Store_C,Product_B,20.3,0,58
2024-02-12,Store_C,Product_C,15.1,0,33
2024-02-12,Store_D,Product_A,15.1,0,56
2024-02-12,Store_D,Product_B,17.0,0,73
2024-02-12,Store_D,Product_C,19.3,0,39
2024-02-13,Store_A,Product_A,21.7,0,53
2024-02-13,Store_A,Product_B,22.1,0,74
2024-02-13,Store_A,Product_C,18.2,0,45
2024-02-13,Store_B,Product_A,18.0,0,61
2024-02-13,Store_B,Product_B,18.1,0,76
2024-02-13,Store_B,Product_C,22.0,0,47
2024-02-13,Store_C,Product_A,16.0,1,63
2024-02-13,Store_C,Product_B,21.2,0,71
2024-02-13,Store_C,Product_C,21.6,0,35
2024-02-13,Store_D,Product_A,21.0,1,76
2024-02-13,Store_D,Product_B,20.5,0,69
2024-02-13,Store_D,Product_C,21.6,0,46
2024-02-14,Store_A,Product_A,17.8,0,58
2024-02-14,Store_A,Product_B,16.8,0,72
2024-02-14,Store_A,Product_C,22.3,0,38
2024-02-14,Store_B,Product_A,18.9,1,72
2024-02-14,Store_B,Product_B,18.5,0,88
2024-02-14,Store_B,Product_C,14.6,1,51
2024-02-14,Store_C,Product_A,17.9,1,56
2024-02-14,Store_C,Product_B,19.9,0,69
2024-02-14,Store_C,Product_C,17.0,0,36
2024-02-14,Store_D,Product_A,17.3,0,54
2024-02-14,Store_D,Product_B,21.2,0,84
2024-02-14,Store_D,Product_C,18.4,0,43
2024-02-15,Store_A,Product_A,20.2,0,44
2024-02-15,Store_A,Product_B,16.4,0,83
2024-02-15,Store_A,Product_C,18.4,0,44
2024-02-15,Store_B,Product_A,23.0,1,72
2024-02-15,Store_B,Product_B,19.7,0,91
2024-02-15,Store_B,Product_C,19.9,0,45
2024-02-15,Store_C,Product_A,19.2,0,42
2024-02-15,Store_C,Product_B,25.4,0,67
2024-02-15,Store_C,Product_C,20.7,0,37
2024-02-15,Store_D,Product_A,19.4,0,62
2024-02-15,Store_D,Product_B,18.9,0,74
2024-02-15,Store_D,Product_C,16.1,0,36
2024-02-16,Store_A,Product_A,17.4,0,52
2024-02-16,Store_A,Product_B,21.6,0,64
2024-02-16,Store_A,Product_C,16.6,0,45
2024-02-16,Store_B,Product_A,20.6,0,60
2024-02-16,Store_B,Product_B,22.3,0,81
2024-02-16,Store_B,Product_C,17.9,0,39
2024-02-16,Store_C,Product_A,19.7,0,46
2024-02-16,Store_C,Product_B,23.0,0,78
2024-02-16,Store_C,Product_C,21.8,0,38
2024-02-16,Store_D,Product_A,22.4,0,53
2024-02-16,Store_D,Product_B,21.0,0,85
2024-02-16,Store_D,Product_C,16.7,0,45
2024-02-17,Store_A,Product_A,21.3,0,65
2024-02-17,Store_A,Product_B,20.1,0,83
2024-02-17,Store_A,Product_C,23.2,0,46
2024-02-17,Store_B,Product_A,18.4,0,63
2024-02-17,Store_B,Product_B,16.9,0,98
2024-02-17,Store_B,Product_C,22.0,1,64
2024-02-17,Store_C,Product_A,23.6,0,54
2024-02-17,Store_C,Product_B,17.6,1,101
2024-02-17,Store_C,Product_C,20.0,0,41
2024-02-17,Store_D,Product_A,19.1,0,67
2024-02-17,Store_D,Product_B,15.2,0,91
2024-02-17,Store_D,Product_C,20.2,0,53
2024-02-18,Store_A,Product_A,18.8,1,59
2024-02-18,Store_A,Product_B,21.9,0,69
2024-02-18,Store_A,Product_C,20.8,0,42
2024-02-18,Store_B,Product_A,17.8,0,69
2024-02-18,Store_B,Product_B,19.8,1,99
2024-02-18,Store_B,Product_C,19.8,1,65
2024-02-18,Store_C,Product_A,23.3,0,52
2024-02-18,Store_C,Product_B,17.6,0,82
2024-02-18,Store_C,Product_C,19.5,0,40
2024-02-18,Store_D,Product_A,17.9,1,80
2024-02-18,Store_D,Product_B,19.3,1,113
2024-02-18,Store_D,Product_C,18.7,0,50
2024-02-19,Store_A,Product_A,19.7,0,49
2024-02-19,Store_A,Product_B,15.4,0,71
2024-02-19,Store_A,Product_C,19.3,0,39
2024-02-19,Store_B,Product_A,20.6,0,54
2024-02-19,Store_B,Product_B,21.3,0,77
2024-02-19,Store_B,Product_C,23.2,0,40
2024-02-19,Store_C,Product_A,21.1,0,40
2024-02-19,Store_C,Product_B,20.0,0,65
2024-02-19,Store_C,Product_C,20.6,1,39
2024-02-19,Store_D,Product_A,23.5,0,48
2024-02-19,Store_D,Product_B,21.6,1,105
2024-02-19,Store_D,Product_C,21.1,1,57
2024-02-20,Store_A,Product_A,20.4,0,49
2024-02-20,Store_A,Product_B,20.2,0,71
2024-02-20,Store_A,Product_C,19.0,0,38
2024-02-20,Store_B,Product_A,22.5,0,59
2024-02-20,Store_B,Product_B,19.4,0,88
2024-02-20,Store_B,Product_C,18.3,0,43
2024-02-20,Store_C,Product_A,18.9,0,53
2024-02-20,Store_C,Product_B,20.9,1,78
2024-02-20,Store_C,Product_C,24.2,0,36
2024-02-20,Store_D,Product_A,17.2,0,59
2024-02-20,Store_D,Product_B,22.7,0,64
2024-02-20,Store_D,Product_C,16.4,0,43
2024-02-21,Store_A,Product_A,23.1,0,53
2024-02-21,Store_A,Product_B,20.9,0,72
2024-02-21,Store_A,Product_C,20.3,0,40
2024-02-21,Store_B,Product_A,20.7,0,51
2024-02-21,Store_B,Product_B,20.4,0,97
2024-02-21,Store_B,Product_C,18.7,0,53
2024-02-21,Store_C,Product_A,20.8,1,50
2024-02-21,Store_C,Product_B,19.9,0,65
2024-02-21,Store_C,Product_C,19.0,0,32
2024-02-21,Store_D,Product_A,24.6,0,59
2024-02-21,Store_D,Product_B,17.6,0,79
2024-02-21,Store_D,Product_C,22.9,0,42
2024-02-22,Store_A,Product_A,20.6,1,68
2024-02-22,Store_A,Product_B,20.5,0,71
2024-02-22,Store_A,Product_C,19.4,1,44
2024-02-22,Store_B,Product_A,22.5,1,70
2024-02-22,Store_B,Product_B,21.3,1,95
2024-02-22,Store_B,Product_C,18.5,0,46
2024-02-22,Store_C,Product_A,22.8,0,40
2024-02-22,Store_C,Product_B,17.3,1,99
2024-02-22,Store_C,Product_C,19.7,0,35
2024-02-22,Store_D,Product_A,22.0,0,53
2024-02-22,Store_D,Product_B,20.5,0,78
2024-02-22,Store_D,Product_C,21.8,1,59
2024-02-23,Store_A,Product_A,19.3,0,54
2024-02-23,Store_A,Product_B,23.3,1,100
2024-02-23,Store_A,Product_C,18.3,0,48
2024-02-23,Store_B,Product_A,18.7,0,57
2024-02-23,Store_B,Product_B,20.3,0,86
2024-02-23,Store_B,Product_C,17.3,0,51
2024-02-23,Store_C,Product_A,20.0,0,38
2024-02-23,Store_C,Product_B,18.0,1,91
2024-02-23,Store_C,Product_C,20.3,0,39
2024-02-23,Store_D,Product_A,22.3,1,74
2024-02-23,Store_D,Product_B,22.6,0,78
2024-02-23,Store_D,Product_C,18.4,0,48
2024-02-24,Store_A,Product_A,20.3,0,61
2024-02-24,Store_A,Product_B,17.6,0,86
2024-02-24,Store_A,Product_C,19.5,0,47
2024-02-24,Store_B,Product_A,19.0,0,72
2024-02-24,Store_B,Product_B,21.4,0,97
2024-02-24,Store_B,Product_C,22.2,0,50
2024-02-24,Store_C,Product_A,22.1,0,57
2024-02-24,Store_C,Product_B,20.2,0,80
2024-02-24,Store_C,Product_C,18.6,1,53
2024-02-24,Store_D,Product_A,19.3,1,79
2024-02-24,Store_D,Product_B,24.0,0,99
2024-02-24,Store_D,Product_C,20.2,0,43
2024-02-25,Store_A,Product_A,19.2,0,67
2024-02-25,Store_A,Product_B,20.1,0,95
2024-02-25,Store_A,Product_C,22.0,0,42
2024-02-25,Store_B,Product_A,25.2,1,83
2024-02-25,Store_B,Product_B,23.5,0,95
2024-02-25,Store_B,Product_C,20.5,0,57
2024-02-25,Store_C,Product_A,20.5,0,59
2024-02-25,Store_C,Product_B,18.3,0,76
2024-02-25,Store_C,Product_C,20.5,0,49
2024-02-25,Store_D,Product_A,22.7,0,67
2024-02-25,Store_D,Product_B,19.9,1,119
2024-02-25,Store_D,Product_C,18.4,0,53
2024-02-26,Store_A,Product_A,22.8,0,52
2024-02-26,Store_A,Product_B,19.8,0,81
2024-02-26,Store_A,Product_C,20.6,0,43
2024-02-26,Store_B,Product_A,21.2,0,67
2024-02-26,Store_B,Product_B,18.8,1,109
2024-02-26,Store_B,Product_C,22.6,0,43
2024-02-26,Store_C,Product_A,18.6,0,43
2024-02-26,Store_C,Product_B,22.9,0,69
2024-02-26,Store_C,Product_C,23.1,0,39
2024-02-26,Store_D,Product_A,20.1,0,45
2024-02-26,Store_D,Product_B,23.3,0,74
2024-02-26,Store_D,Product_C,21.6,0,44
2024-02-27,Store_A,Product_A,19.7,1,65
2024-02-27,Store_A,Product_B,22.6,1,81
2024-02-27,Store_A,Product_C,24.2,0,43
2024-02-27,Store_B,Product_A,21.1,0,54
2024-02-27,Store_B,Product_B,17.0,0,83
2024-02-27,Store_B,Product_C,19.8,0,40
2024-02-27,Store_C,Product_A,18.0,1,59
2024-02-27,Store_C,Product_B,18.2,0,68
2024-02-27,Store_C,Product_C,22.1,0,42
2024-02-27,Store_D,Product_A,20.1,0,62
2024-02-27,Store_D,Product_B,22.0,1,108
2024-02-27,Store_D,Product_C,23.8,1,57
2024-02-28,Store_A,Product_A,19.9,0,53
2024-02-28,Store_A,Product_B,21.6,0,74
2024-02-28,Store_A,Product_C,18.6,0,42
2024-02-28,Store_B,Product_A,23.1,0,65
2024-02-28,Store_B,Product_B,23.8,0,80
2024-02-28,Store_B,Product_C,21.6,0,42
2024-02-28,Store_C,Product_A,23.6,0,46
2024-02-28,Store_C,Product_B,19.1,1,93
2024-02-28,Store_C,Product_C,23.1,0,38
2024-02-28,Store_D,Product_A,20.3,0,46
2024-02-28,Store_D,Product_B,23.1,1,94
2024-02-28,Store_D,Product_C,20.6,0,50
2024-02-29,Store_A,Product_A,21.0,0,50
2024-02-29,Store_A,Product_B,21.5,0,83
2024-02-29,Store_A,Product_C,22.6,0,44
2024-02-29,Store_B,Product_A,19.6,0,61
2024-02-29,Store_B,Product_B,22.2,0,85
2024-02-29,Store_B,Product_C,22.2,0,55
2024-02-29,Store_C,Product_A,17.9,0,45
2024-02-29,Store_C,Product_B,23.0,0,73
2024-02-29,Store_C,Product_C,18.8,0,39
2024-02-29,Store_D,Product_A,21.2,0,63
2024-02-29,Store_D,Product_B,23.5,1,96
2024-02-29,Store_D,Product_C,21.4,0,47
2024-03-01,Store_A,Product_A,20.2,0,55
2024-03-01,Store_A,Product_B,21.6,0,66
2024-03-01,Store_A,Product_C,21.1,1,45
2024-03-01,Store_B,Product_A,23.4,0,61
2024-03-01,Store_B,Product_B,22.0,0,79
2024-03-01,Store_B,Product_C,23.7,0,49
2024-03-01,Store_C,Product_A,21.2,0,50
2024-03-01,Store_C,Product_B,19.5,0,69
2024-03-01,Store_C,Product_C,20.5,0,33
2024-03-01,Store_D,Product_A,21.6,0,56
2024-03-01,Store_D,Product_B,23.4,0,90
2024-03-01,Store_D,Product_C,20.0,1,52
2024-03-02,Store_A,Product_A,20.0,0,64
2024-03-02,Store_A,Product_B,21.7,0,91
2024-03-02,Store_A,Product_C,19.9,0,45
2024-03-02,Store_B,Product_A,23.8,0,76
2024-03-02,Store_B,Product_B,24.8,0,104
2024-03-02,Store_B,Product_C,23.3,0,53
2024-03-02,Store_C,Product_A,25.2,1,69
2024-03-02,Store_C,Product_B,17.8,1,83
2024-03-02,Store_C,Product_C,22.8,0,45
2024-03-02,Store_D,Product_A,23.5,1,70
2024-03-02,Store_D,Product_B,19.2,1,93
2024-03-02,Store_D,Product_C,19.8,0,58
2024-03-03,Store_A,Product_A,19.9,1,75
2024-03-03,Store_A,Product_B,21.2,0,99
2024-03-03,Store_A,Product_C,21.1,0,49
2024-03-03,Store_B,Product_A,20.7,0,73
2024-03-03,Store_B,Product_B,20.2,0,107
2024-03-03,Store_B,Product_C,20.5,1,59
2024-03-03,Store_C,Product_A,20.4,0,49
2024-03-03,Store_C,Product_B,21.6,0,73
2024-03-03,Store_C,Product_C,23.5,0,44
2024-03-03,Store_D,Product_A,21.9,0,64
2024-03-03,Store_D,Product_B,24.8,0,102
2024-03-03,Store_D,Product_C,20.5,0,55
2024-03-04,Store_A,Product_A,21.3,1,67
2024-03-04,Store_A,Product_B,23.4,0,81
2024-03-04,Store_A,Product_C,22.4,0,40
2024-03-04,Store_B,Product_A,22.5,0,70
2024-03-04,Store_B,Product_B,22.2,1,91
2024-03-04,Store_B,Product_C,23.6,0,53
2024-03-04,Store_C,Product_A,20.5,0,46
2024-03-04,Store_C,Product_B,18.0,0,60
2024-03-04,Store_C,Product_C,24.3,0,43
2024-03-04,Store_D,Product_A,20.4,0,63
2024-03-04,Store_D,Product_B,20.4,0,81
2024-03-04,Store_D,Product_C,21.8,0,42
2024-03-05,Store_A,Product_A,19.3,0,51
2024-03-05,Store_A,Product_B,22.2,0,62
2024-03-05,Store_A,Product_C,23.7,0,38
2024-03-05,Store_B,Product_A,18.1,0,54
2024-03-05,Store_B,Product_B,22.4,0,92
2024-03-05,Store_B,Product_C,23.2,0,52
2024-03-05,Store_C,Product_A,24.5,0,47
2024-03-05,Store_C,Product_B,23.5,1,82
2024-03-05,Store_C,Product_C,19.5,0,40
2024-03-05,Store_D,Product_A,22.9,0,49
2024-03-05,Store_D,Product_B,21.5,0,81
2024-03-05,Store_D,Product_C,23.8,0,52
2024-03-06,Store_A,Product_A,20.5,0,52
2024-03-06,Store_A,Product_B,23.4,0,78
2024-03-06,Store_A,Product_C,22.7,0,39
2024-03-06,Store_B,Product_A,25.3,0,55
2024-03-06,Store_B,Product_B,20.5,0,80
2024-03-06,Store_B,Product_C,19.3,0,47
2024-03-06,Store_C,Product_A,21.2,0,46
2024-03-06,Store_C,Product_B,22.1,0,63
2024-03-06,Store_C,Product_C,19.0,0,44
2024-03-06,Store_D,Product_A,21.3,0,56
2024-03-06,Store_D,Product_B,25.1,0,88
2024-03-06,Store_D,Product_C,24.4,1,59
2024-03-07,Store_A,Product_A,22.9,0,59
2024-03-07,Store_A,Product_B,20.3,0,70
2024-03-07,Store_A,Product_C,21.8,0,41
2024-03-07,Store_B,Product_A,21.4,0,52
2024-03-07,Store_B,Product_B,22.8,1,119
2024-03-07,Store_B,Product_C,23.6,1,58
2024-03-07,Store_C,Product_A,23.6,0,48
2024-03-07,Store_C,Product_B,21.3,0,68
2024-03-07,Store_C,Product_C,24.1,0,39
2024-03-07,Store_D,Product_A,19.7,0,56
2024-03-07,Store_D,Product_B,20.7,1,93
2024-03-07,Store_D,Product_C,21.4,0,44
2024-03-08,Store_A,Product_A,19.3,0,55
2024-03-08,Store_A,Product_B,19.8,0,70
2024-03-08,Store_A,Product_C,23.3,0,48
2024-03-08,Store_B,Product_A,18.4,0,61
2024-03-08,Store_B,Product_B,20.8,0,93
2024-03-08,Store_B,Product_C,22.7,1,48
2024-03-08,Store_C,Product_A,22.4,1,56
2024-03-08,Store_C,Product_B,19.2,0,72
2024-03-08,Store_C,Product_C,23.8,0,38
2024-03-08,Store_D,Product_A,21.9,0,55
2024-03-08,Store_D,Product_B,20.6,0,78
2024-03-08,Store_D,Product_C,21.6,0,43
2024-03-09,Store_A,Product_A,22.0,1,76
2024-03-09,Store_A,Product_B,19.4,0,84
2024-03-09,Store_A,Product_C,23.5,1,61
2024-03-09,Store_B,Product_A,22.0,1,85
2024-03-09,Store_B,Product_B,22.5,0,101
2024-03-09,Store_B,Product_C,21.7,0,54
2024-03-09,Store_C,Product_A,21.7,0,55
2024-03-09,Store_C,Product_B,21.4,1,91
2024-03-09,Store_C,Product_C,19.2,0,41
2024-03-09,Store_D,Product_A,21.6,0,63
2024-03-09,Store_D,Product_B,24.0,0,87
2024-03-09,Store_D,Product_C,21.8,0,48
2024-03-10,Store_A,Product_A,23.3,0,59
2024-03-10,Store_A,Product_B,28.5,0,80
2024-03-10,Store_A,Product_C,25.5,0,49
2024-03-10,Store_B,Product_A,24.4,0,64
2024-03-10,Store_B,Product_B,21.0,0,126
2024-03-10,Store_B,Product_C,23.9,0,56
2024-03-10,Store_C,Product_A,22.7,0,58
2024-03-10,Store_C,Product_B,22.4,1,106
2024-03-10,Store_C,Product_C,21.9,0,42
2024-03-10,Store_D,Product_A,23.4,0,78
2024-03-10,Store_D,Product_B,23.1,0,108
2024-03-10,Store_D,Product_C,23.5,0,51
2024-03-11,Store_A,Product_A,26.1,0,56
2024-03-11,Store_A,Product_B,22.5,0,68
2024-03-11,Store_A,Product_C,18.1,0,43
2024-03-11,Store_B,Product_A,20.6,1,65
2024-03-11,Store_B,Product_B,23.2,1,96
2024-03-11,Store_B,Product_C,22.7,0,50
2024-03-11,Store_C,Product_A,22.5,0,44
2024-03-11,Store_C,Product_B,26.6,0,70
2024-03-11,Store_C,Product_C,23.9,0,36
2024-03-11,Store_D,Product_A,23.6,0,56
2024-03-11,Store_D,Product_B,23.4,0,94
2024-03-11,Store_D,Product_C,23.5,0,49
2024-03-12,Store_A,Product_A,25.6,1,58
2024-03-12,Store_A,Product_B,23.3,0,70
2024-03-12,Store_A,Product_C,23.2,0,47
2024-03-12,Store_B,Product_A,24.2,0,64
2024-03-12,Store_B,Product_B,22.1,0,88
2024-03-12,Store_B,Product_C,22.6,0,47
2024-03-12,Store_C,Product_A,23.9,1,51
2024-03-12,Store_C,Product_B,21.8,0,65
2024-03-12,Store_C,Product_C,19.7,0,38
2024-03-12,Store_D,Product_A,23.4,1,77
2024-03-12,Store_D,Product_B,23.9,0,84
2024-03-12,Store_D,Product_C,26.2,0,48
2024-03-13,Store_A,Product_A,18.1,0,53
2024-03-13,Store_A,Product_B,23.8,0,83
2024-03-13,Store_A,Product_C,22.3,0,42
2024-03-13,Store_B,Product_A,22.4,0,51
2024-03-13,Store_B,Product_B,20.3,0,85
2024-03-13,Store_B,Product_C,20.5,0,44
2024-03-13,Store_C,Product_A,24.1,0,52
2024-03-13,Store_C,Product_B,23.3,0,56
2024-03-13,Store_C,Product_C,22.5,1,49
2024-03-13,Store_D,Product_A,26.2,1,68
2024-03-13,Store_D,Product_B,22.8,0,74
2024-03-13,Store_D,Product_C,24.0,0,45
2024-03-14,Store_A,Product_A,20.5,1,64
2024-03-14,Store_A,Product_B,23.1,0,81
2024-03-14,Store_A,Product_C,24.6,0,45
2024-03-14,Store_B,Product_A,27.1,0,70
2024-03-14,Store_B,Product_B,20.3,0,103
2024-03-14,Store_B,Product_C,23.1,0,47
2024-03-14,Store_C,Product_A,27.7,0,52
2024-03-14,Store_C,Product_B,20.6,1,72
2024-03-14,Store_C,Product_C,23.8,0,37
2024-03-14,Store_D,Product_A,22.3,0,58
2024-03-14,Store_D,Product_B,20.3,0,98
2024-03-14,Store_D,Product_C,23.5,1,54
2024-03-15,Store_A,Product_A,19.8,0,52
2024-03-15,Store_A,Product_B,21.0,1,103
2024-03-15,Store_A,Product_C,25.6,0,46
2024-03-15,Store_B,Product_A,26.9,0,63
2024-03-15,Store_B,Product_B,25.9,0,93
2024-03-15,Store_B,Product_C,21.9,1,62
2024-03-15,Store_C,Product_A,23.0,0,49
2024-03-15,Store_C,Product_B,23.7,0,69
2024-03-15,Store_C,Product_C,17.7,0,37
2024-03-15,Store_D,Product_A,21.5,0,59
2024-03-15,Store_D,Product_B,22.6,0,90
2024-03-15,Store_D,Product_C,22.1,1,55
2024-03-16,Store_A,Product_A,21.5,0,66
2024-03-16,Store_A,Product_B,21.5,1,110
2024-03-16,Store_A,Product_C,26.8,0,47
2024-03-16,Store_B,Product_A,20.3,0,76
2024-03-16,Store_B,Product_B,18.9,0,115
2024-03-16,Store_B,Product_C,25.9,0,60
2024-03-16,Store_C,Product_A,21.5,0,48
2024-03-16,Store_C,Product_B,22.5,0,91
2024-03-16,Store_C,Product_C,23.8,0,46
2024-03-16,Store_D,Product_A,27.0,0,71
2024-03-16,Store_D,Product_B,26.3,1,110
2024-03-16,Store_D,Product_C,25.9,0,54
2024-03-17,Store_A,Product_A,23.9,0,54
2024-03-17,Store_A,Product_B,20.8,0,95
2024-03-17,Store_A,Product_C,23.3,0,53
2024-03-17,Store_B,Product_A,22.8,0,71
2024-03-17,Store_B,Product_B,21.6,0,97
2024-03-17,Store_B,Product_C,22.6,0,58
2024-03-17,Store_C,Product_A,24.2,0,55
2024-03-17,Store_C,Product_B,21.6,0,92
2024-03-17,Store_C,Product_C,20.4,0,39
2024-03-17,Store_D,Product_A,20.3,0,70
2024-03-17,Store_D,Product_B,21.2,0,82
2024-03-17,Store_D,Product_C,22.1,0,49
2024-03-18,Store_A,Product_A,27.0,0,51
2024-03-18,Store_A,Product_B,25.6,1,96
2024-03-18,Store_A,Product_C,23.3,0,43
2024-03-18,Store_B,Product_A,26.4,1,80
2024-03-18,Store_B,Product_B,24.2,0,90
2024-03-18,Store_B,Product_C,24.9,0,40
2024-03-18,Store_C,Product_A,25.4,0,52
2024-03-18,Store_C,Product_B,19.3,0,72
2024-03-18,Store_C,Product_C,21.7,0,38
2024-03-18,Store_D,Product_A,23.8,1,74
2024-03-18,Store_D,Product_B,24.0,0,79
2024-03-18,Store_D,Product_C,22.9,0,49
2024-03-19,Store_A,Product_A,23.2,0,58
2024-03-19,Store_A,Product_B,27.1,0,70
2024-03-19,Store_A,Product_C,22.6,0,41
2024-03-19,Store_B,Product_A,22.9,0,69
2024-03-19,Store_B,Product_B,23.7,0,80
2024-03-19,Store_B,Product_C,25.2,0,57
2024-03-19,Store_C,Product_A,23.3,0,50
2024-03-19,Store_C,Product_B,21.5,0,77
2024-03-19,Store_C,Product_C,22.2,0,34
2024-03-19,Store_D,Product_A,23.2,0,52
2024-03-19,Store_D,Product_B,24.8,0,83
2024-03-19,Store_D,Product_C,24.1,0,47
2024-03-20,Store_A,Product_A,21.0,1,54
2024-03-20,Store_A,Product_B,23.5,0,80
2024-03-20,Store_A,Product_C,25.9,0,42
2024-03-20,Store_B,Product_A,26.6,0,66
2024-03-20,Store_B,Product_B,20.0,1,120
2024-03-20,Store_B,Product_C,27.0,0,51
2024-03-20,Store_C,Product_A,21.6,0,52
2024-03-20,Store_C,Product_B,24.4,0,80
2024-03-20,Store_C,Product_C,25.3,0,33
2024-03-20,Store_D,Product_A,20.8,0,61
2024-03-20,Store_D,Product_B,22.8,0,89
2024-03-20,Store_D,Product_C,26.5,0,49
2024-03-21,Store_A,Product_A,22.3,0,61
2024-03-21,Store_A,Product_B,22.8,0,75
2024-03-21,Store_A,Product_C,24.7,1,52
2024-03-21,Store_B,Product_A,26.4,0,60
2024-03-21,Store_B,Product_B,26.4,0,95
2024-03-21,Store_B,Product_C,23.6,1,59
2024-03-21,Store_C,Product_A,25.2,0,45
2024-03-21,Store_C,Product_B,24.1,0,66
2024-03-21,Store_C,Product_C,22.3,0,40
2024-03-21,Store_D,Product_A,20.7,0,61
2024-03-21,Store_D,Product_B,23.2,0,87
2024-03-21,Store_D,Product_C,22.5,0,39
2024-03-22,Store_A,Product_A,26.7,0,51
2024-03-22,Store_A,Product_B,20.3,0,71
2024-03-22,Store_A,Product_C,24.3,1,53
2024-03-22,Store_B,Product_A,23.6,0,56
2024-03-22,Store_B,Product_B,24.0,0,83
2024-03-22,Store_B,Product_C,23.5,1,55
2024-03-22,Store_C,Product_A,26.4,0,45
2024-03-22,Store_C,Product_B,21.3,0,68
2024-03-22,Store_C,Product_C,20.8,0,41
2024-03-22,Store_D,Product_A,28.4,0,54
2024-03-22,Store_D,Product_B,24.5,0,91
2024-03-22,Store_D,Product_C,24.7,0,47
2024-03-23,Store_A,Product_A,25.4,1,72
2024-03-23,Store_A,Product_B,28.7,0,102
2024-03-23,Store_A,Product_C,28.1,0,46
2024-03-23,Store_B,Product_A,21.5,0,77
2024-03-23,Store_B,Product_B,27.9,0,95
2024-03-23,Store_B,Product_C,27.4,0,49
2024-03-23,Store_C,Product_A,24.3,0,54
2024-03-23,Store_C,Product_B,28.5,0,84
2024-03-23,Store_C,Product_C,22.6,0,43
2024-03-23,Store_D,Product_A,22.3,1,79
2024-03-23,Store_D,Product_B,24.1,0,100
2024-03-23,Store_D,Product_C,27.1,0,53
2024-03-24,Store_A,Product_A,24.7,1,86
2024-03-24,Store_A,Product_B,24.7,0,96
2024-03-24,Store_A,Product_C,22.6,1,56
2024-03-24,Store_B,Product_A,23.6,1,89
2024-03-24,Store_B,Product_B,25.9,0,107
2024-03-24,Store_B,Product_C,28.4,0,56
2024-03-24,Store_C,Product_A,26.6,0,58
2024-03-24,Store_C,Product_B,24.1,0,82
2024-03-24,Store_C,Product_C,24.3,0,42
2024-03-24,Store_D,Product_A,25.7,0,73
2024-03-24,Store_D,Product_B,23.6,0,98
2024-03-24,Store_D,Product_C,27.5,0,57
2024-03-25,Store_A,Product_A,27.8,0,51
2024-03-25,Store_A,Product_B,29.0,1,103
2024-03-25,Store_A,Product_C,24.9,0,37
2024-03-25,Store_B,Product_A,21.6,0,63
2024-03-25,Store_B,Product_B,21.0,0,95
2024-03-25,Store_B,Product_C,24.0,1,58
2024-03-25,Store_C,Product_A,27.2,0,50
2024-03-25,Store_C,Product_B,24.6,0,75
2024-03-25,Store_C,Product_C,28.2,0,38
2024-03-25,Store_D,Product_A,23.3,0,56
2024-03-25,Store_D,Product_B,22.8,0,84
2024-03-25,Store_D,Product_C,27.3,0,45
2024-03-26,Store_A,Product_A,26.9,0,52
2024-03-26,Store_A,Product_B,26.4,0,75
2024-03-26,Store_A,Product_C,25.7,1,51
2024-03-26,Store_B,Product_A,22.9,0,60
2024-03-26,Store_B,Product_B,26.0,1,108
2024-03-26,Store_B,Product_C,30.4,0,50
2024-03-26,Store_C,Product_A,23.6,1,61
2024-03-26,Store_C,Product_B,22.3,0,74
2024-03-26,Store_C,Product_C,26.4,0,38
2024-03-26,Store_D,Product_A,26.9,0,50
2024-03-26,Store_D,Product_B,22.3,0,97
2024-03-26,Store_D,Product_C,24.5,0,45
2024-03-27,Store_A,Product_A,25.3,0,57
2024-03-27,Store_A,Product_B,24.3,0,81
2024-03-27,Store_A,Product_C,26.3,0,36
2024-03-27,Store_B,Product_A,28.6,0,62
2024-03-27,Store_B,Product_B,23.8,0,93
2024-03-27,Store_B,Product_C,27.5,0,53
2024-03-27,Store_C,Product_A,23.8,1,60
2024-03-27,Store_C,Product_B,28.1,0,73
2024-03-27,Store_C,Product_C,24.1,0,45
2024-03-27,Store_D,Product_A,24.8,1,59
2024-03-27,Store_D,Product_B,23.2,0,79
2024-03-27,Store_D,Product_C,21.3,0,43
2024-03-28,Store_A,Product_A,27.8,0,57
2024-03-28,Store_A,Product_B,30.0,0,84
2024-03-28,Store_A,Product_C,26.6,1,46
2024-03-28,Store_B,Product_A,25.1,0,66
2024-03-28,Store_B,Product_B,25.4,0,99
2024-03-28,Store_B,Product_C,25.2,1,59
2024-03-28,Store_C,Product_A,25.4,1,52
2024-03-28,Store_C,Product_B,25.5,0,69
2024-03-28,Store_C,Product_C,26.0,0,41
2024-03-28,Store_D,Product_A,29.1,0,57
2024-03-28,Store_D,Product_B,26.9,0,83
2024-03-28,Store_D,Product_C,23.6,1,55
2024-03-29,Store_A,Product_A,25.5,0,48
2024-03-29,Store_A,Product_B,25.5,0,69
2024-03-29,Store_A,Product_C,26.0,1,57
2024-03-29,Store_B,Product_A,25.8,0,66
2024-03-29,Store_B,Product_B,20.9,0,96
2024-03-29,Store_B,Product_C,24.9,0,51
2024-03-29,Store_C,Product_A,22.9,0,41
2024-03-29,Store_C,Product_B,17.1,0,64
2024-03-29,Store_C,Product_C,27.8,1,40
2024-03-29,Store_D,Product_A,25.4,0,61
2024-03-29,Store_D,Product_B,23.4,0,81
2024-03-29,Store_D,Product_C,25.4,0,49
2024-03-30,Store_A,Product_A,26.3,1,79
2024-03-30,Store_A,Product_B,25.2,1,114
2024-03-30,Store_A,Product_C,24.7,0,49
2024-03-30,Store_B,Product_A,26.6,0,73
2024-03-30,Store_B,Product_B,25.0,0,103
2024-03-30,Store_B,Product_C,25.4,0,52
2024-03-30,Store_C,Product_A,25.6,0,49
2024-03-30,Store_C,Product_B,25.4,0,74
2024-03-30,Store_C,Product_C,24.5,0,44
2024-03-30,Store_D,Product_A,29.8,0,73
2024-03-30,Store_D,Product_B,27.7,0,99
2024-03-30,Store_D,Product_C,25.9,0,48
2024-03-31,Store_A,Product_A,26.6,0,66
2024-03-31,Store_A,Product_B,27.5,0,94
2024-03-31,Store_A,Product_C,23.3,1,52
2024-03-31,Store_B,Product_A,25.6,1,88
2024-03-31,Store_B,Product_B,24.4,0,110
2024-03-31,Store_B,Product_C,23.3,0,51
2024-03-31,Store_C,Product_A,28.5,0,50
2024-03-31,Store_C,Product_B,23.6,0,76
2024-03-31,Store_C,Product_C,26.9,0,44
2024-03-31,Store_D,Product_A,25.6,0,73
2024-03-31,Store_D,Product_B,25.2,0,90
2024-03-31,Store_D,Product_C,25.6,0,45
2024-04-01,Store_A,Product_A,26.8,0,61
2024-04-01,Store_A,Product_B,26.5,0,78
2024-04-01,Store_A,Product_C,24.0,0,39
2024-04-01,Store_B,Product_A,25.2,1,76
2024-04-01,Store_B,Product_B,27.6,0,99
2024-04-01,Store_B,Product_C,26.8,1,58
2024-04-01,Store_C,Product_A,24.1,0,47
2024-04-01,Store_C,Product_B,28.4,1,78
2024-04-01,Store_C,Product_C,24.5,1,45
2024-04-01,Store_D,Product_A,26.6,0,59
2024-04-01,Store_D,Product_B,25.6,0,80
2024-04-01,Store_D,Product_C,26.2,1,55
2024-04-02,Store_A,Product_A,23.8,0,56
2024-04-02,Store_A,Product_B,24.7,1,108
2024-04-02,Store_A,Product_C,24.7,0,39
2024-04-02,Store_B,Product_A,26.8,0,68
2024-04-02,Store_B,Product_B,25.4,0,81
2024-04-02,Store_B,Product_C,26.9,0,47
2024-04-02,Store_C,Product_A,25.1,0,40
2024-04-02,Store_C,Product_B,26.5,0,70
2024-04-02,Store_C,Product_C,26.2,1,46
2024-04-02,Store_D,Product_A,23.3,0,58
2024-04-02,Store_D,Product_B,28.5,0,88
2024-04-02,Store_D,Product_C,27.8,0,47
2024-04-03,Store_A,Product_A,22.7,0,55
2024-04-03,Store_A,Product_B,22.2,0,76
2024-04-03,Store_A,Product_C,26.7,0,43
2024-04-03,Store_B,Product_A,23.4,1,80
2024-04-03,Store_B,Product_B,26.5,0,84
2024-04-03,Store_B,Product_C,26.7,1,58
2024-04-03,Store_C,Product_A,23.8,1,55
2024-04-03,Store_C,Product_B,31.0,0,62
2024-04-03,Store_C,Product_C,22.9,0,35
2024-04-03,Store_D,Product_A,28.4,0,63
2024-04-03,Store_D,Product_B,27.0,1,111
2024-04-03,Store_D,Product_C,27.8,1,55
2024-04-04,Store_A,Product_A,22.0,1,60
2024-04-04,Store_A,Product_B,26.8,0,79
2024-04-04,Store_A,Product_C,24.2,0,43
2024-04-04,Store_B,Product_A,26.6,0,59
2024-04-04,Store_B,Product_B,24.0,0,82
2024-04-04,Store_B,Product_C,27.7,0,47
2024-04-04,Store_C,Product_A,23.5,0,53
2024-04-04,Store_C,Product_B,22.1,1,81
2024-04-04,Store_C,Product_C,28.6,0,38
2024-04-04,Store_D,Product_A,26.6,0,71
2024-04-04,Store_D,Product_B,27.4,0,78
2024-04-04,Store_D,Product_C,29.5,1,63
2024-04-05,Store_A,Product_A,23.9,0,54
2024-04-05,Store_A,Product_B,26.2,0,75
2024-04-05,Store_A,Product_C,27.7,0,42
2024-04-05,Store_B,Product_A,27.6,0,64
2024-04-05,Store_B,Product_B,26.7,0,99
2024-04-05,Store_B,Product_C,25.4,0,52
2024-04-05,Store_C,Product_A,23.1,0,52
2024-04-05,Store_C,Product_B,25.1,0,68
2024-04-05,Store_C,Product_C,26.9,0,38
2024-04-05,Store_D,Product_A,24.6,1,73
2024-04-05,Store_D,Product_B,29.1,0,87
2024-04-05,Store_D,Product_C,26.6,1,48
2024-04-06,Store_A,Product_A,26.8,1,72
2024-04-06,Store_A,Product_B,27.8,1,106
2024-04-06,Store_A,Product_C,24.7,0,51
2024-04-06,Store_B,Product_A,27.1,0,77
2024-04-06,Store_B,Product_B,26.5,0,101
2024-04-06,Store_B,Product_C,26.8,1,70
2024-04-06,Store_C,Product_A,27.7,0,62
2024-04-06,Store_C,Product_B,26.9,0,85
2024-04-06,Store_C,Product_C,25.8,0,42
2024-04-06,Store_D,Product_A,24.5,0,63
2024-04-06,Store_D,Product_B,27.2,0,93
2024-04-06,Store_D,Product_C,24.1,0,53
2024-04-07,Store_A,Product_A,29.0,0,60
2024-04-07,Store_A,Product_B,27.5,0,80
2024-04-07,Store_A,Product_C,30.0,0,50
2024-04-07,Store_B,Product_A,28.4,1,95
2024-04-07,Store_B,Product_B,29.9,1,138
2024-04-07,Store_B,Product_C,28.8,0,59
2024-04-07,Store_C,Product_A,24.4,0,54
2024-04-07,Store_C,Product_B,26.6,0,81
2024-04-07,Store_C,Product_C,25.2,1,58
2024-04-07,Store_D,Product_A,29.5,0,72
2024-04-07,Store_D,Product_B,30.6,0,103
2024-04-07,Store_D,Product_C,26.5,1,64
2024-04-08,Store_A,Product_A,25.5,0,57
2024-04-08,Store_A,Product_B,25.4,0,88
2024-04-08,Store_A,Product_C,27.9,1,53
2024-04-08,Store_B,Product_A,25.4,0,73
2024-04-08,Store_B,Product_B,25.2,0,85
2024-04-08,Store_B,Product_C,25.5,0,46
2024-04-08,Store_C,Product_A,25.4,0,40
2024-04-08,Store_C,Product_B,24.8,0,69
2024-04-08,Store_C,Product_C,26.8,0,37
2024-04-08,Store_D,Product_A,25.4,0,66
2024-04-08,Store_D,Product_B,26.7,0,78
2024-04-08,Store_D,Product_C,29.9,1,54
2024-04-09,Store_A,Product_A,25.5,0,56
2024-04-09,Store_A,Product_B,27.2,0,75
2024-04-09,Store_A,Product_C,23.6,0,46
2024-04-09,Store_B,Product_A,28.3,0,62
2024-04-09,Store_B,Product_B,29.4,0,92
2024-04-09,Store_B,Product_C,27.0,0,45
2024-04-09,Store_C,Product_A,28.5,0,52
2024-04-09,Store_C,Product_B,24.4,0,74
2024-04-09,Store_C,Product_C,26.8,0,35
2024-04-09,Store_D,Product_A,26.8,0,51
2024-04-09,Store_D,Product_B,27.4,0,76
2024-04-09,Store_D,Product_C,28.2,0,38
2024-04-10,Store_A,Product_A,28.0,0,57
2024-04-10,Store_A,Product_B,29.7,0,74
2024-04-10,Store_A,Product_C,27.7,0,36
2024-04-10,Store_B,Product_A,26.3,1,59
2024-04-10,Store_B,Product_B,22.4,0,92
2024-04-10,Store_B,Product_C,27.7,0,38
2024-04-10,Store_C,Product_A,26.2,0,47
2024-04-10,Store_C,Product_B,24.3,0,61
2024-04-10,Store_C,Product_C,26.9,0,32
2024-04-10,Store_D,Product_A,28.4,0,54
2024-04-10,Store_D,Product_B,29.5,0,83
2024-04-10,Store_D,Product_C,27.1,0,49
2024-04-11,Store_A,Product_A,27.3,0,55
2024-04-11,Store_A,Product_B,26.1,0,88
2024-04-11,Store_A,Product_C,27.9,0,40
2024-04-11,Store_B,Product_A,28.2,0,54
2024-04-11,Store_B,Product_B,27.0,0,101
2024-04-11,Store_B,Product_C,26.9,0,55
2024-04-11,Store_C,Product_A,26.5,0,52
2024-04-11,Store_C,Product_B,27.0,0,67
2024-04-11,Store_C,Product_C,23.6,0,39
2024-04-11,Store_D,Product_A,28.8,0,54
2024-04-11,Store_D,Product_B,28.8,0,91
2024-04-11,Store_D,Product_C,26.2,0,39
2024-04-12,Store_A,Product_A,30.7,0,52
2024-04-12,Store_A,Product_B,27.6,0,76
2024-04-12,Store_A,Product_C,25.2,0,43
2024-04-12,Store_B,Product_A,24.0,0,58
2024-04-12,Store_B,Product_B,28.1,0,98
2024-04-12,Store_B,Product_C,27.1,0,48
2024-04-12,Store_C,Product_A,24.7,0,51
2024-04-12,Store_C,Product_B,24.8,0,75
2024-04-12,Store_C,Product_C,26.5,1,38
2024-04-12,Store_D,Product_A,28.7,0,54
2024-04-12,Store_D,Product_B,27.1,0,74
2024-04-12,Store_D,Product_C,28.3,0,50
2024-04-13,Store_A,Product_A,25.8,0,66
2024-04-13,Store_A,Product_B,26.3,1,121
2024-04-13,Store_A,Product_C,30.2,0,43
2024-04-13,Store_B,Product_A,28.7,0,75
2024-04-13,Store_B,Product_B,27.0,0,88
2024-04-13,Store_B,Product_C,24.0,0,55
2024-04-13,Store_C,Product_A,26.3,0,53
2024-04-13,Store_C,Product_B,27.3,0,86
2024-04-13,Store_C,Product_C,31.7,1,55
2024-04-13,Store_D,Product_A,26.1,1,76
2024-04-13,Store_D,Product_B,26.8,0,96
2024-04-13,Store_D,Product_C,28.0,1,63
2024-04-14,Store_A,Product_A,26.5,0,62
2024-04-14,Store_A,Product_B,22.3,0,86
2024-04-14,Store_A,Product_C,28.8,0,48
2024-04-14,Store_B,Product_A,28.6,0,73
2024-04-14,Store_B,Product_B,26.6,0,101
2024-04-14,Store_B,Product_C,23.3,0,56
2024-04-14,Store_C,Product_A,25.5,0,56
2024-04-14,Store_C,Product_B,28.7,0,81
2024-04-14,Store_C,Product_C,27.0,0,41
2024-04-14,Store_D,Product_A,28.5,0,60
2024-04-14,Store_D,Product_B,32.0,0,91
2024-04-14,Store_D,Product_C,29.8,0,50
2024-04-15,Store_A,Product_A,22.7,0,52
2024-04-15,Store_A,Product_B,27.4,1,94
2024-04-15,Store_A,Product_C,25.8,0,43
2024-04-15,Store_B,Product_A,28.1,0,65
2024-04-15,Store_B,Product_B,26.7,0,95
2024-04-15,Store_B,Product_C,29.8,1,59
2024-04-15,Store_C,Product_A,27.7,0,42
2024-04-15,Store_C,Product_B,26.5,1,102
2024-04-15,Store_C,Product_C,25.9,1,43
2024-04-15,Store_D,Product_A,27.8,0,55
2024-04-15,Store_D,Product_B,31.3,0,84
2024-04-15,Store_D,Product_C,26.0,0,45
2024-04-16,Store_A,Product_A,28.5,0,55
2024-04-16,Store_A,Product_B,29.1,0,78
2024-04-16,Store_A,Product_C,31.7,0,46
2024-04-16,Store_B,Product_A,26.8,0,64
2024-04-16,Store_B,Product_B,28.6,1,111
2024-04-16,Store_B,Product_C,32.0,0,49
2024-04-16,Store_C,Product_A,29.4,1,59
2024-04-16,Store_C,Product_B,28.2,0,57
2024-04-16,Store_C,Product_C,27.9,0,38
2024-04-16,Store_D,Product_A,29.4,0,61
2024-04-16,Store_D,Product_B,27.9,0,92
2024-04-16,Store_D,Product_C,27.1,0,42
2024-04-17,Store_A,Product_A,27.4,0,55
2024-04-17,Store_A,Product_B,28.6,1,88
2024-04-17,Store_A,Product_C,30.3,0,47
2024-04-17,Store_B,Product_A,28.2,0,60
2024-04-17,Store_B,Product_B,29.1,0,91
2024-04-17,Store_B,Product_C,27.8,0,49
2024-04-17,Store_C,Product_A,30.6,0,48
2024-04-17,Store_C,Product_B,27.7,0,80
2024-04-17,Store_C,Product_C,28.3,0,36
2024-04-17,Store_D,Product_A,29.4,0,52
2024-04-17,Store_D,Product_B,30.5,0,75
2024-04-17,Store_D,Product_C,26.4,0,48
2024-04-18,Store_A,Product_A,29.2,0,58
2024-04-18,Store_A,Product_B,26.4,0,85
2024-04-18,Store_A,Product_C,27.9,0,38
2024-04-18,Store_B,Product_A,26.4,0,61
2024-04-18,Store_B,Product_B,24.9,0,74
2024-04-18,Store_B,Product_C,30.4,0,45
2024-04-18,Store_C,Product_A,26.1,0,54
2024-04-18,Store_C,Product_B,29.0,0,70
2024-04-18,Store_C,Product_C,28.0,1,44
2024-04-18,Store_D,Product_A,27.8,0,59
2024-04-18,Store_D,Product_B,29.4,0,97
2024-04-18,Store_D,Product_C,28.6,0,47
2024-04-19,Store_A,Product_A,32.2,0,51
2024-04-19,Store_A,Product_B,27.3,0,77
2024-04-19,Store_A,Product_C,30.6,0,42
2024-04-19,Store_B,Product_A,23.7,0,63
2024-04-19,Store_B,Product_B,28.4,0,86
2024-04-19,Store_B,Product_C,28.7,1,51
2024-04-19,Store_C,Product_A,29.2,0,45
2024-04-19,Store_C,Product_B,27.9,0,75
2024-04-19,Store_C,Product_C,26.2,0,39
2024-04-19,Store_D,Product_A,30.9,0,72
2024-04-19,Store_D,Product_B,26.7,0,86
2024-04-19,Store_D,Product_C,31.6,0,48
2024-04-20,Store_A,Product_A,25.2,0,66
2024-04-20,Store_A,Product_B,29.5,0,96
2024-04-20,Store_A,Product_C,28.9,0,48
2024-04-20,Store_B,Product_A,29.0,0,75
2024-04-20,Store_B,Product_B,26.1,1,115
2024-04-20,Store_B,Product_C,27.0,0,54
2024-04-20,Store_C,Product_A,28.6,0,54
2024-04-20,Store_C,Product_B,28.7,0,83
2024-04-20,Store_C,Product_C,30.7,0,41
2024-04-20,Store_D,Product_A,29.3,0,69
2024-04-20,Store_D,Product_B,26.2,0,86
2024-04-20,Store_D,Product_C,25.8,0,49
2024-04-21,Store_A,Product_A,27.6,0,65
2024-04-21,Store_A,Product_B,29.2,1,115
2024-04-21,Store_A,Product_C,27.7,0,47
2024-04-21,Store_B,Product_A,27.4,0,84
2024-04-21,Store_B,Product_B,28.0,0,92
2024-04-21,Store_B,Product_C,31.9,0,52
2024-04-21,Store_C,Product_A,25.7,0,51
2024-04-21,Store_C,Product_B,27.3,0,87
2024-04-21,Store_C,Product_C,27.5,0,40
2024-04-21,Store_D,Product_A,29.4,0,58
2024-04-21,Store_D,Product_B,27.5,0,90
2024-04-21,Store_D,Product_C,26.3,0,53
2024-04-22,Store_A,Product_A,30.5,0,56
2024-04-22,Store_A,Product_B,25.9,0,80
2024-04-22,Store_A,Product_C,30.8,0,40
2024-04-22,Store_B,Product_A,27.2,0,66
2024-04-22,Store_B,Product_B,30.9,0,84
2024-04-22,Store_B,Product_C,24.6,0,55
2024-04-22,Store_C,Product_A,26.7,0,45
2024-04-22,Store_C,Product_B,25.7,0,73
2024-04-22,Store_C,Product_C,28.1,0,40
2024-04-22,Store_D,Product_A,29.2,0,59
2024-04-22,Store_D,Product_B,32.6,0,77
2024-04-22,Store_D,Product_C,25.4,0,44
2024-04-23,Store_A,Product_A,26.4,1,61
2024-04-23,Store_A,Product_B,29.8,0,68
2024-04-23,Store_A,Product_C,32.9,1,49
2024-04-23,Store_B,Product_A,29.7,0,59
2024-04-23,Store_B,Product_B,27.0,0,102
2024-04-23,Store_B,Product_C,26.5,0,51
2024-04-23,Store_C,Product_A,31.2,0,43
2024-04-23,Store_C,Product_B,23.3,0,64
2024-04-23,Store_C,Product_C,28.2,0,36
2024-04-23,Store_D,Product_A,29.8,0,60
2024-04-23,Store_D,Product_B,28.3,1,104
2024-04-23,Store_D,Product_C,28.0,0,39
2024-04-24,Store_A,Product_A,30.5,0,52
2024-04-24,Store_A,Product_B,26.8,1,94
2024-04-24,Store_A,Product_C,32.2,0,43
2024-04-24,Store_B,Product_A,29.9,0,62
2024-04-24,Store_B,Product_B,27.0,0,86
2024-04-24,Store_B,Product_C,28.8,0,41
2024-04-24,Store_C,Product_A,29.6,0,54
2024-04-24,Store_C,Product_B,28.4,0,60
2024-04-24,Store_C,Product_C,30.3,0,36
2024-04-24,Store_D,Product_A,26.4,0,60
2024-04-24,Store_D,Product_B,29.1,0,70
2024-04-24,Store_D,Product_C,27.2,0,49
2024-04-25,Store_A,Product_A,29.0,0,56
2024-04-25,Store_A,Product_B,27.3,1,97
2024-04-25,Store_A,Product_C,23.9,0,43
2024-04-25,Store_B,Product_A,30.2,0,60
2024-04-25,Store_B,Product_B,30.2,0,88
2024-04-25,Store_B,Product_C,32.3,0,41
2024-04-25,Store_C,Product_A,30.1,0,49
2024-04-25,Store_C,Product_B,27.5,0,63
2024-04-25,Store_C,Product_C,29.8,0,36
2024-04-25,Store_D,Product_A,28.8,0,61
2024-04-25,Store_D,Product_B,31.1,0,80
2024-04-25,Store_D,Product_C,28.4,1,52
2024-04-26,Store_A,Product_A,29.0,0,60
2024-04-26,Store_A,Product_B,30.0,0,84
2024-04-26,Store_A,Product_C,26.2,0,46
2024-04-26,Store_B,Product_A,25.0,0,68
2024-04-26,Store_B,Product_B,31.7,0,75
2024-04-26,Store_B,Product_C,30.5,0,45
2024-04-26,Store_C,Product_A,28.4,1,56
2024-04-26,Store_C,Product_B,27.2,1,92
2024-04-26,Store_C,Product_C,24.8,0,35
2024-04-26,Store_D,Product_A,29.7,0,60
2024-04-26,Store_D,Product_B,26.5,0,82
2024-04-26,Store_D,Product_C,27.6,0,46
2024-04-27,Store_A,Product_A,26.1,0,62
2024-04-27,Store_A,Product_B,28.4,0,79
2024-04-27,Store_A,Product_C,26.5,0,47
2024-04-27,Store_B,Product_A,30.0,0,66
2024-04-27,Store_B,Product_B,31.2,0,101
2024-04-27,Store_B,Product_C,32.3,0,56
2024-04-27,Store_C,Product_A,30.5,0,59
2024-04-27,Store_C,Product_B,29.8,0,87
2024-04-27,Store_C,Product_C,32.5,1,51
2024-04-27,Store_D,Product_A,27.1,1,73
2024-04-27,Store_D,Product_B,26.4,0,98
2024-04-27,Store_D,Product_C,27.3,1,66
2024-04-28,Store_A,Product_A,31.0,0,62
2024-04-28,Store_A,Product_B,28.9,0,83
2024-04-28,Store_A,Product_C,30.4,0,49
2024-04-28,Store_B,Product_A,30.1,0,73
2024-04-28,Store_B,Product_B,33.7,0,103
2024-04-28,Store_B,Product_C,30.5,1,64
2024-04-28,Store_C,Product_A,32.7,0,54
2024-04-28,Store_C,Product_B,30.1,1,113
2024-04-28,Store_C,Product_C,27.6,1,52
2024-04-28,Store_D,Product_A,30.8,0,69
2024-04-28,Store_D,Product_B,29.6,1,113
2024-04-28,Store_D,Product_C,27.6,0,53
2024-04-29,Store_A,Product_A,28.7,0,57
2024-04-29,Store_A,Product_B,27.4,1,93
2024-04-29,Store_A,Product_C,32.1,0,43
2024-04-29,Store_B,Product_A,31.5,1,83
2024-04-29,Store_B,Product_B,25.9,0,99
2024-04-29,Store_B,Product_C,26.7,0,52
2024-04-29,Store_C,Product_A,30.3,1,60
2024-04-29,Store_C,Product_B,24.7,0,64
2024-04-29,Store_C,Product_C,27.4,1,44
2024-04-29,Store_D,Product_A,27.0,0,58
2024-04-29,Store_D,Product_B,32.5,0,99
2024-04-29,Store_D,Product_C,26.9,0,46
2024-04-30,Store_A,Product_A,32.1,0,47
2024-04-30,Store_A,Product_B,27.7,0,66
2024-04-30,Store_A,Product_C,27.5,0,41
2024-04-30,Store_B,Product_A,25.9,0,62
2024-04-30,Store_B,Product_B,30.8,0,87
2024-04-30,Store_B,Product_C,29.7,1,59
2024-04-30,Store_C,Product_A,30.3,0,53
2024-04-30,Store_C,Product_B,30.3,1,78
2024-04-30,Store_C,Product_C,32.7,0,36
2024-04-30,Store_D,Product_A,25.3,0,51
2024-04-30,Store_D,Product_B,31.9,1,95
2024-04-30,Store_D,Product_C,28.6,1,56
2024-05-01,Store_A,Product_A,26.7,0,49
2024-05-01,Store_A,Product_B,28.7,0,76
2024-05-01,Store_A,Product_C,27.4,0,45
2024-05-01,Store_B,Product_A,31.8,1,80
2024-05-01,Store_B,Product_B,26.9,0,87
2024-05-01,Store_B,Product_C,32.7,0,45
2024-05-01,Store_C,Product_A,31.4,0,45
2024-05-01,Store_C,Product_B,30.9,0,72
2024-05-01,Store_C,Product_C,28.1,1,52
2024-05-01,Store_D,Product_A,26.6,0,59
2024-05-01,Store_D,Product_B,30.2,0,84
2024-05-01,Store_D,Product_C,28.8,0,46
2024-05-02,Store_A,Product_A,26.9,1,71
2024-05-02,Store_A,Product_B,28.0,0,71
2024-05-02,Store_A,Product_C,32.3,0,38
2024-05-02,Store_B,Product_A,30.3,0,54
2024-05-02,Store_B,Product_B,30.9,0,94
2024-05-02,Store_B,Product_C,31.3,0,47
2024-05-02,Store_C,Product_A,29.2,0,47
2024-05-02,Store_C,Product_B,30.2,0,79
2024-05-02,Store_C,Product_C,27.7,0,35
2024-05-02,Store_D,Product_A,32.9,0,60
2024-05-02,Store_D,Product_B,28.3,0,84
2024-05-02,Store_D,Product_C,27.5,0,50
2024-05-03,Store_A,Product_A,30.0,0,54
2024-05-03,Store_A,Product_B,33.0,0,76
2024-05-03,Store_A,Product_C,28.1,0,44
2024-05-03,Store_B,Product_A,32.5,0,64
2024-05-03,Store_B,Product_B,30.1,0,84
2024-05-03,Store_B,Product_C,29.0,0,47
2024-05-03,Store_C,Product_A,26.0,0,52
2024-05-03,Store_C,Product_B,28.9,0,66
2024-05-03,Store_C,Product_C,29.8,0,34
2024-05-03,Store_D,Product_A,28.4,0,55
2024-05-03,Store_D,Product_B,28.6,1,117
2024-05-03,Store_D,Product_C,31.6,0,42
2024-05-04,Store_A,Product_A,26.3,0,57
2024-05-04,Store_A,Product_B,29.7,0,93
2024-05-04,Store_A,Product_C,30.0,0,55
2024-05-04,Store_B,Product_A,27.6,0,72
2024-05-04,Store_B,Product_B,32.1,0,106
2024-05-04,Store_B,Product_C,27.8,0,56
2024-05-04,Store_C,Product_A,29.5,1,62
2024-05-04,Store_C,Product_B,28.4,1,97
2024-05-04,Store_C,Product_C,29.3,1,53
2024-05-04,Store_D,Product_A,25.3,0,61
2024-05-04,Store_D,Product_B,30.5,0,102
2024-05-04,Store_D,Product_C,31.1,0,57
2024-05-05,Store_A,Product_A,30.0,0,60
2024-05-05,Store_A,Product_B,29.8,0,103
2024-05-05,Store_A,Product_C,26.0,0,47
2024-05-05,Store_B,Product_A,29.5,0,76
2024-05-05,Store_B,Product_B,28.0,0,105
2024-05-05,Store_B,Product_C,31.7,0,57
2024-05-05,Store_C,Product_A,28.0,0,50
2024-05-05,Store_C,Product_B,31.8,0,83
2024-05-05,Store_C,Product_C,27.7,0,36
2024-05-05,Store_D,Product_A,28.7,0,59
2024-05-05,Store_D,Product_B,28.4,0,112
2024-05-05,Store_D,Product_C,29.8,1,70
2024-05-06,Store_A,Product_A,31.4,1,68
2024-05-06,Store_A,Product_B,28.0,1,86
2024-05-06,Store_A,Product_C,30.1,0,39
2024-05-06,Store_B,Product_A,27.3,0,61
2024-05-06,Store_B,Product_B,28.2,0,86
2024-05-06,Store_B,Product_C,27.5,1,52
2024-05-06,Store_C,Product_A,32.5,0,51
2024-05-06,Store_C,Product_B,33.3,0,74
2024-05-06,Store_C,Product_C,29.9,0,39
2024-05-06,Store_D,Product_A,30.1,0,64
2024-05-06,Store_D,Product_B,31.6,0,88
2024-05-06,Store_D,Product_C,27.8,0,44
2024-05-07,Store_A,Product_A,26.9,1,58
2024-05-07,Store_A,Product_B,30.4,0,76
2024-05-07,Store_A,Product_C,32.2,0,36
2024-05-07,Store_B,Product_A,29.7,1,75
2024-05-07,Store_B,Product_B,28.2,0,89
2024-05-07,Store_B,Product_C,27.8,0,50
2024-05-07,Store_C,Product_A,26.5,0,52
2024-05-07,Store_C,Product_B,31.4,0,73
2024-05-07,Store_C,Product_C,32.5,0,32
2024-05-07,Store_D,Product_A,29.1,0,63
2024-05-07,Store_D,Product_B,28.4,0,85
2024-05-07,Store_D,Product_C,27.2,0,43
2024-05-08,Store_A,Product_A,30.4,0,48
2024-05-08,Store_A,Product_B,28.9,0,72
2024-05-08,Store_A,Product_C,29.8,0,30
2024-05-08,Store_B,Product_A,30.9,0,66
2024-05-08,Store_B,Product_B,32.3,0,84
2024-05-08,Store_B,Product_C,29.4,0,44
2024-05-08,Store_C,Product_A,32.4,0,48
2024-05-08,Store_C,Product_B,31.7,0,68
2024-05-08,Store_C,Product_C,26.7,0,38
2024-05-08,Store_D,Product_A,26.2,1,77
2024-05-08,Store_D,Product_B,30.6,0,85
2024-05-08,Store_D,Product_C,27.3,0,44
2024-05-09,Store_A,Product_A,29.6,1,72
2024-05-09,Store_A,Product_B,30.1,0,69
2024-05-09,Store_A,Product_C,32.1,1,50
2024-05-09,Store_B,Product_A,30.8,0,57
2024-05-09,Store_B,Product_B,28.8,0,98
2024-05-09,Store_B,Product_C,30.6,0,53
2024-05-09,Store_C,Product_A,29.7,0,44
2024-05-09,Store_C,Product_B,31.9,1,83
2024-05-09,Store_C,Product_C,29.2,0,40
2024-05-09,Store_D,Product_A,27.3,0,54
2024-05-09,Store_D,Product_B,29.6,0,79
2024-05-09,Store_D,Product_C,29.9,1,55
2024-05-10,Store_A,Product_A,28.8,0,50
2024-05-10,Store_A,Product_B,29.6,0,77
2024-05-10,Store_A,Product_C,26.2,0,39
2024-05-10,Store_B,Product_A,27.7,1,74
2024-05-10,Store_B,Product_B,32.2,0,81
2024-05-10,Store_B,Product_C,30.1,0,49
2024-05-10,Store_C,Product_A,32.6,0,43
2024-05-10,Store_C,Product_B,32.4,0,67
2024-05-10,Store_C,Product_C,23.7,0,43
2024-05-10,Store_D,Product_A,33.6,1,74
2024-05-10,Store_D,Product_B,31.4,0,90
2024-05-10,Store_D,Product_C,28.2,1,52
2024-05-11,Store_A,Product_A,31.9,0,64
2024-05-11,Store_A,Product_B,27.9,0,87
2024-05-11,Store_A,Product_C,31.1,0,44
2024-05-11,Store_B,Product_A,32.3,0,75
2024-05-11,Store_B,Product_B,29.4,0,94
2024-05-11,Store_B,Product_C,28.9,1,68
2024-05-11,Store_C,Product_A,28.9,0,57
2024-05-11,Store_C,Product_B,32.6,0,83
2024-05-11,Store_C,Product_C,29.3,0,40
2024-05-11,Store_D,Product_A,31.6,1,85
2024-05-11,Store_D,Product_B,28.1,0,101
2024-05-11,Store_D,Product_C,28.4,0,51
2024-05-12,Store_A,Product_A,32.5,1,65
2024-05-12,Store_A,Product_B,31.9,0,87
2024-05-12,Store_A,Product_C,27.3,0,53
2024-05-12,Store_B,Product_A,30.1,1,101
2024-05-12,Store_B,Product_B,27.8,0,95
2024-05-12,Store_B,Product_C,28.3,0,63
2024-05-12,Store_C,Product_A,29.9,1,65
2024-05-12,Store_C,Product_B,31.2,0,80
2024-05-12,Store_C,Product_C,32.1,0,45
2024-05-12,Store_D,Product_A,34.5,0,69
2024-05-12,Store_D,Product_B,31.1,1,118
2024-05-12,Store_D,Product_C,30.2,0,56
2024-05-13,Store_A,Product_A,30.3,0,58
2024-05-13,Store_A,Product_B,28.1,0,76
2024-05-13,Store_A,Product_C,28.0,1,46
2024-05-13,Store_B,Product_A,31.8,0,63
2024-05-13,Store_B,Product_B,31.4,0,91
2024-05-13,Store_B,Product_C,30.1,0,49
2024-05-13,Store_C,Product_A,30.6,0,43
2024-05-13,Store_C,Product_B,30.2,1,85
2024-05-13,Store_C,Product_C,32.7,0,36
2024-05-13,Store_D,Product_A,31.5,1,69
2024-05-13,Store_D,Product_B,32.4,0,86
2024-05-13,Store_D,Product_C,32.0,0,49
2024-05-14,Store_A,Product_A,29.1,0,54
2024-05-14,Store_A,Product_B,31.9,0,63
2024-05-14,Store_A,Product_C,30.8,0,47
2024-05-14,Store_B,Product_A,32.5,0,59
2024-05-14,Store_B,Product_B,32.2,0,81
2024-05-14,Store_B,Product_C,29.6,0,50
2024-05-14,Store_C,Product_A,30.2,0,45
2024-05-14,Store_C,Product_B,33.1,0,67
2024-05-14,Store_C,Product_C,30.9,0,35
2024-05-14,Store_D,Product_A,30.2,0,55
2024-05-14,Store_D,Product_B,31.8,0,83
2024-05-14,Store_D,Product_C,30.3,0,47
2024-05-15,Store_A,Product_A,30.2,0,55
2024-05-15,Store_A,Product_B,33.0,1,83
2024-05-15,Store_A,Product_C,31.6,0,38
2024-05-15,Store_B,Product_A,27.0,0,62
2024-05-15,Store_B,Product_B,29.1,0,91
2024-05-15,Store_B,Product_C,31.8,0,41
2024-05-15,Store_C,Product_A,26.8,1,54
2024-05-15,Store_C,Product_B,31.7,0,74
2024-05-15,Store_C,Product_C,32.2,0,38
2024-05-15,Store_D,Product_A,32.0,0,60
2024-05-15,Store_D,Product_B,32.8,0,76
2024-05-15,Store_D,Product_C,31.9,1,56
2024-05-16,Store_A,Product_A,27.9,0,51
2024-05-16,Store_A,Product_B,31.7,0,77
2024-05-16,Store_A,Product_C,30.6,0,41
2024-05-16,Store_B,Product_A,32.1,1,78
2024-05-16,Store_B,Product_B,31.0,0,80
2024-05-16,Store_B,Product_C,30.7,1,59
2024-05-16,Store_C,Product_A,27.0,0,40
2024-05-16,Store_C,Product_B,31.5,1,90
2024-05-16,Store_C,Product_C,30.3,0,36
2024-05-16,Store_D,Product_A,30.2,0,54
2024-05-16,Store_D,Product_B,30.0,1,97
2024-05-16,Store_D,Product_C,29.8,1,46
2024-05-17,Store_A,Product_A,32.8,0,58
2024-05-17,Store_A,Product_B,32.3,0,77
2024-05-17,Store_A,Product_C,32.0,0,39
2024-05-17,Store_B,Product_A,31.9,0,59
2024-05-17,Store_B,Product_B,31.1,0,93
2024-05-17,Store_B,Product_C,31.4,0,48
2024-05-17,Store_C,Product_A,30.4,0,43
2024-05-17,Store_C,Product_B,29.6,1,85
2024-05-17,Store_C,Product_C,29.3,0,31
2024-05-17,Store_D,Product_A,29.4,0,57
2024-05-17,Store_D,Product_B,29.2,0,85
2024-05-17,Store_D,Product_C,29.9,0,43
2024-05-18,Store_A,Product_A,29.7,1,74
2024-05-18,Store_A,Product_B,34.3,0,78
2024-05-18,Store_A,Product_C,31.8,0,49
2024-05-18,Store_B,Product_A,31.0,0,69
2024-05-18,Store_B,Product_B,30.1,0,84
2024-05-18,Store_B,Product_C,27.1,0,55
2024-05-18,Store_C,Product_A,32.8,0,62
2024-05-18,Store_C,Product_B,26.4,0,75
2024-05-18,Store_C,Product_C,30.7,0,44
2024-05-18,Store_D,Product_A,33.4,0,63
2024-05-18,Store_D,Product_B,27.5,0,94
2024-05-18,Store_D,Product_C,33.5,0,54
2024-05-19,Store_A,Product_A,33.1,0,57
2024-05-19,Store_A,Product_B,30.8,0,87
2024-05-19,Store_A,Product_C,30.3,0,47
2024-05-19,Store_B,Product_A,33.5,0,64
2024-05-19,Store_B,Product_B,31.0,0,96
2024-05-19,Store_B,Product_C,30.9,0,57
2024-05-19,Store_C,Product_A,32.3,0,50
2024-05-19,Store_C,Product_B,34.7,0,74
2024-05-19,Store_C,Product_C,32.1,0,41
2024-05-19,Store_D,Product_A,32.1,0,73
2024-05-19,Store_D,Product_B,31.5,0,98
2024-05-19,Store_D,Product_C,30.6,0,53
2024-05-20,Store_A,Product_A,33.0,0,50
2024-05-20,Store_A,Product_B,31.7,0,69
2024-05-20,Store_A,Product_C,28.5,0,39
2024-05-20,Store_B,Product_A,31.3,0,52
2024-05-20,Store_B,Product_B,27.6,0,86
2024-05-20,Store_B,Product_C,29.0,1,62
2024-05-20,Store_C,Product_A,33.6,0,50
2024-05-20,Store_C,Product_B,30.7,0,68
2024-05-20,Store_C,Product_C,33.4,1,49
2024-05-20,Store_D,Product_A,30.5,0,51
2024-05-20,Store_D,Product_B,30.6,1,98
2024-05-20,Store_D,Product_C,33.3,0,44
2024-05-21,Store_A,Product_A,29.5,0,48
2024-05-21,Store_A,Product_B,30.1,0,82
2024-05-21,Store_A,Product_C,30.3,0,45
2024-05-21,Store_B,Product_A,29.4,0,61
2024-05-21,Store_B,Product_B,32.6,0,92
2024-05-21,Store_B,Product_C,30.1,0,41
2024-05-21,Store_C,Product_A,32.4,0,47
2024-05-21,Store_C,Product_B,28.9,0,70
2024-05-21,Store_C,Product_C,31.2,1,47
2024-05-21,Store_D,Product_A,28.5,0,50
2024-05-21,Store_D,Product_B,32.1,1,112
2024-05-21,Store_D,Product_C,29.0,0,41
2024-05-22,Store_A,Product_A,28.8,0,51
2024-05-22,Store_A,Product_B,27.8,0,64
2024-05-22,Store_A,Product_C,31.5,0,40
2024-05-22,Store_B,Product_A,31.5,1,76
2024-05-22,Store_B,Product_B,30.8,0,92
2024-05-22,Store_B,Product_C,30.3,0,41
2024-05-22,Store_C,Product_A,30.7,0,42
2024-05-22,Store_C,Product_B,26.1,0,61
2024-05-22,Store_C,Product_C,34.2,0,36
2024-05-22,Store_D,Product_A,29.5,1,69
2024-05-22,Store_D,Product_B,32.4,0,85
2024-05-22,Store_D,Product_C,30.3,0,44
2024-05-23,Store_A,Product_A,27.9,0,53
2024-05-23,Store_A,Product_B,29.4,0,76
2024-05-23,Store_A,Product_C,27.7,0,43
2024-05-23,Store_B,Product_A,29.3,0,53
2024-05-23,Store_B,Product_B,31.2,0,86
2024-05-23,Store_B,Product_C,32.7,0,38
2024-05-23,Store_C,Product_A,30.0,0,38
2024-05-23,Store_C,Product_B,31.6,1,73
2024-05-23,Store_C,Product_C,31.8,1,48
2024-05-23,Store_D,Product_A,31.8,0,55
2024-05-23,Store_D,Product_B,32.5,0,72
2024-05-23,Store_D,Product_C,28.2,0,46
2024-05-24,Store_A,Product_A,32.4,0,59
2024-05-24,Store_A,Product_B,30.0,1,84
2024-05-24,Store_A,Product_C,34.8,0,40
2024-05-24,Store_B,Product_A,29.4,0,54
2024-05-24,Store_B,Product_B,30.5,0,82
2024-05-24,Store_B,Product_C,35.5,0,39
2024-05-24,Store_C,Product_A,32.4,0,48
2024-05-24,Store_C,Product_B,29.9,0,66
2024-05-24,Store_C,Product_C,32.1,0,37
2024-05-24,Store_D,Product_A,28.5,0,54
2024-05-24,Store_D,Product_B,29.9,0,80
2024-05-24,Store_D,Product_C,33.7,0,44
2024-05-25,Store_A,Product_A,31.9,0,65
2024-05-25,Store_A,Product_B,33.6,1,112
2024-05-25,Store_A,Product_C,27.8,0,47
2024-05-25,Store_B,Product_A,32.2,0,57
2024-05-25,Store_B,Product_B,34.3,1,115
2024-05-25,Store_B,Product_C,31.2,1,65
2024-05-25,Store_C,Product_A,28.7,0,56
2024-05-25,Store_C,Product_B,33.9,0,67
2024-05-25,Store_C,Product_C,29.6,0,39
2024-05-25,Store_D,Product_A,28.6,0,63
2024-05-25,Store_D,Product_B,29.0,0,88
2024-05-25,Store_D,Product_C,34.6,0,51
2024-05-26,Store_A,Product_A,29.0,1,72
2024-05-26,Store_A,Product_B,31.7,0,88
2024-05-26,Store_A,Product_C,35.7,1,58
2024-05-26,Store_B,Product_A,33.8,0,70
2024-05-26,Store_B,Product_B,30.5,0,82
2024-05-26,Store_B,Product_C,33.2,0,51
2024-05-26,Store_C,Product_A,30.7,1,63
2024-05-26,Store_C,Product_B,32.8,0,84
2024-05-26,Store_C,Product_C,31.8,0,41
2024-05-26,Store_D,Product_A,30.2,0,56
2024-05-26,Store_D,Product_B,31.5,0,97
2024-05-26,Store_D,Product_C,28.1,1,52
2024-05-27,Store_A,Product_A,34.7,0,56
2024-05-27,Store_A,Product_B,32.6,0,81
2024-05-27,Store_A,Product_C,32.1,0,41
2024-05-27,Store_B,Product_A,31.3,0,53
2024-05-27,Store_B,Product_B,33.2,0,81
2024-05-27,Store_B,Product_C,33.1,0,42
2024-05-27,Store_C,Product_A,29.6,1,54
2024-05-27,Store_C,Product_B,33.8,0,68
2024-05-27,Store_C,Product_C,30.0,0,32
2024-05-27,Store_D,Product_A,31.3,1,68
2024-05-27,Store_D,Product_B,30.7,0,79
2024-05-27,Store_D,Product_C,29.8,0,43
2024-05-28,Store_A,Product_A,33.1,0,52
2024-05-28,Store_A,Product_B,31.4,0,76
2024-05-28,Store_A,Product_C,30.3,1,58
2024-05-28,Store_B,Product_A,33.7,0,61
2024-05-28,Store_B,Product_B,32.5,0,77
2024-05-28,Store_B,Product_C,34.9,1,59
2024-05-28,Store_C,Product_A,31.1,1,52
2024-05-28,Store_C,Product_B,32.4,1,85
2024-05-28,Store_C,Product_C,30.2,0,35
2024-05-28,Store_D,Product_A,32.3,0,58
2024-05-28,Store_D,Product_B,29.1,1,85
2024-05-28,Store_D,Product_C,31.2,0,42
2024-05-29,Store_A,Product_A,33.9,0,47
2024-05-29,Store_A,Product_B,34.5,0,74
2024-05-29,Store_A,Product_C,33.5,0,37
2024-05-29,Store_B,Product_A,33.6,1,72
2024-05-29,Store_B,Product_B,32.3,0,64
2024-05-29,Store_B,Product_C,33.4,0,45
2024-05-29,Store_C,Product_A,32.0,1,51
2024-05-29,Store_C,Product_B,34.2,0,68
2024-05-29,Store_C,Product_C,29.0,0,31
2024-05-29,Store_D,Product_A,37.1,0,55
2024-05-29,Store_D,Product_B,30.0,0,85
2024-05-29,Store_D,Product_C,31.6,0,36
2024-05-30,Store_A,Product_A,30.3,0,51
2024-05-30,Store_A,Product_B,32.7,0,60
2024-05-30,Store_A,Product_C,32.6,0,38
2024-05-30,Store_B,Product_A,32.6,0,59
2024-05-30,Store_B,Product_B,25.3,0,81
2024-05-30,Store_B,Product_C,27.4,0,42
2024-05-30,Store_C,Product_A,30.3,0,38
2024-05-30,Store_C,Product_B,30.9,0,73
2024-05-30,Store_C,Product_C,32.8,0,36
2024-05-30,Store_D,Product_A,29.2,0,56
2024-05-30,Store_D,Product_B,30.7,1,85
2024-05-30,Store_D,Product_C,28.7,0,43
2024-05-31,Store_A,Product_A,34.6,0,45
2024-05-31,Store_A,Product_B,34.0,0,61
2024-05-31,Store_A,Product_C,30.8,0,39
2024-05-31,Store_B,Product_A,33.1,0,62
2024-05-31,Store_B,Product_B,30.7,1,108
2024-05-31,Store_B,Product_C,28.4,0,39
2024-05-31,Store_C,Product_A,30.8,0,42
2024-05-31,Store_C,Product_B,30.8,0,70
2024-05-31,Store_C,Product_C,30.0,1,40
2024-05-31,Store_D,Product_A,31.7,0,49
2024-05-31,Store_D,Product_B,30.4,0,85
2024-05-31,Store_D,Product_C,32.4,1,50
2024-06-01,Store_A,Product_A,35.2,0,53
2024-06-01,Store_A,Product_B,35.6,0,77
2024-06-01,Store_A,Product_C,31.9,1,55
2024-06-01,Store_B,Product_A,32.4,0,76
2024-06-01,Store_B,Product_B,33.9,1,128
2024-06-01,Store_B,Product_C,33.1,0,53
2024-06-01,Store_C,Product_A,28.0,0,47
2024-06-01,Store_C,Product_B,32.9,0,84
2024-06-01,Store_C,Product_C,31.8,0,43
2024-06-01,Store_D,Product_A,30.4,1,69
2024-06-01,Store_D,Product_B,31.6,0,86
2024-06-01,Store_D,Product_C,29.9,0,52
2024-06-02,Store_A,Product_A,31.9,0,61
2024-06-02,Store_A,Product_B,32.5,0,75
2024-06-02,Store_A,Product_C,32.3,0,47
2024-06-02,Store_B,Product_A,33.1,0,66
2024-06-02,Store_B,Product_B,30.8,0,97
2024-06-02,Store_B,Product_C,29.2,0,46
2024-06-02,Store_C,Product_A,31.0,0,50
2024-06-02,Store_C,Product_B,31.1,0,80
2024-06-02,Store_C,Product_C,32.0,0,38
2024-06-02,Store_D,Product_A,34.7,0,61
2024-06-02,Store_D,Product_B,30.1,0,91
2024-06-02,Store_D,Product_C,33.1,0,45
2024-06-03,Store_A,Product_A,31.9,0,57
2024-06-03,Store_A,Product_B,33.2,1,92
2024-06-03,Store_A,Product_C,34.8,0,40
2024-06-03,Store_B,Product_A,31.1,0,56
2024-06-03,Store_B,Product_B,31.1,1,85
2024-06-03,Store_B,Product_C,35.0,0,43
2024-06-03,Store_C,Product_A,35.4,1,57
2024-06-03,Store_C,Product_B,33.3,0,64
2024-06-03,Store_C,Product_C,33.4,0,40
2024-06-03,Store_D,Product_A,34.4,0,51
2024-06-03,Store_D,Product_B,28.6,0,83
2024-06-03,Store_D,Product_C,32.9,0,44
2024-06-04,Store_A,Product_A,33.5,0,48
2024-06-04,Store_A,Product_B,30.0,0,69
2024-06-04,Store_A,Product_C,33.9,0,43
2024-06-04,Store_B,Product_A,26.6,0,58
2024-06-04,Store_B,Product_B,31.1,0,81
2024-06-04,Store_B,Product_C,30.2,1,51
2024-06-04,Store_C,Product_A,28.6,0,55
2024-06-04,Store_C,Product_B,32.3,0,71
2024-06-04,Store_C,Product_C,31.4,0,30
2024-06-04,Store_D,Product_A,32.2,0,47
2024-06-04,Store_D,Product_B,33.9,1,94
2024-06-04,Store_D,Product_C,32.6,0,42
2024-06-05,Store_A,Product_A,35.1,0,55
2024-06-05,Store_A,Product_B,31.7,1,87
2024-06-05,Store_A,Product_C,32.5,0,41
2024-06-05,Store_B,Product_A,29.2,0,59
2024-06-05,Store_B,Product_B,32.5,0,95
2024-06-05,Store_B,Product_C,33.1,1,48
2024-06-05,Store_C,Product_A,31.8,0,42
2024-06-05,Store_C,Product_B,34.1,0,63
2024-06-05,Store_C,Product_C,31.6,0,33
2024-06-05,Store_D,Product_A,32.9,0,49
2024-06-05,Store_D,Product_B,33.0,0,69
2024-06-05,Store_D,Product_C,27.7,0,40
2024-06-06,Store_A,Product_A,31.7,0,51
2024-06-06,Store_A,Product_B,30.2,0,71
2024-06-06,Store_A,Product_C,30.2,0,38
2024-06-06,Store_B,Product_A,32.2,0,51
2024-06-06,Store_B,Product_B,26.1,0,81
2024-06-06,Store_B,Product_C,30.4,0,46
2024-06-06,Store_C,Product_A,33.2,0,49
2024-06-06,Store_C,Product_B,31.3,0,48
2024-06-06,Store_C,Product_C,31.8,0,28
2024-06-06,Store_D,Product_A,34.0,0,58
2024-06-06,Store_D,Product_B,28.2,0,70
2024-06-06,Store_D,Product_C,33.7,0,41
2024-06-07,Store_A,Product_A,32.4,1,63
2024-06-07,Store_A,Product_B,32.5,0,72
2024-06-07,Store_A,Product_C,32.0,1,45
2024-06-07,Store_B,Product_A,29.1,0,55
2024-06-07,Store_B,Product_B,29.1,0,89
2024-06-07,Store_B,Product_C,29.8,0,40
2024-06-07,Store_C,Product_A,30.1,0,44
2024-06-07,Store_C,Product_B,33.6,1,77
2024-06-07,Store_C,Product_C,32.2,0,40
2024-06-07,Store_D,Product_A,27.8,0,54
2024-06-07,Store_D,Product_B,32.3,0,73
2024-06-07,Store_D,Product_C,31.9,0,40
2024-06-08,Store_A,Product_A,30.4,1,69
2024-06-08,Store_A,Product_B,30.0,0,84
2024-06-08,Store_A,Product_C,30.4,0,44
2024-06-08,Store_B,Product_A,33.1,0,69
2024-06-08,Store_B,Product_B,31.1,1,123
2024-06-08,Store_B,Product_C,31.8,0,48
2024-06-08,Store_C,Product_A,33.5,0,48
2024-06-08,Store_C,Product_B,31.9,0,73
2024-06-08,Store_C,Product_C,31.2,0,42
2024-06-08,Store_D,Product_A,34.0,1,71
2024-06-08,Store_D,Product_B,34.1,0,85
2024-06-08,Store_D,Product_C,33.1,0,47
2024-06-09,Store_A,Product_A,35.9,0,55
2024-06-09,Store_A,Product_B,32.9,0,81
2024-06-09,Store_A,Product_C,30.8,0,47
2024-06-09,Store_B,Product_A,32.0,0,59
2024-06-09,Store_B,Product_B,31.9,0,96
2024-06-09,Store_B,Product_C,32.7,0,54
2024-06-09,Store_C,Product_A,29.1,0,49
2024-06-09,Store_C,Product_B,28.4,0,75
2024-06-09,Store_C,Product_C,32.3,0,40
2024-06-09,Store_D,Product_A,30.2,0,68
2024-06-09,Store_D,Product_B,34.3,0,99
2024-06-09,Store_D,Product_C,31.4,0,45
2024-06-10,Store_A,Product_A,30.4,0,47
2024-06-10,Store_A,Product_B,31.7,0,58
2024-06-10,Store_A,Product_C,30.4,0,40
2024-06-10,Store_B,Product_A,32.6,0,57
2024-06-10,Store_B,Product_B,34.1,0,83
2024-06-10,Store_B,Product_C,30.2,0,47
2024-06-10,Store_C,Product_A,31.4,0,46
2024-06-10,Store_C,Product_B,28.2,0,60
2024-06-10,Store_C,Product_C,32.5,0,36
2024-06-10,Store_D,Product_A,32.5,0,51
2024-06-10,Store_D,Product_B,29.6,1,89
2024-06-10,Store_D,Product_C,31.3,0,44
2024-06-11,Store_A,Product_A,35.1,0,51
2024-06-11,Store_A,Product_B,33.0,0,72
2024-06-11,Store_A,Product_C,33.7,0,36
2024-06-11,Store_B,Product_A,33.6,0,59
2024-06-11,Store_B,Product_B,33.6,0,85
2024-06-11,Store_B,Product_C,32.6,1,54
2024-06-11,Store_C,Product_A,34.7,0,36
2024-06-11,Store_C,Product_B,31.8,0,57
2024-06-11,Store_C,Product_C,33.2,0,34
2024-06-11,Store_D,Product_A,30.0,1,66
2024-06-11,Store_D,Product_B,32.8,0,78
2024-06-11,Store_D,Product_C,38.9,0,42
2024-06-12,Store_A,Product_A,33.2,0,50
2024-06-12,Store_A,Product_B,32.4,0,69
2024-06-12,Store_A,Product_C,34.9,0,41
2024-06-12,Store_B,Product_A,32.4,1,76
2024-06-12,Store_B,Product_B,33.0,0,84
2024-06-12,Store_B,Product_C,31.3,0,43
2024-06-12,Store_C,Product_A,31.8,1,58
2024-06-12,Store_C,Product_B,29.6,1,70
2024-06-12,Store_C,Product_C,34.7,0,33
2024-06-12,Store_D,Product_A,32.1,0,55
2024-06-12,Store_D,Product_B,31.9,1,87
2024-06-12,Store_D,Product_C,30.9,0,35
2024-06-13,Store_A,Product_A,30.3,0,51
2024-06-13,Store_A,Product_B,31.5,0,82
2024-06-13,Store_A,Product_C,30.0,0,40
2024-06-13,Store_B,Product_A,29.7,1,61
2024-06-13,Store_B,Product_B,29.1,0,85
2024-06-13,Store_B,Product_C,29.6,0,39
2024-06-13,Store_C,Product_A,27.3,0,46
2024-06-13,Store_C,Product_B,32.4,0,62
2024-06-13,Store_C,Product_C,30.4,0,38
2024-06-13,Store_D,Product_A,32.6,0,58
2024-06-13,Store_D,Product_B,33.2,0,72
2024-06-13,Store_D,Product_C,31.3,1,49
2024-06-14,Store_A,Product_A,30.0,0,46
2024-06-14,Store_A,Product_B,32.8,0,79
2024-06-14,Store_A,Product_C,30.9,1,45
2024-06-14,Store_B,Product_A,30.6,0,64
2024-06-14,Store_B,Product_B,33.6,1,105
2024-06-14,Store_B,Product_C,28.5,0,41
2024-06-14,Store_C,Product_A,35.5,0,38
2024-06-14,Store_C,Product_B,31.8,0,57
2024-06-14,Store_C,Product_C,31.9,0,38
2024-06-14,Store_D,Product_A,34.7,0,51
2024-06-14,Store_D,Product_B,32.1,0,88
2024-06-14,Store_D,Product_C,29.0,0,41
2024-06-15,Store_A,Product_A,30.6,0,76
2024-06-15,Store_A,Product_B,33.7,0,87
2024-06-15,Store_A,Product_C,34.2,0,50
2024-06-15,Store_B,Product_A,33.1,0,65
2024-06-15,Store_B,Product_B,29.8,0,85
2024-06-15,Store_B,Product_C,32.9,0,54
2024-06-15,Store_C,Product_A,35.8,0,50
2024-06-15,Store_C,Product_B,28.5,0,78
2024-06-15,Store_C,Product_C,31.5,0,37
2024-06-15,Store_D,Product_A,36.2,0,66
2024-06-15,Store_D,Product_B,31.1,0,89
2024-06-15,Store_D,Product_C,29.5,0,51
2024-06-16,Store_A,Product_A,31.0,0,60
2024-06-16,Store_A,Product_B,31.7,0,79
2024-06-16,Store_A,Product_C,30.6,0,47
2024-06-16,Store_B,Product_A,31.9,0,57
2024-06-16,Store_B,Product_B,34.2,1,128
2024-06-16,Store_B,Product_C,31.9,1,53
2024-06-16,Store_C,Product_A,33.3,0,45
2024-06-16,Store_C,Product_B,31.6,0,65
2024-06-16,Store_C,Product_C,30.3,0,36
2024-06-16,Store_D,Product_A,32.3,0,62
2024-06-16,Store_D,Product_B,29.2,0,81
2024-06-16,Store_D,Product_C,31.6,1,63
2024-06-17,Store_A,Product_A,30.1,1,57
2024-06-17,Store_A,Product_B,33.3,1,87
2024-06-17,Store_A,Product_C,28.8,0,38
2024-06-17,Store_B,Product_A,33.4,0,51
2024-06-17,Store_B,Product_B,32.3,0,77
2024-06-17,Store_B,Product_C,29.7,0,48
2024-06-17,Store_C,Product_A,30.1,0,44
2024-06-17,Store_C,Product_B,31.4,0,50
2024-06-17,Store_C,Product_C,31.2,0,36
2024-06-17,Store_D,Product_A,33.9,0,59
2024-06-17,Store_D,Product_B,30.5,1,83
2024-06-17,Store_D,Product_C,34.6,0,38
2024-06-18,Store_A,Product_A,33.1,0,47
2024-06-18,Store_A,Product_B,33.0,0,76
2024-06-18,Store_A,Product_C,32.5,0,38
2024-06-18,Store_B,Product_A,33.9,0,53
2024-06-18,Store_B,Product_B,31.0,0,85
2024-06-18,Store_B,Product_C,33.0,0,48
2024-06-18,Store_C,Product_A,28.9,0,44
2024-06-18,Store_C,Product_B,34.2,0,61
2024-06-18,Store_C,Product_C,31.0,0,36
2024-06-18,Store_D,Product_A,30.7,1,64
2024-06-18,Store_D,Product_B,32.6,1,112
2024-06-18,Store_D,Product_C,32.1,1,54
2024-06-19,Store_A,Product_A,28.6,0,52
2024-06-19,Store_A,Product_B,30.1,1,73
2024-06-19,Store_A,Product_C,30.6,0,40
2024-06-19,Store_B,Product_A,33.9,0,53
2024-06-19,Store_B,Product_B,32.5,0,79
2024-06-19,Store_B,Product_C,30.6,1,50
2024-06-19,Store_C,Product_A,31.4,0,45
2024-06-19,Store_C,Product_B,33.0,0,65
2024-06-19,Store_C,Product_C,33.8,0,34
2024-06-19,Store_D,Product_A,33.0,0,49
2024-06-19,Store_D,Product_B,31.0,0,80
2024-06-19,Store_D,Product_C,32.2,0,39
2024-06-20,Store_A,Product_A,29.5,0,46
2024-06-20,Store_A,Product_B,31.0,0,74
2024-06-20,Store_A,Product_C,33.4,0,40
2024-06-20,Store_B,Product_A,32.1,0,56
2024-06-20,Store_B,Product_B,33.6,0,78
2024-06-20,Store_B,Product_C,30.7,0,42
2024-06-20,Store_C,Product_A,35.3,0,48
2024-06-20,Store_C,Product_B,34.4,0,66
2024-06-20,Store_C,Product_C,30.9,0,37
2024-06-20,Store_D,Product_A,32.1,1,61
2024-06-20,Store_D,Product_B,30.6,1,90
2024-06-20,Store_D,Product_C,28.1,0,44
2024-06-21,Store_A,Product_A,32.1,0,50
2024-06-21,Store_A,Product_B,29.4,0,64
2024-06-21,Store_A,Product_C,34.6,0,37
2024-06-21,Store_B,Product_A,29.9,1,61
2024-06-21,Store_B,Product_B,32.8,1,93
2024-06-21,Store_B,Product_C,31.7,0,43
2024-06-21,Store_C,Product_A,31.6,0,40
2024-06-21,Store_C,Product_B,28.1,0,53
2024-06-21,Store_C,Product_C,34.2,0,34
2024-06-21,Store_D,Product_A,32.5,0,57
2024-06-21,Store_D,Product_B,30.1,0,66
2024-06-21,Store_D,Product_C,32.1,0,40
2024-06-22,Store_A,Product_A,33.3,0,53
2024-06-22,Store_A,Product_B,30.0,0,78
2024-06-22,Store_A,Product_C,32.8,0,46
2024-06-22,Store_B,Product_A,32.9,0,62
2024-06-22,Store_B,Product_B,28.6,1,95
2024-06-22,Store_B,Product_C,35.4,0,51
2024-06-22,Store_C,Product_A,33.5,0,46
2024-06-22,Store_C,Product_B,36.7,0,71
2024-06-22,Store_C,Product_C,31.3,0,41
2024-06-22,Store_D,Product_A,32.8,0,65
2024-06-22,Store_D,Product_B,32.1,0,91
2024-06-22,Store_D,Product_C,30.3,1,45
2024-06-23,Store_A,Product_A,35.1,0,61
2024-06-23,Store_A,Product_B,31.3,0,81
2024-06-23,Store_A,Product_C,30.8,0,40
2024-06-23,Store_B,Product_A,29.8,0,66
2024-06-23,Store_B,Product_B,33.6,1,111
2024-06-23,Store_B,Product_C,32.1,0,50
2024-06-23,Store_C,Product_A,34.9,0,55
2024-06-23,Store_C,Product_B,27.5,0,76
2024-06-23,Store_C,Product_C,29.8,0,38
2024-06-23,Store_D,Product_A,31.3,1,69
2024-06-23,Store_D,Product_B,29.7,0,85
2024-06-23,Store_D,Product_C,31.6,0,45
2024-06-24,Store_A,Product_A,34.7,0,46
2024-06-24,Store_A,Product_B,29.4,0,71
2024-06-24,Store_A,Product_C,31.9,1,49
2024-06-24,Store_B,Product_A,29.7,0,49
2024-06-24,Store_B,Product_B,30.6,1,101
2024-06-24,Store_B,Product_C,35.1,1,54
2024-06-24,Store_C,Product_A,31.3,0,42
2024-06-24,Store_C,Product_B,30.9,0,53
2024-06-24,Store_C,Product_C,31.9,0,31
2024-06-24,Store_D,Product_A,33.8,0,57
2024-06-24,Store_D,Product_B,30.7,0,69
2024-06-24,Store_D,Product_C,34.3,0,45
2024-06-25,Store_A,Product_A,33.1,1,56
2024-06-25,Store_A,Product_B,28.2,0,68
2024-06-25,Store_A,Product_C,32.7,0,35
2024-06-25,Store_B,Product_A,28.7,0,54
2024-06-25,Store_B,Product_B,29.2,0,76
2024-06-25,Store_B,Product_C,30.9,0,43
2024-06-25,Store_C,Product_A,30.9,1,53
2024-06-25,Store_C,Product_B,32.1,0,60
2024-06-25,Store_C,Product_C,30.4,0,40
2024-06-25,Store_D,Product_A,27.9,0,57
2024-06-25,Store_D,Product_B,35.3,0,69
2024-06-25,Store_D,Product_C,32.1,0,38
2024-06-26,Store_A,Product_A,34.5,0,54
2024-06-26,Store_A,Product_B,29.5,0,60
2024-06-26,Store_A,Product_C,30.3,0,38
2024-06-26,Store_B,Product_A,33.2,0,55
2024-06-26,Store_B,Product_B,33.3,0,85
2024-06-26,Store_B,Product_C,33.6,0,44
2024-06-26,Store_C,Product_A,29.7,0,40
2024-06-26,Store_C,Product_B,31.3,0,65
2024-06-26,Store_C,Product_C,32.0,0,36
2024-06-26,Store_D,Product_A,31.9,0,56
2024-06-26,Store_D,Product_B,31.7,1,71
2024-06-26,Store_D,Product_C,32.1,0,39
2024-06-27,Store_A,Product_A,35.1,0,44
2024-06-27,Store_A,Product_B,32.4,0,66
2024-06-27,Store_A,Product_C,32.0,1,36
2024-06-27,Store_B,Product_A,29.4,0,61
2024-06-27,Store_B,Product_B,29.6,0,62
2024-06-27,Store_B,Product_C,32.4,0,45
2024-06-27,Store_C,Product_A,31.2,1,51
2024-06-27,Store_C,Product_B,33.7,0,63
2024-06-27,Store_C,Product_C,31.3,1,37
2024-06-27,Store_D,Product_A,33.7,0,49
2024-06-27,Store_D,Product_B,29.5,0,65
2024-06-27,Store_D,Product_C,31.6,1,47
2024-06-28,Store_A,Product_A,31.6,0,45
2024-06-28,Store_A,Product_B,33.8,0,76
2024-06-28,Store_A,Product_C,29.4,0,35
2024-06-28,Store_B,Product_A,31.3,0,55
2024-06-28,Store_B,Product_B,30.5,0,75
2024-06-28,Store_B,Product_C,29.0,0,43
2024-06-28,Store_C,Product_A,31.7,0,46
2024-06-28,Store_C,Product_B,30.5,0,60
2024-06-28,Store_C,Product_C,28.7,1,42
2024-06-28,Store_D,Product_A,31.1,0,46
2024-06-28,Store_D,Product_B,30.9,0,72
2024-06-28,Store_D,Product_C,30.8,0,32
2024-06-29,Store_A,Product_A,32.3,0,46
2024-06-29,Store_A,Product_B,33.7,0,74
2024-06-29,Store_A,Product_C,32.7,1,50
2024-06-29,Store_B,Product_A,29.0,0,58
2024-06-29,Store_B,Product_B,32.0,1,110
2024-06-29,Store_B,Product_C,30.0,1,51
2024-06-29,Store_C,Product_A,31.3,0,54
2024-06-29,Store_C,Product_B,32.1,0,75
2024-06-29,Store_C,Product_C,33.3,0,29
2024-06-29,Store_D,Product_A,30.9,0,59
2024-06-29,Store_D,Product_B,31.6,1,114
2024-06-29,Store_D,Product_C,32.6,0,45
2024-06-30,Store_A,Product_A,30.3,1,69
2024-06-30,Store_A,Product_B,33.1,0,77
2024-06-30,Store_A,Product_C,26.7,0,37
2024-06-30,Store_B,Product_A,27.1,0,70
2024-06-30,Store_B,Product_B,30.2,1,102
2024-06-30,Store_B,Product_C,34.7,1,61
2024-06-30,Store_C,Product_A,29.9,0,46
2024-06-30,Store_C,Product_B,33.8,0,69
2024-06-30,Store_C,Product_C,33.9,0,35
2024-06-30,Store_D,Product_A,32.4,1,64
2024-06-30,Store_D,Product_B,32.4,0,91
2024-06-30,Store_D,Product_C,31.7,0,42
2024-07-01,Store_A,Product_A,29.3,1,54
2024-07-01,Store_A,Product_B,32.8,0,73
2024-07-01,Store_A,Product_C,30.0,1,45
2024-07-01,Store_B,Product_A,35.4,1,63
2024-07-01,Store_B,Product_B,32.9,0,73
2024-07-01,Store_B,Product_C,31.9,0,38
2024-07-01,Store_C,Product_A,32.7,0,41
2024-07-01,Store_C,Product_B,32.9,0,67
2024-07-01,Store_C,Product_C,33.7,1,42
2024-07-01,Store_D,Product_A,34.7,0,46
2024-07-01,Store_D,Product_B,33.8,0,73
2024-07-01,Store_D,Product_C,32.5,0,33
2024-07-02,Store_A,Product_A,32.3,0,49
2024-07-02,Store_A,Product_B,31.4,0,74
2024-07-02,Store_A,Product_C,32.6,0,34
2024-07-02,Store_B,Product_A,31.2,0,45
2024-07-02,Store_B,Product_B,31.9,0,84
2024-07-02,Store_B,Product_C,33.1,1,44
2024-07-02,Store_C,Product_A,32.0,1,55
2024-07-02,Store_C,Product_B,29.9,0,63
2024-07-02,Store_C,Product_C,29.4,0,29
2024-07-02,Store_D,Product_A,30.8,1,61
2024-07-02,Store_D,Product_B,30.7,0,76
2024-07-02,Store_D,Product_C,30.3,0,36
2024-07-03,Store_A,Product_A,31.4,0,49
2024-07-03,Store_A,Product_B,33.8,0,66
2024-07-03,Store_A,Product_C,31.0,0,31
2024-07-03,Store_B,Product_A,36.0,0,54
2024-07-03,Store_B,Product_B,32.1,0,72
2024-07-03,Store_B,Product_C,32.8,0,41
2024-07-03,Store_C,Product_A,33.8,0,37
2024-07-03,Store_C,Product_B,33.9,0,60
2024-07-03,Store_C,Product_C,31.3,1,42
2024-07-03,Store_D,Product_A,29.8,1,63
2024-07-03,Store_D,Product_B,30.2,0,67
2024-07-03,Store_D,Product_C,31.3,0,38
2024-07-04,Store_A,Product_A,31.2,0,47
2024-07-04,Store_A,Product_B,33.2,1,84
2024-07-04,Store_A,Product_C,33.0,0,39
2024-07-04,Store_B,Product_A,32.4,1,61
2024-07-04,Store_B,Product_B,36.6,0,76
2024-07-04,Store_B,Product_C,32.7,0,47
2024-07-04,Store_C,Product_A,32.0,0,43
2024-07-04,Store_C,Product_B,32.8,1,72
2024-07-04,Store_C,Product_C,30.8,0,32
2024-07-04,Store_D,Product_A,33.4,0,44
2024-07-04,Store_D,Product_B,34.5,0,77
2024-07-04,Store_D,Product_C,31.2,0,36
2024-07-05,Store_A,Product_A,32.1,0,44
2024-07-05,Store_A,Product_B,33.1,0,69
2024-07-05,Store_A,Product_C,29.9,1,47
2024-07-05,Store_B,Product_A,30.6,0,50
2024-07-05,Store_B,Product_B,32.8,0,84
2024-07-05,Store_B,Product_C,31.4,0,42
2024-07-05,Store_C,Product_A,31.6,1,51
2024-07-05,Store_C,Product_B,33.3,0,60
2024-07-05,Store_C,Product_C,31.4,0,37
2024-07-05,Store_D,Product_A,32.8,0,50
2024-07-05,Store_D,Product_B,32.4,0,70
2024-07-05,Store_D,Product_C,30.1,1,46
2024-07-06,Store_A,Product_A,29.7,1,60
2024-07-06,Store_A,Product_B,30.9,0,78
2024-07-06,Store_A,Product_C,32.0,0,45
2024-07-06,Store_B,Product_A,35.5,0,60
2024-07-06,Store_B,Product_B,29.3,1,105
2024-07-06,Store_B,Product_C,30.7,0,40
2024-07-06,Store_C,Product_A,31.5,0,53
2024-07-06,Store_C,Product_B,33.0,0,69
2024-07-06,Store_C,Product_C,29.3,1,51
2024-07-06,Store_D,Product_A,33.5,0,50
2024-07-06,Store_D,Product_B,34.2,0,76
2024-07-06,Store_D,Product_C,32.8,0,43
2024-07-07,Store_A,Product_A,34.6,0,45
2024-07-07,Store_A,Product_B,29.4,1,101
2024-07-07,Store_A,Product_C,30.0,0,39
2024-07-07,Store_B,Product_A,32.9,0,57
2024-07-07,Store_B,Product_B,32.9,1,121
2024-07-07,Store_B,Product_C,30.4,0,52
2024-07-07,Store_C,Product_A,28.7,0,48
2024-07-07,Store_C,Product_B,36.5,0,62
2024-07-07,Store_C,Product_C,31.8,1,47
2024-07-07,Store_D,Product_A,30.4,0,48
2024-07-07,Store_D,Product_B,30.1,0,72
2024-07-07,Store_D,Product_C,35.3,0,48
2024-07-08,Store_A,Product_A,33.5,0,40
2024-07-08,Store_A,Product_B,31.5,0,65
2024-07-08,Store_A,Product_C,33.1,0,32
2024-07-08,Store_B,Product_A,33.3,0,52
2024-07-08,Store_B,Product_B,32.5,0,74
2024-07-08,Store_B,Product_C,31.4,0,44
2024-07-08,Store_C,Product_A,29.5,0,43
2024-07-08,Store_C,Product_B,33.3,0,59
2024-07-08,Store_C,Product_C,36.1,0,31
2024-07-08,Store_D,Product_A,31.4,0,47
2024-07-08,Store_D,Product_B,32.1,0,83
2024-07-08,Store_D,Product_C,33.3,0,38
2024-07-09,Store_A,Product_A,30.3,0,46
2024-07-09,Store_A,Product_B,31.0,0,60
2024-07-09,Store_A,Product_C,33.2,0,31
2024-07-09,Store_B,Product_A,31.7,0,46
2024-07-09,Store_B,Product_B,32.1,0,77
2024-07-09,Store_B,Product_C,30.3,0,43
2024-07-09,Store_C,Product_A,35.5,0,38
2024-07-09,Store_C,Product_B,29.3,0,61
2024-07-09,Store_C,Product_C,32.0,0,29
2024-07-09,Store_D,Product_A,29.7,0,55
2024-07-09,Store_D,Product_B,32.4,0,72
2024-07-09,Store_D,Product_C,29.4,0,40
2024-07-10,Store_A,Product_A,35.1,1,58
2024-07-10,Store_A,Product_B,31.8,0,64
2024-07-10,Store_A,Product_C,28.5,0,38
2024-07-10,Store_B,Product_A,32.4,0,51
2024-07-10,Store_B,Product_B,31.7,0,79
2024-07-10,Store_B,Product_C,30.1,0,46
2024-07-10,Store_C,Product_A,32.0,0,40
2024-07-10,Store_C,Product_B,29.5,0,54
2024-07-10,Store_C,Product_C,30.9,0,32
2024-07-10,Store_D,Product_A,31.1,0,50
2024-07-10,Store_D,Product_B,36.7,0,64
2024-07-10,Store_D,Product_C,32.1,0,37
2024-07-11,Store_A,Product_A,30.6,0,46
2024-07-11,Store_A,Product_B,33.5,0,66
2024-07-11,Store_A,Product_C,31.4,0,35
2024-07-11,Store_B,Product_A,29.8,0,54
2024-07-11,Store_B,Product_B,34.6,0,64
2024-07-11,Store_B,Product_C,32.3,0,44
2024-07-11,Store_C,Product_A,33.6,1,46
2024-07-11,Store_C,Product_B,29.2,1,76
2024-07-11,Store_C,Product_C,29.3,0,31
2024-07-11,Store_D,Product_A,29.8,0,56
2024-07-11,Store_D,Product_B,33.1,0,74
2024-07-11,Store_D,Product_C,32.7,0,35
2024-07-12,Store_A,Product_A,29.7,1,48
2024-07-12,Store_A,Product_B,31.4,1,65
2024-07-12,Store_A,Product_C,30.6,0,34
2024-07-12,Store_B,Product_A,28.2,0,53
2024-07-12,Store_B,Product_B,28.7,0,70
2024-07-12,Store_B,Product_C,32.6,1,48
2024-07-12,Store_C,Product_A,34.6,0,38
2024-07-12,Store_C,Product_B,31.1,0,73
2024-07-12,Store_C,Product_C,33.8,0,36
2024-07-12,Store_D,Product_A,31.5,0,47
2024-07-12,Store_D,Product_B,30.2,0,67
2024-07-12,Store_D,Product_C,32.9,1,52
2024-07-13,Store_A,Product_A,32.4,0,50
2024-07-13,Store_A,Product_B,29.7,0,73
2024-07-13,Store_A,Product_C,31.2,0,41
2024-07-13,Store_B,Product_A,32.4,0,57
2024-07-13,Store_B,Product_B,29.6,0,74
2024-07-13,Store_B,Product_C,31.6,0,36
2024-07-13,Store_C,Product_A,32.3,0,48
2024-07-13,Store_C,Product_B,30.8,0,68
2024-07-13,Store_C,Product_C,33.4,1,45
2024-07-13,Store_D,Product_A,34.4,0,62
2024-07-13,Store_D,Product_B,30.1,0,77
2024-07-13,Store_D,Product_C,29.6,0,42
2024-07-14,Store_A,Product_A,31.9,0,51
2024-07-14,Store_A,Product_B,32.3,1,91
2024-07-14,Store_A,Product_C,33.1,0,40
2024-07-14,Store_B,Product_A,29.8,0,56
2024-07-14,Store_B,Product_B,35.6,0,85
2024-07-14,Store_B,Product_C,28.5,0,46
2024-07-14,Store_C,Product_A,35.6,0,51
2024-07-14,Store_C,Product_B,33.4,1,84
2024-07-14,Store_C,Product_C,31.7,0,39
2024-07-14,Store_D,Product_A,32.1,0,56
2024-07-14,Store_D,Product_B,30.0,0,77
2024-07-14,Store_D,Product_C,30.0,1,52
2024-07-15,Store_A,Product_A,27.4,0,47
2024-07-15,Store_A,Product_B,30.5,0,55
2024-07-15,Store_A,Product_C,34.3,0,35
2024-07-15,Store_B,Product_A,31.8,1,53
2024-07-15,Store_B,Product_B,35.3,0,79
2024-07-15,Store_B,Product_C,32.8,1,54
2024-07-15,Store_C,Product_A,32.3,0,38
2024-07-15,Store_C,Product_B,34.6,0,68
2024-07-15,Store_C,Product_C,28.2,0,31
2024-07-15,Store_D,Product_A,31.9,0,49
2024-07-15,Store_D,Product_B,32.2,0,74
2024-07-15,Store_D,Product_C,30.3,0,38
2024-07-16,Store_A,Product_A,32.0,1,57
2024-07-16,Store_A,Product_B,32.6,0,63
2024-07-16,Store_A,Product_C,33.0,0,37
2024-07-16,Store_B,Product_A,34.1,0,52
2024-07-16,Store_B,Product_B,36.1,0,72
2024-07-16,Store_B,Product_C,29.7,0,43
2024-07-16,Store_C,Product_A,27.0,1,54
2024-07-16,Store_C,Product_B,31.1,0,63
2024-07-16,Store_C,Product_C,28.8,0,29
2024-07-16,Store_D,Product_A,30.0,0,52
2024-07-16,Store_D,Product_B,29.6,0,69
2024-07-16,Store_D,Product_C,29.8,0,48
2024-07-17,Store_A,Product_A,30.5,1,58
2024-07-17,Store_A,Product_B,30.1,1,80
2024-07-17,Store_A,Product_C,31.8,0,32
2024-07-17,Store_B,Product_A,32.8,0,55
2024-07-17,Store_B,Product_B,31.9,0,82
2024-07-17,Store_B,Product_C,33.9,0,37
2024-07-17,Store_C,Product_A,31.7,0,40
2024-07-17,Store_C,Product_B,27.1,0,58
2024-07-17,Store_C,Product_C,28.3,0,30
2024-07-17,Store_D,Product_A,32.2,1,60
2024-07-17,Store_D,Product_B,30.0,0,70
2024-07-17,Store_D,Product_C,31.8,0,35
2024-07-18,Store_A,Product_A,32.8,0,48
2024-07-18,Store_A,Product_B,30.5,0,67
2024-07-18,Store_A,Product_C,30.0,1,44
2024-07-18,Store_B,Product_A,33.2,0,56
2024-07-18,Store_B,Product_B,30.2,0,67
2024-07-18,Store_B,Product_C,28.2,0,39
2024-07-18,Store_C,Product_A,30.7,0,39
2024-07-18,Store_C,Product_B,31.4,1,66
2024-07-18,Store_C,Product_C,28.8,0,30
2024-07-18,Store_D,Product_A,31.3,0,52
2024-07-18,Store_D,Product_B,33.7,0,68
2024-07-18,Store_D,Product_C,33.3,0,37
2024-07-19,Store_A,Product_A,32.7,0,46
2024-07-19,Store_A,Product_B,32.3,0,73
2024-07-19,Store_A,Product_C,27.8,0,35
2024-07-19,Store_B,Product_A,29.7,0,49
2024-07-19,Store_B,Product_B,30.3,0,79
2024-07-19,Store_B,Product_C,30.4,0,35
2024-07-19,Store_C,Product_A,31.6,0,36
2024-07-19,Store_C,Product_B,30.7,1,62
2024-07-19,Store_C,Product_C,30.1,1,38
2024-07-19,Store_D,Product_A,29.7,0,56
2024-07-19,Store_D,Product_B,29.3,1,85
2024-07-19,Store_D,Product_C,28.7,0,38
2024-07-20,Store_A,Product_A,33.8,0,56
2024-07-20,Store_A,Product_B,31.7,0,66
2024-07-20,Store_A,Product_C,33.0,0,46
2024-07-20,Store_B,Product_A,31.7,0,61
2024-07-20,Store_B,Product_B,33.6,0,84
2024-07-20,Store_B,Product_C,34.1,1,51
2024-07-20,Store_C,Product_A,29.6,0,49
2024-07-20,Store_C,Product_B,29.1,0,65
2024-07-20,Store_C,Product_C,31.4,0,39
2024-07-20,Store_D,Product_A,31.8,1,64
2024-07-20,Store_D,Product_B,32.7,1,96
2024-07-20,Store_D,Product_C,32.8,0,45
2024-07-21,Store_A,Product_A,30.3,0,50
2024-07-21,Store_A,Product_B,28.0,0,76
2024-07-21,Store_A,Product_C,30.9,0,39
2024-07-21,Store_B,Product_A,33.2,0,64
2024-07-21,Store_B,Product_B,30.3,0,85
2024-07-21,Store_B,Product_C,29.5,0,47
2024-07-21,Store_C,Product_A,31.8,0,43
2024-07-21,Store_C,Product_B,28.7,0,69
2024-07-21,Store_C,Product_C,35.7,0,34
2024-07-21,Store_D,Product_A,26.8,1,70
2024-07-21,Store_D,Product_B,30.7,0,73
2024-07-21,Store_D,Product_C,31.1,0,41
2024-07-22,Store_A,Product_A,29.7,0,40
2024-07-22,Store_A,Product_B,31.0,0,65
2024-07-22,Store_A,Product_C,31.0,0,35
2024-07-22,Store_B,Product_A,28.3,1,59
2024-07-22,Store_B,Product_B,32.7,0,73
2024-07-22,Store_B,Product_C,33.3,0,37
2024-07-22,Store_C,Product_A,30.2,0,41
2024-07-22,Store_C,Product_B,31.5,0,59
2024-07-22,Store_C,Product_C,29.5,0,32
2024-07-22,Store_D,Product_A,24.8,0,46
2024-07-22,Store_D,Product_B,26.8,0,71
2024-07-22,Store_D,Product_C,29.7,0,41
2024-07-23,Store_A,Product_A,32.1,0,44
2024-07-23,Store_A,Product_B,30.7,1,78
2024-07-23,Store_A,Product_C,26.9,0,40
2024-07-23,Store_B,Product_A,28.3,0,53
2024-07-23,Store_B,Product_B,32.9,0,60
2024-07-23,Store_B,Product_C,28.8,0,38
2024-07-23,Store_C,Product_A,30.9,0,37
2024-07-23,Store_C,Product_B,29.7,0,51
2024-07-23,Store_C,Product_C,31.6,0,32
2024-07-23,Store_D,Product_A,31.6,0,46
2024-07-23,Store_D,Product_B,26.3,0,70
2024-07-23,Store_D,Product_C,29.7,0,41
2024-07-24,Store_A,Product_A,29.7,0,50
2024-07-24,Store_A,Product_B,31.3,0,63
2024-07-24,Store_A,Product_C,31.9,1,40
2024-07-24,Store_B,Product_A,34.8,0,55
2024-07-24,Store_B,Product_B,29.3,0,82
2024-07-24,Store_B,Product_C,29.9,1,45
2024-07-24,Store_C,Product_A,30.8,0,42
2024-07-24,Store_C,Product_B,31.0,0,58
2024-07-24,Store_C,Product_C,27.8,0,35
2024-07-24,Store_D,Product_A,28.9,0,45
2024-07-24,Store_D,Product_B,30.3,0,67
2024-07-24,Store_D,Product_C,28.8,0,37
2024-07-25,Store_A,Product_A,29.4,0,43
2024-07-25,Store_A,Product_B,31.1,0,52
2024-07-25,Store_A,Product_C,28.9,0,36
2024-07-25,Store_B,Product_A,28.5,1,54
2024-07-25,Store_B,Product_B,28.9,0,81
2024-07-25,Store_B,Product_C,25.2,1,46
2024-07-25,Store_C,Product_A,26.8,0,38
2024-07-25,Store_C,Product_B,30.0,0,61
2024-07-25,Store_C,Product_C,30.6,0,29
2024-07-25,Store_D,Product_A,30.7,0,45
2024-07-25,Store_D,Product_B,31.5,0,69
2024-07-25,Store_D,Product_C,30.8,0,42
2024-07-26,Store_A,Product_A,32.8,0,49
2024-07-26,Store_A,Product_B,30.5,1,81
2024-07-26,Store_A,Product_C,28.4,0,34
2024-07-26,Store_B,Product_A,31.2,0,45
2024-07-26,Store_B,Product_B,28.6,0,71
2024-07-26,Store_B,Product_C,30.9,0,37
2024-07-26,Store_C,Product_A,35.4,1,52
2024-07-26,Store_C,Product_B,28.5,0,58
2024-07-26,Store_C,Product_C,33.1,1,40
2024-07-26,Store_D,Product_A,31.3,0,50
2024-07-26,Store_D,Product_B,27.5,1,84
2024-07-26,Store_D,Product_C,34.1,0,35
2024-07-27,Store_A,Product_A,28.1,0,46
2024-07-27,Store_A,Product_B,31.2,0,79
2024-07-27,Store_A,Product_C,29.3,0,44
2024-07-27,Store_B,Product_A,30.6,0,58
2024-07-27,Store_B,Product_B,31.1,0,79
2024-07-27,Store_B,Product_C,30.8,0,43
2024-07-27,Store_C,Product_A,26.8,0,44
2024-07-27,Store_C,Product_B,32.5,0,68
2024-07-27,Store_C,Product_C,28.6,0,35
2024-07-27,Store_D,Product_A,31.5,0,56
2024-07-27,Store_D,Product_B,30.6,0,82
2024-07-27,Store_D,Product_C,31.8,1,58
2024-07-28,Store_A,Product_A,31.9,0,50
2024-07-28,Store_A,Product_B,32.6,1,94
2024-07-28,Store_A,Product_C,30.0,0,36
2024-07-28,Store_B,Product_A,32.6,1,72
2024-07-28,Store_B,Product_B,33.2,1,98
2024-07-28,Store_B,Product_C,28.1,0,47
2024-07-28,Store_C,Product_A,31.9,0,45
2024-07-28,Store_C,Product_B,29.7,0,62
2024-07-28,Store_C,Product_C,33.7,0,39
2024-07-28,Store_D,Product_A,27.9,0,45
2024-07-28,Store_D,Product_B,28.1,0,86
2024-07-28,Store_D,Product_C,27.9,0,39
2024-07-29,Store_A,Product_A,32.4,0,46
2024-07-29,Store_A,Product_B,32.9,0,59
2024-07-29,Store_A,Product_C,33.1,0,33
2024-07-29,Store_B,Product_A,34.6,1,58
2024-07-29,Store_B,Product_B,32.9,1,89
2024-07-29,Store_B,Product_C,31.4,0,43
2024-07-29,Store_C,Product_A,32.3,0,32
2024-07-29,Store_C,Product_B,31.3,0,55
2024-07-29,Store_C,Product_C,29.2,0,34
2024-07-29,Store_D,Product_A,29.0,0,50
2024-07-29,Store_D,Product_B,35.5,0,77
2024-07-29,Store_D,Product_C,33.6,1,47
2024-07-30,Store_A,Product_A,30.4,0,43
2024-07-30,Store_A,Product_B,29.4,0,56
2024-07-30,Store_A,Product_C,31.8,0,37
2024-07-30,Store_B,Product_A,33.4,0,47
2024-07-30,Store_B,Product_B,29.5,1,84
2024-07-30,Store_B,Product_C,29.7,1,41
2024-07-30,Store_C,Product_A,27.4,0,40
2024-07-30,Store_C,Product_B,29.8,0,59
2024-07-30,Store_C,Product_C,25.7,0,28
2024-07-30,Store_D,Product_A,32.4,0,50
2024-07-30,Store_D,Product_B,31.0,1,84
2024-07-30,Store_D,Product_C,29.1,1,41
2024-07-31,Store_A,Product_A,29.3,0,45
2024-07-31,Store_A,Product_B,32.4,0,61
2024-07-31,Store_A,Product_C,30.5,0,35
2024-07-31,Store_B,Product_A,27.7,0,46
2024-07-31,Store_B,Product_B,31.8,0,70
2024-07-31,Store_B,Product_C,24.7,0,39
2024-07-31,Store_C,Product_A,26.8,1,45
2024-07-31,Store_C,Product_B,33.2,0,63
2024-07-31,Store_C,Product_C,28.1,0,32
2024-07-31,Store_D,Product_A,29.5,0,47
2024-07-31,Store_D,Product_B,29.6,0,63
2024-07-31,Store_D,Product_C,34.3,0,37
2024-08-01,Store_A,Product_A,31.2,0,42
2024-08-01,Store_A,Product_B,30.2,0,61
2024-08-01,Store_A,Product_C,29.7,0,33
2024-08-01,Store_B,Product_A,29.9,0,51
2024-08-01,Store_B,Product_B,26.3,0,64
2024-08-01,Store_B,Product_C,27.9,0,36
2024-08-01,Store_C,Product_A,31.3,0,39
2024-08-01,Store_C,Product_B,28.3,1,65
2024-08-01,Store_C,Product_C,29.8,0,30
2024-08-01,Store_D,Product_A,32.7,0,48
2024-08-01,Store_D,Product_B,32.8,1,86
2024-08-01,Store_D,Product_C,33.0,0,34
2024-08-02,Store_A,Product_A,33.7,0,42
2024-08-02,Store_A,Product_B,29.8,0,56
2024-08-02,Store_A,Product_C,28.9,0,29
2024-08-02,Store_B,Product_A,26.0,0,50
2024-08-02,Store_B,Product_B,31.1,0,77
2024-08-02,Store_B,Product_C,25.6,0,37
2024-08-02,Store_C,Product_A,29.2,0,41
2024-08-02,Store_C,Product_B,31.4,0,54
2024-08-02,Store_C,Product_C,28.4,0,28
2024-08-02,Store_D,Product_A,28.1,0,43
2024-08-02,Store_D,Product_B,29.3,0,61
2024-08-02,Store_D,Product_C,29.2,0,35
2024-08-03,Store_A,Product_A,28.7,0,49
2024-08-03,Store_A,Product_B,30.9,0,61
2024-08-03,Store_A,Product_C,25.8,0,37
2024-08-03,Store_B,Product_A,30.8,1,70
2024-08-03,Store_B,Product_B,31.4,0,75
2024-08-03,Store_B,Product_C,26.9,0,48
2024-08-03,Store_C,Product_A,29.0,0,47
2024-08-03,Store_C,Product_B,29.3,0,58
2024-08-03,Store_C,Product_C,30.5,1,38
2024-08-03,Store_D,Product_A,30.6,0,51
2024-08-03,Store_D,Product_B,30.2,0,78
2024-08-03,Store_D,Product_C,30.1,1,47
2024-08-04,Store_A,Product_A,32.7,0,52
2024-08-04,Store_A,Product_B,27.9,0,68
2024-08-04,Store_A,Product_C,30.2,0,41
2024-08-04,Store_B,Product_A,33.7,0,59
2024-08-04,Store_B,Product_B,27.6,1,97
2024-08-04,Store_B,Product_C,34.1,1,56
2024-08-04,Store_C,Product_A,29.9,0,46
2024-08-04,Store_C,Product_B,32.4,0,52
2024-08-04,Store_C,Product_C,29.6,1,45
2024-08-04,Store_D,Product_A,30.3,0,54
2024-08-04,Store_D,Product_B,29.0,0,82
2024-08-04,Store_D,Product_C,29.6,0,45
2024-08-05,Store_A,Product_A,31.2,0,45
2024-08-05,Store_A,Product_B,28.6,0,64
2024-08-05,Store_A,Product_C,33.1,0,32
2024-08-05,Store_B,Product_A,31.5,0,47
2024-08-05,Store_B,Product_B,29.6,0,70
2024-08-05,Store_B,Product_C,27.8,0,38
2024-08-05,Store_C,Product_A,28.6,0,43
2024-08-05,Store_C,Product_B,29.3,1,59
2024-08-05,Store_C,Product_C,30.6,0,27
2024-08-05,Store_D,Product_A,33.6,0,49
2024-08-05,Store_D,Product_B,28.8,0,68
2024-08-05,Store_D,Product_C,29.0,0,38
2024-08-06,Store_A,Product_A,33.6,0,40
2024-08-06,Store_A,Product_B,26.0,0,58
2024-08-06,Store_A,Product_C,28.5,0,33
2024-08-06,Store_B,Product_A,31.3,0,41
2024-08-06,Store_B,Product_B,29.7,0,71
2024-08-06,Store_B,Product_C,34.1,0,35
2024-08-06,Store_C,Product_A,29.7,0,41
2024-08-06,Store_C,Product_B,29.4,1,71
2024-08-06,Store_C,Product_C,30.0,0,30
2024-08-06,Store_D,Product_A,30.5,1,54
2024-08-06,Store_D,Product_B,24.9,0,57
2024-08-06,Store_D,Product_C,30.6,0,32
2024-08-07,Store_A,Product_A,29.4,0,41
2024-08-07,Store_A,Product_B,29.3,0,54
2024-08-07,Store_A,Product_C,29.5,0,33
2024-08-07,Store_B,Product_A,29.5,0,46
2024-08-07,Store_B,Product_B,27.3,0,65
2024-08-07,Store_B,Product_C,27.8,0,38
2024-08-07,Store_C,Product_A,29.7,1,49
2024-08-07,Store_C,Product_B,31.2,0,63
2024-08-07,Store_C,Product_C,27.9,0,30
2024-08-07,Store_D,Product_A,29.6,0,43
2024-08-07,Store_D,Product_B,25.5,0,65
2024-08-07,Store_D,Product_C,28.6,0,35
2024-08-08,Store_A,Product_A,30.7,0,40
2024-08-08,Store_A,Product_B,26.3,0,59
2024-08-08,Store_A,Product_C,28.8,0,33
2024-08-08,Store_B,Product_A,27.6,0,52
2024-08-08,Store_B,Product_B,31.3,0,67
2024-08-08,Store_B,Product_C,26.1,1,48
2024-08-08,Store_C,Product_A,29.6,0,38
2024-08-08,Store_C,Product_B,30.2,0,56
2024-08-08,Store_C,Product_C,31.7,0,26
2024-08-08,Store_D,Product_A,30.3,0,46
2024-08-08,Store_D,Product_B,28.1,0,70
2024-08-08,Store_D,Product_C,32.9,0,33
2024-08-09,Store_A,Product_A,27.3,0,47
2024-08-09,Store_A,Product_B,29.3,0,59
2024-08-09,Store_A,Product_C,29.4,0,33
2024-08-09,Store_B,Product_A,29.7,0,50
2024-08-09,Store_B,Product_B,29.9,0,72
2024-08-09,Store_B,Product_C,30.6,1,47
2024-08-09,Store_C,Product_A,28.9,0,38
2024-08-09,Store_C,Product_B,28.6,1,63
2024-08-09,Store_C,Product_C,31.8,0,26
2024-08-09,Store_D,Product_A,27.9,0,47
2024-08-09,Store_D,Product_B,25.0,1,74
2024-08-09,Store_D,Product_C,29.0,1,47
2024-08-10,Store_A,Product_A,31.4,0,45
2024-08-10,Store_A,Product_B,28.6,0,77
2024-08-10,Store_A,Product_C,27.7,0,32
2024-08-10,Store_B,Product_A,29.5,0,52
2024-08-10,Store_B,Product_B,31.5,0,84
2024-08-10,Store_B,Product_C,30.3,0,43
2024-08-10,Store_C,Product_A,32.0,0,45
2024-08-10,Store_C,Product_B,30.1,0,63
2024-08-10,Store_C,Product_C,28.4,0,34
2024-08-10,Store_D,Product_A,29.6,1,64
2024-08-10,Store_D,Product_B,28.9,0,78
2024-08-10,Store_D,Product_C,25.8,0,36
2024-08-11,Store_A,Product_A,29.0,0,54
2024-08-11,Store_A,Product_B,27.0,0,80
2024-08-11,Store_A,Product_C,29.3,1,50
2024-08-11,Store_B,Product_A,29.8,0,62
2024-08-11,Store_B,Product_B,28.7,0,74
2024-08-11,Store_B,Product_C,29.0,0,44
2024-08-11,Store_C,Product_A,27.0,0,39
2024-08-11,Store_C,Product_B,28.4,0,71
2024-08-11,Store_C,Product_C,31.8,0,35
2024-08-11,Store_D,Product_A,29.6,0,57
2024-08-11,Store_D,Product_B,27.1,0,64
2024-08-11,Store_D,Product_C,28.9,1,50
2024-08-12,Store_A,Product_A,25.8,0,41
2024-08-12,Store_A,Product_B,30.0,0,63
2024-08-12,Store_A,Product_C,30.6,0,30
2024-08-12,Store_B,Product_A,28.9,0,42
2024-08-12,Store_B,Product_B,25.6,1,84
2024-08-12,Store_B,Product_C,29.7,0,34
2024-08-12,Store_C,Product_A,29.9,0,37
2024-08-12,Store_C,Product_B,33.3,0,54
2024-08-12,Store_C,Product_C,28.1,1,36
2024-08-12,Store_D,Product_A,28.5,0,46
2024-08-12,Store_D,Product_B,27.6,0,66
2024-08-12,Store_D,Product_C,28.6,0,32
2024-08-13,Store_A,Product_A,27.2,0,47
2024-08-13,Store_A,Product_B,32.1,1,56
2024-08-13,Store_A,Product_C,28.0,0,32
2024-08-13,Store_B,Product_A,27.3,0,46
2024-08-13,Store_B,Product_B,28.7,0,70
2024-08-13,Store_B,Product_C,30.4,0,38
2024-08-13,Store_C,Product_A,29.7,0,38
2024-08-13,Store_C,Product_B,29.1,0,53
2024-08-13,Store_C,Product_C,29.7,0,25
2024-08-13,Store_D,Product_A,24.3,0,44
2024-08-13,Store_D,Product_B,30.9,1,83
2024-08-13,Store_D,Product_C,29.4,0,34
2024-08-14,Store_A,Product_A,30.4,0,40
2024-08-14,Store_A,Product_B,27.7,0,57
2024-08-14,Store_A,Product_C,29.3,0,33
2024-08-14,Store_B,Product_A,28.3,1,61
2024-08-14,Store_B,Product_B,29.0,0,66
2024-08-14,Store_B,Product_C,30.6,0,31
2024-08-14,Store_C,Product_A,27.4,0,35
2024-08-14,Store_C,Product_B,30.4,1,66
2024-08-14,Store_C,Product_C,27.0,0,27
2024-08-14,Store_D,Product_A,31.4,0,38
2024-08-14,Store_D,Product_B,24.6,0,67
2024-08-14,Store_D,Product_C,27.6,0,37
2024-08-15,Store_A,Product_A,27.0,0,40
2024-08-15,Store_A,Product_B,28.2,0,53
2024-08-15,Store_A,Product_C,26.0,0,32
2024-08-15,Store_B,Product_A,29.3,0,50
2024-08-15,Store_B,Product_B,30.7,0,77
2024-08-15,Store_B,Product_C,30.4,0,36
2024-08-15,Store_C,Product_A,25.2,0,34
2024-08-15,Store_C,Product_B,30.6,1,69
2024-08-15,Store_C,Product_C,29.2,1,35
2024-08-15,Store_D,Product_A,28.1,0,44
2024-08-15,Store_D,Product_B,24.0,0,72
2024-08-15,Store_D,Product_C,30.0,0,34
2024-08-16,Store_A,Product_A,22.4,0,41
2024-08-16,Store_A,Product_B,26.4,0,65
2024-08-16,Store_A,Product_C,27.1,0,31
2024-08-16,Store_B,Product_A,29.9,1,51
2024-08-16,Store_B,Product_B,29.4,0,69
2024-08-16,Store_B,Product_C,27.2,0,41
2024-08-16,Store_C,Product_A,27.9,0,37
2024-08-16,Store_C,Product_B,28.5,0,59
2024-08-16,Store_C,Product_C,28.5,0,31
2024-08-16,Store_D,Product_A,26.3,0,40
2024-08-16,Store_D,Product_B,25.9,0,63
2024-08-16,Store_D,Product_C,23.4,0,29
2024-08-17,Store_A,Product_A,26.0,0,46
2024-08-17,Store_A,Product_B,29.9,0,77
2024-08-17,Store_A,Product_C,30.4,0,37
2024-08-17,Store_B,Product_A,29.9,0,57
2024-08-17,Store_B,Product_B,31.4,0,71
2024-08-17,Store_B,Product_C,29.4,0,38
2024-08-17,Store_C,Product_A,30.5,1,53
2024-08-17,Store_C,Product_B,29.6,0,59
2024-08-17,Store_C,Product_C,31.1,0,27
2024-08-17,Store_D,Product_A,25.0,0,56
2024-08-17,Store_D,Product_B,25.8,0,77
2024-08-17,Store_D,Product_C,26.6,0,46
2024-08-18,Store_A,Product_A,25.7,0,43
2024-08-18,Store_A,Product_B,31.3,0,69
2024-08-18,Store_A,Product_C,27.8,0,37
2024-08-18,Store_B,Product_A,31.3,0,58
2024-08-18,Store_B,Product_B,29.8,0,86
2024-08-18,Store_B,Product_C,30.3,1,55
2024-08-18,Store_C,Product_A,30.3,0,46
2024-08-18,Store_C,Product_B,29.2,0,67
2024-08-18,Store_C,Product_C,30.0,0,35
2024-08-18,Store_D,Product_A,28.8,0,47
2024-08-18,Store_D,Product_B,26.6,0,77
2024-08-18,Store_D,Product_C,26.4,0,40
2024-08-19,Store_A,Product_A,29.4,0,39
2024-08-19,Store_A,Product_B,28.3,0,59
2024-08-19,Store_A,Product_C,24.6,0,29
2024-08-19,Store_B,Product_A,31.4,0,44
2024-08-19,Store_B,Product_B,31.3,1,79
2024-08-19,Store_B,Product_C,25.9,0,33
2024-08-19,Store_C,Product_A,28.0,0,33
2024-08-19,Store_C,Product_B,32.2,0,53
2024-08-19,Store_C,Product_C,29.8,0,29
2024-08-19,Store_D,Product_A,27.4,0,45
2024-08-19,Store_D,Product_B,29.7,0,54
2024-08-19,Store_D,Product_C,25.3,1,46
2024-08-20,Store_A,Product_A,25.4,0,42
2024-08-20,Store_A,Product_B,27.2,0,63
2024-08-20,Store_A,Product_C,25.3,0,35
2024-08-20,Store_B,Product_A,24.9,0,46
2024-08-20,Store_B,Product_B,27.6,0,65
2024-08-20,Store_B,Product_C,28.1,0,38
2024-08-20,Store_C,Product_A,28.8,0,40
2024-08-20,Store_C,Product_B,29.8,1,52
2024-08-20,Store_C,Product_C,28.2,0,27
2024-08-20,Store_D,Product_A,29.8,0,40
2024-08-20,Store_D,Product_B,29.5,1,80
2024-08-20,Store_D,Product_C,26.6,0,36
2024-08-21,Store_A,Product_A,30.2,0,39
2024-08-21,Store_A,Product_B,27.2,0,55
2024-08-21,Store_A,Product_C,26.2,0,33
2024-08-21,Store_B,Product_A,26.6,0,43
2024-08-21,Store_B,Product_B,26.9,0,68
2024-08-21,Store_B,Product_C,27.5,1,47
2024-08-21,Store_C,Product_A,27.8,0,37
2024-08-21,Store_C,Product_B,26.8,0,54
2024-08-21,Store_C,Product_C,27.1,0,31
2024-08-21,Store_D,Product_A,30.4,0,47
2024-08-21,Store_D,Product_B,26.0,0,59
2024-08-21,Store_D,Product_C,29.4,0,37
2024-08-22,Store_A,Product_A,26.2,0,37
2024-08-22,Store_A,Product_B,26.2,0,57
2024-08-22,Store_A,Product_C,28.4,0,35
2024-08-22,Store_B,Product_A,29.0,1,52
2024-08-22,Store_B,Product_B,23.7,0,69
2024-08-22,Store_B,Product_C,22.6,1,45
2024-08-22,Store_C,Product_A,26.0,0,39
2024-08-22,Store_C,Product_B,26.0,0,54
2024-08-22,Store_C,Product_C,27.9,0,30
2024-08-22,Store_D,Product_A,27.8,0,40
2024-08-22,Store_D,Product_B,30.0,0,55
2024-08-22,Store_D,Product_C,28.0,0,31
2024-08-23,Store_A,Product_A,25.5,0,45
2024-08-23,Store_A,Product_B,27.5,0,65
2024-08-23,Store_A,Product_C,32.7,0,32
2024-08-23,Store_B,Product_A,30.7,0,52
2024-08-23,Store_B,Product_B,27.3,0,70
2024-08-23,Store_B,Product_C,27.1,0,34
2024-08-23,Store_C,Product_A,27.6,0,40
2024-08-23,Store_C,Product_B,27.5,1,62
2024-08-23,Store_C,Product_C,31.0,0,27
2024-08-23,Store_D,Product_A,31.5,0,42
2024-08-23,Store_D,Product_B,26.3,0,65
2024-08-23,Store_D,Product_C,29.6,0,35
2024-08-24,Store_A,Product_A,25.7,0,51
2024-08-24,Store_A,Product_B,28.3,1,79
2024-08-24,Store_A,Product_C,31.6,0,37
2024-08-24,Store_B,Product_A,29.9,0,56
2024-08-24,Store_B,Product_B,26.4,0,73
2024-08-24,Store_B,Product_C,26.0,0,40
2024-08-24,Store_C,Product_A,29.1,1,52
2024-08-24,Store_C,Product_B,26.2,0,58
2024-08-24,Store_C,Product_C,27.5,0,33
2024-08-24,Store_D,Product_A,26.7,1,66
2024-08-24,Store_D,Product_B,26.1,0,64
2024-08-24,Store_D,Product_C,24.5,0,40
2024-08-25,Store_A,Product_A,27.4,0,47
2024-08-25,Store_A,Product_B,30.4,0,53
2024-08-25,Store_A,Product_C,28.9,0,37
2024-08-25,Store_B,Product_A,23.1,0,52
2024-08-25,Store_B,Product_B,26.9,0,79
2024-08-25,Store_B,Product_C,29.1,1,53
2024-08-25,Store_C,Product_A,28.9,0,42
2024-08-25,Store_C,Product_B,29.9,0,63
2024-08-25,Store_C,Product_C,29.0,1,42
2024-08-25,Store_D,Product_A,29.5,0,45
2024-08-25,Store_D,Product_B,26.8,0,82
2024-08-25,Store_D,Product_C,25.0,0,38
2024-08-26,Store_A,Product_A,27.6,1,46
2024-08-26,Store_A,Product_B,30.5,0,56
2024-08-26,Store_A,Product_C,25.4,0,29
2024-08-26,Store_B,Product_A,25.9,0,42
2024-08-26,Store_B,Product_B,25.7,0,67
2024-08-26,Store_B,Product_C,28.7,0,36
2024-08-26,Store_C,Product_A,29.1,0,39
2024-08-26,Store_C,Product_B,27.1,0,56
2024-08-26,Store_C,Product_C,26.3,0,27
2024-08-26,Store_D,Product_A,27.2,0,36
2024-08-26,Store_D,Product_B,26.8,0,74
2024-08-26,Store_D,Product_C,25.2,0,39
2024-08-27,Store_A,Product_A,26.8,0,39
2024-08-27,Store_A,Product_B,26.8,0,61
2024-08-27,Store_A,Product_C,24.5,0,32
2024-08-27,Store_B,Product_A,29.4,0,44
2024-08-27,Store_B,Product_B,30.5,0,65
2024-08-27,Store_B,Product_C,28.3,0,39
2024-08-27,Store_C,Product_A,28.1,0,36
2024-08-27,Store_C,Product_B,28.8,0,52
2024-08-27,Store_C,Product_C,26.8,0,30
2024-08-27,Store_D,Product_A,26.4,0,45
2024-08-27,Store_D,Product_B,27.8,1,71
2024-08-27,Store_D,Product_C,26.8,0,31
2024-08-28,Store_A,Product_A,25.9,0,41
2024-08-28,Store_A,Product_B,27.4,1,62
2024-08-28,Store_A,Product_C,25.5,0,31
2024-08-28,Store_B,Product_A,26.2,0,47
2024-08-28,Store_B,Product_B,28.1,0,62
2024-08-28,Store_B,Product_C,23.7,0,36
2024-08-28,Store_C,Product_A,27.3,0,38
2024-08-28,Store_C,Product_B,28.2,0,52
2024-08-28,Store_C,Product_C,26.1,0,29
2024-08-28,Store_D,Product_A,31.4,0,42
2024-08-28,Store_D,Product_B,25.2,0,57
2024-08-28,Store_D,Product_C,25.0,1,37
2024-08-29,Store_A,Product_A,25.2,1,56
2024-08-29,Store_A,Product_B,26.6,0,52
2024-08-29,Store_A,Product_C,27.0,0,30
2024-08-29,Store_B,Product_A,26.5,1,55
2024-08-29,Store_B,Product_B,29.0,0,73
2024-08-29,Store_B,Product_C,28.5,0,31
2024-08-29,Store_C,Product_A,27.7,0,33
2024-08-29,Store_C,Product_B,27.8,0,50
2024-08-29,Store_C,Product_C,24.5,0,32
2024-08-29,Store_D,Product_A,29.0,0,46
2024-08-29,Store_D,Product_B,29.2,0,60
2024-08-29,Store_D,Product_C,25.4,0,33
2024-08-30,Store_A,Product_A,27.0,0,40
2024-08-30,Store_A,Product_B,25.8,0,53
2024-08-30,Store_A,Product_C,28.2,0,27
2024-08-30,Store_B,Product_A,22.9,0,52
2024-08-30,Store_B,Product_B,27.2,0,73
2024-08-30,Store_B,Product_C,26.1,1,44
2024-08-30,Store_C,Product_A,27.8,0,33
2024-08-30,Store_C,Product_B,25.0,0,52
2024-08-30,Store_C,Product_C,25.0,1,34
2024-08-30,Store_D,Product_A,28.3,1,53
2024-08-30,Store_D,Product_B,23.4,0,62
2024-08-30,Store_D,Product_C,28.5,1,38
2024-08-31,Store_A,Product_A,25.1,0,49
2024-08-31,Store_A,Product_B,26.0,0,52
2024-08-31,Store_A,Product_C,27.9,0,27
2024-08-31,Store_B,Product_A,26.7,0,58
2024-08-31,Store_B,Product_B,28.7,0,79
2024-08-31,Store_B,Product_C,24.6,0,42
2024-08-31,Store_C,Product_A,30.0,1,53
2024-08-31,Store_C,Product_B,26.5,0,62
2024-08-31,Store_C,Product_C,25.1,0,32
2024-08-31,Store_D,Product_A,27.7,1,63
2024-08-31,Store_D,Product_B,26.6,0,67
2024-08-31,Store_D,Product_C,26.6,0,38
2024-09-01,Store_A,Product_A,29.9,0,42
2024-09-01,Store_A,Product_B,25.4,0,65
2024-09-01,Store_A,Product_C,26.9,0,38
2024-09-01,Store_B,Product_A,28.8,0,51
2024-09-01,Store_B,Product_B,24.6,0,83
2024-09-01,Store_B,Product_C,25.3,0,43
2024-09-01,Store_C,Product_A,25.1,0,43
2024-09-01,Store_C,Product_B,25.2,0,56
2024-09-01,Store_C,Product_C,24.9,1,43
2024-09-01,Store_D,Product_A,25.8,0,43
2024-09-01,Store_D,Product_B,26.5,0,77
2024-09-01,Store_D,Product_C,25.6,0,41
2024-09-02,Store_A,Product_A,29.2,0,39
2024-09-02,Store_A,Product_B,29.7,1,78
2024-09-02,Store_A,Product_C,24.2,0,28
2024-09-02,Store_B,Product_A,28.9,0,43
2024-09-02,Store_B,Product_B,27.6,1,84
2024-09-02,Store_B,Product_C,26.8,0,35
2024-09-02,Store_C,Product_A,26.8,0,41
2024-09-02,Store_C,Product_B,29.2,1,62
2024-09-02,Store_C,Product_C,28.0,0,29
2024-09-02,Store_D,Product_A,27.4,0,49
2024-09-02,Store_D,Product_B,26.0,0,59
2024-09-02,Store_D,Product_C,25.1,0,32
2024-09-03,Store_A,Product_A,23.2,0,41
2024-09-03,Store_A,Product_B,26.0,1,75
2024-09-03,Store_A,Product_C,26.0,0,28
2024-09-03,Store_B,Product_A,22.5,0,43
2024-09-03,Store_B,Product_B,26.4,0,65
2024-09-03,Store_B,Product_C,24.6,1,40
2024-09-03,Store_C,Product_A,26.9,0,38
2024-09-03,Store_C,Product_B,29.9,1,54
2024-09-03,Store_C,Product_C,26.1,1,35
2024-09-03,Store_D,Product_A,24.2,0,38
2024-09-03,Store_D,Product_B,27.3,0,56
2024-09-03,Store_D,Product_C,25.1,0,29
2024-09-04,Store_A,Product_A,27.5,0,39
2024-09-04,Store_A,Product_B,26.3,0,57
2024-09-04,Store_A,Product_C,23.7,0,33
2024-09-04,Store_B,Product_A,26.7,0,45
2024-09-04,Store_B,Product_B,24.8,0,58
2024-09-04,Store_B,Product_C,24.2,1,43
2024-09-04,Store_C,Product_A,25.2,0,40
2024-09-04,Store_C,Product_B,26.0,1,58
2024-09-04,Store_C,Product_C,25.4,0,29
2024-09-04,Store_D,Product_A,23.9,0,47
2024-09-04,Store_D,Product_B,31.0,0,62
2024-09-04,Store_D,Product_C,25.9,0,33
2024-09-05,Store_A,Product_A,22.2,0,40
2024-09-05,Store_A,Product_B,27.1,0,57
2024-09-05,Store_A,Product_C,24.8,0,35
2024-09-05,Store_B,Product_A,28.4,0,50
2024-09-05,Store_B,Product_B,27.6,0,65
2024-09-05,Store_B,Product_C,21.7,0,29
2024-09-05,Store_C,Product_A,26.9,0,37
2024-09-05,Store_C,Product_B,25.4,0,49
2024-09-05,Store_C,Product_C,30.1,0,26
2024-09-05,Store_D,Product_A,25.6,0,38
2024-09-05,Store_D,Product_B,25.6,1,78
2024-09-05,Store_D,Product_C,22.7,0,34
2024-09-06,Store_A,Product_A,25.4,0,36
2024-09-06,Store_A,Product_B,26.2,0,57
2024-09-06,Store_A,Product_C,24.8,0,31
2024-09-06,Store_B,Product_A,26.9,0,44
2024-09-06,Store_B,Product_B,30.4,0,60
2024-09-06,Store_B,Product_C,24.7,0,37
2024-09-06,Store_C,Product_A,26.0,0,39
2024-09-06,Store_C,Product_B,25.9,1,64
2024-09-06,Store_C,Product_C,22.6,0,28
2024-09-06,Store_D,Product_A,25.5,0,50
2024-09-06,Store_D,Product_B,20.2,0,63
2024-09-06,Store_D,Product_C,27.9,0,33
2024-09-07,Store_A,Product_A,22.2,0,49
2024-09-07,Store_A,Product_B,24.2,0,65
2024-09-07,Store_A,Product_C,23.2,0,34
2024-09-07,Store_B,Product_A,28.7,0,52
2024-09-07,Store_B,Product_B,25.3,1,93
2024-09-07,Store_B,Product_C,26.3,0,40
2024-09-07,Store_C,Product_A,25.9,0,41
2024-09-07,Store_C,Product_B,29.3,1,74
2024-09-07,Store_C,Product_C,24.2,0,33
2024-09-07,Store_D,Product_A,26.1,0,46
2024-09-07,Store_D,Product_B,26.6,0,69
2024-09-07,Store_D,Product_C,21.6,0,42
2024-09-08,Store_A,Product_A,23.1,1,47
2024-09-08,Store_A,Product_B,23.4,0,57
2024-09-08,Store_A,Product_C,26.9,1,45
2024-09-08,Store_B,Product_A,24.6,1,70
2024-09-08,Store_B,Product_B,21.9,0,75
2024-09-08,Store_B,Product_C,24.4,0,39
2024-09-08,Store_C,Product_A,25.7,1,52
2024-09-08,Store_C,Product_B,23.9,0,59
2024-09-08,Store_C,Product_C,25.1,0,31
2024-09-08,Store_D,Product_A,23.9,0,46
2024-09-08,Store_D,Product_B,24.8,1,93
2024-09-08,Store_D,Product_C,23.3,0,36
2024-09-09,Store_A,Product_A,22.1,0,43
2024-09-09,Store_A,Product_B,26.9,0,52
2024-09-09,Store_A,Product_C,29.7,0,26
2024-09-09,Store_B,Product_A,26.6,0,43
2024-09-09,Store_B,Product_B,24.2,0,75
2024-09-09,Store_B,Product_C,22.8,0,35
2024-09-09,Store_C,Product_A,28.5,0,33
2024-09-09,Store_C,Product_B,24.3,0,55
2024-09-09,Store_C,Product_C,26.5,0,30
2024-09-09,Store_D,Product_A,22.2,0,39
2024-09-09,Store_D,Product_B,27.8,0,57
2024-09-09,Store_D,Product_C,24.4,0,31
2024-09-10,Store_A,Product_A,25.9,0,31
2024-09-10,Store_A,Product_B,23.7,1,72
2024-09-10,Store_A,Product_C,22.6,0,28
2024-09-10,Store_B,Product_A,24.2,0,49
2024-09-10,Store_B,Product_B,25.8,0,67
2024-09-10,Store_B,Product_C,26.2,0,37
2024-09-10,Store_C,Product_A,23.7,0,35
2024-09-10,Store_C,Product_B,25.1,0,50
2024-09-10,Store_C,Product_C,27.4,1,30
2024-09-10,Store_D,Product_A,27.0,0,42
2024-09-10,Store_D,Product_B,25.8,0,63
2024-09-10,Store_D,Product_C,23.1,0,30
2024-09-11,Store_A,Product_A,24.1,0,42
2024-09-11,Store_A,Product_B,24.9,1,63
2024-09-11,Store_A,Product_C,24.0,0,29
2024-09-11,Store_B,Product_A,26.8,0,50
2024-09-11,Store_B,Product_B,23.7,0,70
2024-09-11,Store_B,Product_C,23.4,0,34
2024-09-11,Store_C,Product_A,27.1,0,34
2024-09-11,Store_C,Product_B,28.4,0,49
2024-09-11,Store_C,Product_C,27.6,0,25
2024-09-11,Store_D,Product_A,28.0,0,47
2024-09-11,Store_D,Product_B,27.0,0,59
2024-09-11,Store_D,Product_C,24.4,0,35
2024-09-12,Store_A,Product_A,21.6,0,43
2024-09-12,Store_A,Product_B,28.6,0,53
2024-09-12,Store_A,Product_C,23.9,0,27
2024-09-12,Store_B,Product_A,26.7,1,63
2024-09-12,Store_B,Product_B,25.8,0,66
2024-09-12,Store_B,Product_C,24.6,0,34
2024-09-12,Store_C,Product_A,28.8,0,43
2024-09-12,Store_C,Product_B,22.5,0,47
2024-09-12,Store_C,Product_C,29.2,0,31
2024-09-12,Store_D,Product_A,26.9,0,45
2024-09-12,Store_D,Product_B,26.7,0,60
2024-09-12,Store_D,Product_C,22.4,0,31
2024-09-13,Store_A,Product_A,24.3,0,37
2024-09-13,Store_A,Product_B,26.1,0,48
2024-09-13,Store_A,Product_C,22.8,0,28
2024-09-13,Store_B,Product_A,24.7,0,45
2024-09-13,Store_B,Product_B,27.7,0,66
2024-09-13,Store_B,Product_C,24.5,0,39
2024-09-13,Store_C,Product_A,27.1,0,46
2024-09-13,Store_C,Product_B,25.8,0,46
2024-09-13,Store_C,Product_C,22.1,0,29
2024-09-13,Store_D,Product_A,25.5,0,41
2024-09-13,Store_D,Product_B,22.6,1,78
2024-09-13,Store_D,Product_C,21.1,0,33
2024-09-14,Store_A,Product_A,26.3,0,43
2024-09-14,Store_A,Product_B,24.7,1,79
2024-09-14,Store_A,Product_C,24.2,0,33
2024-09-14,Store_B,Product_A,22.4,0,54
2024-09-14,Store_B,Product_B,26.0,0,66
2024-09-14,Store_B,Product_C,22.6,0,38
2024-09-14,Store_C,Product_A,20.8,0,37
2024-09-14,Store_C,Product_B,27.5,0,63
2024-09-14,Store_C,Product_C,24.5,0,32
2024-09-14,Store_D,Product_A,20.8,0,46
2024-09-14,Store_D,Product_B,27.3,0,69
2024-09-14,Store_D,Product_C,26.6,0,38
2024-09-15,Store_A,Product_A,25.6,0,42
2024-09-15,Store_A,Product_B,23.6,0,58
2024-09-15,Store_A,Product_C,25.1,0,37
2024-09-15,Store_B,Product_A,25.7,0,52
2024-09-15,Store_B,Product_B,24.0,0,68
2024-09-15,Store_B,Product_C,23.3,0,41
2024-09-15,Store_C,Product_A,25.7,0,40
2024-09-15,Store_C,Product_B,20.0,0,61
2024-09-15,Store_C,Product_C,24.6,0,28
2024-09-15,Store_D,Product_A,23.0,0,46
2024-09-15,Store_D,Product_B,23.1,0,70
2024-09-15,Store_D,Product_C,24.6,0,40
2024-09-16,Store_A,Product_A,23.6,0,39
2024-09-16,Store_A,Product_B,25.9,0,62
2024-09-16,Store_A,Product_C,24.8,0,29
2024-09-16,Store_B,Product_A,25.3,0,44
2024-09-16,Store_B,Product_B,22.9,0,64
2024-09-16,Store_B,Product_C,26.1,0,32
2024-09-16,Store_C,Product_A,24.2,1,41
2024-09-16,Store_C,Product_B,22.7,0,55
2024-09-16,Store_C,Product_C,24.0,0,24
2024-09-16,Store_D,Product_A,27.4,0,41
2024-09-16,Store_D,Product_B,25.9,0,61
2024-09-16,Store_D,Product_C,25.6,0,29
2024-09-17,Store_A,Product_A,24.5,0,37
2024-09-17,Store_A,Product_B,25.7,0,59
2024-09-17,Store_A,Product_C,22.6,0,32
2024-09-17,Store_B,Product_A,22.9,0,42
2024-09-17,Store_B,Product_B,24.5,0,67
2024-09-17,Store_B,Product_C,26.9,0,39
2024-09-17,Store_C,Product_A,25.0,0,32
2024-09-17,Store_C,Product_B,24.3,1,60
2024-09-17,Store_C,Product_C,24.8,0,27
2024-09-17,Store_D,Product_A,23.1,0,43
2024-09-17,Store_D,Product_B,28.1,0,68
2024-09-17,Store_D,Product_C,27.0,1,45
2024-09-18,Store_A,Product_A,21.1,0,38
2024-09-18,Store_A,Product_B,27.2,0,53
2024-09-18,Store_A,Product_C,21.1,0,31
2024-09-18,Store_B,Product_A,27.0,0,46
2024-09-18,Store_B,Product_B,22.3,1,80
2024-09-18,Store_B,Product_C,24.2,0,34
2024-09-18,Store_C,Product_A,24.4,1,43
2024-09-18,Store_C,Product_B,25.1,0,60
2024-09-18,Store_C,Product_C,22.8,0,22
2024-09-18,Store_D,Product_A,24.4,1,54
2024-09-18,Store_D,Product_B,24.2,0,66
2024-09-18,Store_D,Product_C,22.5,0,38
2024-09-19,Store_A,Product_A,24.1,1,46
2024-09-19,Store_A,Product_B,25.7,0,65
2024-09-19,Store_A,Product_C,22.2,1,36
2024-09-19,Store_B,Product_A,27.7,0,42
2024-09-19,Store_B,Product_B,23.0,1,81
2024-09-19,Store_B,Product_C,23.5,0,39
2024-09-19,Store_C,Product_A,24.2,0,32
2024-09-19,Store_C,Product_B,28.2,1,70
2024-09-19,Store_C,Product_C,22.1,1,35
2024-09-19,Store_D,Product_A,27.8,0,46
2024-09-19,Store_D,Product_B,25.5,0,58
2024-09-19,Store_D,Product_C,24.9,0,30
2024-09-20,Store_A,Product_A,23.0,0,35
2024-09-20,Store_A,Product_B,22.9,1,62
2024-09-20,Store_A,Product_C,22.3,1,40
2024-09-20,Store_B,Product_A,22.5,0,52
2024-09-20,Store_B,Product_B,20.9,0,62
2024-09-20,Store_B,Product_C,28.3,0,41
2024-09-20,Store_C,Product_A,26.5,0,32
2024-09-20,Store_C,Product_B,23.6,1,64
2024-09-20,Store_C,Product_C,24.8,0,30
2024-09-20,Store_D,Product_A,24.1,0,39
2024-09-20,Store_D,Product_B,27.7,1,66
2024-09-20,Store_D,Product_C,24.4,0,33
2024-09-21,Store_A,Product_A,22.9,0,43
2024-09-21,Store_A,Product_B,23.6,0,61
2024-09-21,Store_A,Product_C,26.8,0,34
2024-09-21,Store_B,Product_A,22.7,0,48
2024-09-21,Store_B,Product_B,24.0,0,70
2024-09-21,Store_B,Product_C,23.4,0,38
2024-09-21,Store_C,Product_A,25.0,0,34
2024-09-21,Store_C,Product_B,26.3,0,56
2024-09-21,Store_C,Product_C,23.9,0,37
2024-09-21,Store_D,Product_A,24.4,0,55
2024-09-21,Store_D,Product_B,25.8,1,89
2024-09-21,Store_D,Product_C,25.5,0,38
2024-09-22,Store_A,Product_A,20.6,0,45
2024-09-22,Store_A,Product_B,26.8,0,65
2024-09-22,Store_A,Product_C,23.3,0,40
2024-09-22,Store_B,Product_A,21.9,0,45
2024-09-22,Store_B,Product_B,21.9,0,76
2024-09-22,Store_B,Product_C,24.7,0,46
2024-09-22,Store_C,Product_A,23.0,0,37
2024-09-22,Store_C,Product_B,24.2,0,61
2024-09-22,Store_C,Product_C,21.2,0,33
2024-09-22,Store_D,Product_A,24.7,0,46
2024-09-22,Store_D,Product_B,26.7,0,75
2024-09-22,Store_D,Product_C,27.7,0,35
2024-09-23,Store_A,Product_A,22.1,0,42
2024-09-23,Store_A,Product_B,27.2,0,53
2024-09-23,Store_A,Product_C,25.0,0,34
2024-09-23,Store_B,Product_A,22.7,1,53
2024-09-23,Store_B,Product_B,21.5,0,69
2024-09-23,Store_B,Product_C,25.8,0,35
2024-09-23,Store_C,Product_A,22.5,0,36
2024-09-23,Store_C,Product_B,25.7,0,51
2024-09-23,Store_C,Product_C,23.7,0,28
2024-09-23,Store_D,Product_A,21.3,1,54
2024-09-23,Store_D,Product_B,27.6,0,49
2024-09-23,Store_D,Product_C,24.6,1,44
2024-09-24,Store_A,Product_A,24.4,0,41
2024-09-24,Store_A,Product_B,22.7,0,54
2024-09-24,Store_A,Product_C,22.9,0,27
2024-09-24,Store_B,Product_A,23.1,0,44
2024-09-24,Store_B,Product_B,20.3,0,62
2024-09-24,Store_B,Product_C,25.1,0,33
2024-09-24,Store_C,Product_A,21.9,0,37
2024-09-24,Store_C,Product_B,24.6,0,51
2024-09-24,Store_C,Product_C,25.0,0,29
2024-09-24,Store_D,Product_A,21.8,1,49
2024-09-24,Store_D,Product_B,21.5,0,64
2024-09-24,Store_D,Product_C,20.9,0,32
2024-09-25,Store_A,Product_A,22.1,0,38
2024-09-25,Store_A,Product_B,22.0,0,56
2024-09-25,Store_A,Product_C,24.1,0,29
2024-09-25,Store_B,Product_A,25.0,0,42
2024-09-25,Store_B,Product_B,22.5,0,58
2024-09-25,Store_B,Product_C,23.3,0,34
2024-09-25,Store_C,Product_A,24.9,0,39
2024-09-25,Store_C,Product_B,18.5,0,53
2024-09-25,Store_C,Product_C,21.6,0,27
2024-09-25,Store_D,Product_A,21.1,1,57
2024-09-25,Store_D,Product_B,22.5,1,76
2024-09-25,Store_D,Product_C,26.5,0,31
2024-09-26,Store_A,Product_A,17.9,1,48
2024-09-26,Store_A,Product_B,21.5,0,52
2024-09-26,Store_A,Product_C,23.9,0,29
2024-09-26,Store_B,Product_A,23.1,0,46
2024-09-26,Store_B,Product_B,24.1,0,61
2024-09-26,Store_B,Product_C,23.2,0,35
2024-09-26,Store_C,Product_A,23.6,0,34
2024-09-26,Store_C,Product_B,23.7,0,51
2024-09-26,Store_C,Product_C,25.8,0,24
2024-09-26,Store_D,Product_A,22.8,0,36
2024-09-26,Store_D,Product_B,24.2,1,74
2024-09-26,Store_D,Product_C,25.2,1,38
2024-09-27,Store_A,Product_A,23.1,0,40
2024-09-27,Store_A,Product_B,22.8,1,71
2024-09-27,Store_A,Product_C,27.0,0,29
2024-09-27,Store_B,Product_A,22.0,0,39
2024-09-27,Store_B,Product_B,23.9,0,61
2024-09-27,Store_B,Product_C,20.5,0,37
2024-09-27,Store_C,Product_A,26.2,1,39
2024-09-27,Store_C,Product_B,24.2,0,55
2024-09-27,Store_C,Product_C,21.7,0,27
2024-09-27,Store_D,Product_A,25.3,0,41
2024-09-27,Store_D,Product_B,24.9,0,61
2024-09-27,Store_D,Product_C,24.4,0,34
2024-09-28,Store_A,Product_A,22.5,0,44
2024-09-28,Store_A,Product_B,26.8,1,72
2024-09-28,Store_A,Product_C,24.5,0,33
2024-09-28,Store_B,Product_A,22.7,0,49
2024-09-28,Store_B,Product_B,24.4,0,73
2024-09-28,Store_B,Product_C,20.6,0,43
2024-09-28,Store_C,Product_A,25.2,0,41
2024-09-28,Store_C,Product_B,24.4,0,59
2024-09-28,Store_C,Product_C,24.0,0,29
2024-09-28,Store_D,Product_A,22.6,0,55
2024-09-28,Store_D,Product_B,22.1,0,85
2024-09-28,Store_D,Product_C,18.8,0,31
2024-09-29,Store_A,Product_A,23.9,0,45
2024-09-29,Store_A,Product_B,23.1,0,55
2024-09-29,Store_A,Product_C,24.8,0,40
2024-09-29,Store_B,Product_A,22.4,0,50
2024-09-29,Store_B,Product_B,23.9,0,72
2024-09-29,Store_B,Product_C,22.5,0,38
2024-09-29,Store_C,Product_A,24.0,0,40
2024-09-29,Store_C,Product_B,22.0,0,55
2024-09-29,Store_C,Product_C,22.3,1,34
2024-09-29,Store_D,Product_A,21.6,0,45
2024-09-29,Store_D,Product_B,24.6,0,67
2024-09-29,Store_D,Product_C,23.1,0,35
2024-09-30,Store_A,Product_A,21.0,0,37
2024-09-30,Store_A,Product_B,24.7,0,65
2024-09-30,Store_A,Product_C,22.4,0,31
2024-09-30,Store_B,Product_A,22.9,1,50
2024-09-30,Store_B,Product_B,23.7,0,65
2024-09-30,Store_B,Product_C,22.4,0,27
2024-09-30,Store_C,Product_A,24.3,0,34
2024-09-30,Store_C,Product_B,23.5,0,39
2024-09-30,Store_C,Product_C,21.4,0,24
2024-09-30,Store_D,Product_A,24.6,0,44
2024-09-30,Store_D,Product_B,21.5,0,64
2024-09-30,Store_D,Product_C,21.5,1,34
2024-10-01,Store_A,Product_A,23.3,0,50
2024-10-01,Store_A,Product_B,19.1,0,74
2024-10-01,Store_A,Product_C,20.6,0,39
2024-10-01,Store_B,Product_A,24.5,0,58
2024-10-01,Store_B,Product_B,23.2,0,84
2024-10-01,Store_B,Product_C,25.5,0,41
2024-10-01,Store_C,Product_A,24.7,0,45
2024-10-01,Store_C,Product_B,22.6,0,58
2024-10-01,Store_C,Product_C,22.0,0,34
2024-10-01,Store_D,Product_A,22.7,0,58
2024-10-01,Store_D,Product_B,18.6,0,74
2024-10-01,Store_D,Product_C,23.7,0,40
2024-10-02,Store_A,Product_A,23.9,1,49
2024-10-02,Store_A,Product_B,22.4,0,50
2024-10-02,Store_A,Product_C,20.0,1,37
2024-10-02,Store_B,Product_A,22.2,0,41
2024-10-02,Store_B,Product_B,22.3,0,65
2024-10-02,Store_B,Product_C,21.1,0,34
2024-10-02,Store_C,Product_A,24.0,0,39
2024-10-02,Store_C,Product_B,23.5,1,68
2024-10-02,Store_C,Product_C,18.8,0,29
2024-10-02,Store_D,Product_A,23.3,0,39
2024-10-02,Store_D,Product_B,21.2,0,58
2024-10-02,Store_D,Product_C,21.9,0,33
2024-10-03,Store_A,Product_A,20.8,0,34
2024-10-03,Store_A,Product_B,21.6,0,57
2024-10-03,Store_A,Product_C,19.7,0,30
2024-10-03,Store_B,Product_A,24.2,0,48
2024-10-03,Store_B,Product_B,22.9,0,75
2024-10-03,Store_B,Product_C,25.4,0,37
2024-10-03,Store_C,Product_A,21.2,0,30
2024-10-03,Store_C,Product_B,20.8,0,55
2024-10-03,Store_C,Product_C,20.4,0,26
2024-10-03,Store_D,Product_A,25.7,0,41
2024-10-03,Store_D,Product_B,23.7,0,62
2024-10-03,Store_D,Product_C,22.5,0,36
2024-10-04,Store_A,Product_A,23.5,0,38
2024-10-04,Store_A,Product_B,18.4,0,62
2024-10-04,Store_A,Product_C,18.8,0,32
2024-10-04,Store_B,Product_A,18.4,0,41
2024-10-04,Store_B,Product_B,18.2,0,66
2024-10-04,Store_B,Product_C,20.5,0,30
2024-10-04,Store_C,Product_A,21.9,0,36
2024-10-04,Store_C,Product_B,24.1,0,51
2024-10-04,Store_C,Product_C,20.4,0,28
2024-10-04,Store_D,Product_A,22.7,1,57
2024-10-04,Store_D,Product_B,20.0,1,69
2024-10-04,Store_D,Product_C,23.8,0,32
2024-10-05,Store_A,Product_A,27.3,0,48
2024-10-05,Store_A,Product_B,23.2,0,61
2024-10-05,Store_A,Product_C,26.3,0,34
2024-10-05,Store_B,Product_A,27.0,0,54
2024-10-05,Store_B,Product_B,20.2,0,68
2024-10-05,Store_B,Product_C,21.1,0,39
2024-10-05,Store_C,Product_A,21.5,0,40
2024-10-05,Store_C,Product_B,21.1,0,57
2024-10-05,Store_C,Product_C,21.1,0,32
2024-10-05,Store_D,Product_A,25.0,0,51
2024-10-05,Store_D,Product_B,22.3,0,64
2024-10-05,Store_D,Product_C,24.5,0,32
2024-10-06,Store_A,Product_A,22.9,0,48
2024-10-06,Store_A,Product_B,21.5,0,56
2024-10-06,Store_A,Product_C,19.9,0,35
2024-10-06,Store_B,Product_A,22.1,0,49
2024-10-06,Store_B,Product_B,23.5,0,76
2024-10-06,Store_B,Product_C,22.3,0,40
2024-10-06,Store_C,Product_A,21.7,0,39
2024-10-06,Store_C,Product_B,27.5,0,59
2024-10-06,Store_C,Product_C,24.8,0,32
2024-10-06,Store_D,Product_A,18.7,1,55
2024-10-06,Store_D,Product_B,22.9,0,72
2024-10-06,Store_D,Product_C,21.9,1,41
2024-10-07,Store_A,Product_A,22.3,0,38
2024-10-07,Store_A,Product_B,21.3,0,47
2024-10-07,Store_A,Product_C,24.6,0,32
2024-10-07,Store_B,Product_A,20.0,1,64
2024-10-07,Store_B,Product_B,24.7,0,59
2024-10-07,Store_B,Product_C,20.1,0,31
2024-10-07,Store_C,Product_A,21.7,0,33
2024-10-07,Store_C,Product_B,27.0,0,49
2024-10-07,Store_C,Product_C,21.6,0,32
2024-10-07,Store_D,Product_A,22.6,0,45
2024-10-07,Store_D,Product_B,18.6,1,75
2024-10-07,Store_D,Product_C,23.9,1,37
2024-10-08,Store_A,Product_A,22.3,0,39
2024-10-08,Store_A,Product_B,21.7,1,65
2024-10-08,Store_A,Product_C,20.1,0,30
2024-10-08,Store_B,Product_A,19.9,0,40
2024-10-08,Store_B,Product_B,21.5,0,69
2024-10-08,Store_B,Product_C,23.3,0,35
2024-10-08,Store_C,Product_A,21.8,0,36
2024-10-08,Store_C,Product_B,22.6,0,46
2024-10-08,Store_C,Product_C,20.1,0,24
2024-10-08,Store_D,Product_A,22.0,0,36
2024-10-08,Store_D,Product_B,22.5,0,61
2024-10-08,Store_D,Product_C,18.5,0,33
2024-10-09,Store_A,Product_A,23.0,1,49
2024-10-09,Store_A,Product_B,22.5,0,67
2024-10-09,Store_A,Product_C,21.0,0,29
2024-10-09,Store_B,Product_A,22.4,0,52
2024-10-09,Store_B,Product_B,17.7,1,77
2024-10-09,Store_B,Product_C,21.5,0,29
2024-10-09,Store_C,Product_A,21.0,0,33
2024-10-09,Store_C,Product_B,22.2,0,44
2024-10-09,Store_C,Product_C,22.8,1,33
2024-10-09,Store_D,Product_A,18.0,0,42
2024-10-09,Store_D,Product_B,20.3,1,81
2024-10-09,Store_D,Product_C,18.4,0,29
2024-10-10,Store_A,Product_A,23.1,0,41
2024-10-10,Store_A,Product_B,22.3,0,58
2024-10-10,Store_A,Product_C,22.5,0,36
2024-10-10,Store_B,Product_A,20.5,0,48
2024-10-10,Store_B,Product_B,18.3,0,64
2024-10-10,Store_B,Product_C,21.6,1,45
2024-10-10,Store_C,Product_A,20.3,0,35
2024-10-10,Store_C,Product_B,22.7,0,51
2024-10-10,Store_C,Product_C,20.3,0,32
2024-10-10,Store_D,Product_A,20.1,0,43
2024-10-10,Store_D,Product_B,16.4,0,61
2024-10-10,Store_D,Product_C,21.3,1,43
2024-10-11,Store_A,Product_A,20.7,0,41
2024-10-11,Store_A,Product_B,20.9,1,64
2024-10-11,Store_A,Product_C,24.8,0,32
2024-10-11,Store_B,Product_A,20.8,1,50
2024-10-11,Store_B,Product_B,22.7,0,63
2024-10-11,Store_B,Product_C,23.8,1,48
2024-10-11,Store_C,Product_A,25.0,1,51
2024-10-11,Store_C,Product_B,21.1,1,65
2024-10-11,Store_C,Product_C,19.1,1,36
2024-10-11,Store_D,Product_A,19.2,0,48
2024-10-11,Store_D,Product_B,19.1,0,60
2024-10-11,Store_D,Product_C,22.1,0,35
2024-10-12,Store_A,Product_A,18.5,0,42
2024-10-12,Store_A,Product_B,24.3,1,71
2024-10-12,Store_A,Product_C,24.4,1,42
2024-10-12,Store_B,Product_A,23.8,0,51
2024-10-12,Store_B,Product_B,22.0,0,60
2024-10-12,Store_B,Product_C,19.2,0,44
2024-10-12,Store_C,Product_A,19.5,0,38
2024-10-12,Store_C,Product_B,20.1,0,58
2024-10-12,Store_C,Product_C,22.0,0,33
2024-10-12,Store_D,Product_A,25.9,0,45
2024-10-12,Store_D,Product_B,20.3,0,70
2024-10-12,Store_D,Product_C,23.4,0,34
2024-10-13,Store_A,Product_A,22.2,0,40
2024-10-13,Store_A,Product_B,21.3,0,61
2024-10-13,Store_A,Product_C,20.5,1,36
2024-10-13,Store_B,Product_A,20.5,0,53
2024-10-13,Store_B,Product_B,21.4,0,75
2024-10-13,Store_B,Product_C,22.2,0,42
2024-10-13,Store_C,Product_A,19.4,0,43
2024-10-13,Store_C,Product_B,22.0,0,58
2024-10-13,Store_C,Product_C,23.5,0,35
2024-10-13,Store_D,Product_A,23.8,1,55
2024-10-13,Store_D,Product_B,20.1,0,63
2024-10-13,Store_D,Product_C,19.5,0,34
2024-10-14,Store_A,Product_A,19.2,0,37
2024-10-14,Store_A,Product_B,20.5,0,57
2024-10-14,Store_A,Product_C,21.1,0,30
2024-10-14,Store_B,Product_A,22.0,0,54
2024-10-14,Store_B,Product_B,21.7,0,57
2024-10-14,Store_B,Product_C,20.8,0,34
2024-10-14,Store_C,Product_A,21.3,0,32
2024-10-14,Store_C,Product_B,16.6,0,47
2024-10-14,Store_C,Product_C,21.7,0,27
2024-10-14,Store_D,Product_A,18.9,0,45
2024-10-14,Store_D,Product_B,16.7,0,64
2024-10-14,Store_D,Product_C,22.0,0,30
2024-10-15,Store_A,Product_A,19.2,0,43
2024-10-15,Store_A,Product_B,22.0,0,67
2024-10-15,Store_A,Product_C,19.2,0,36
2024-10-15,Store_B,Product_A,19.2,0,51
2024-10-15,Store_B,Product_B,17.5,1,118
2024-10-15,Store_B,Product_C,21.9,0,41
2024-10-15,Store_C,Product_A,22.4,0,45
2024-10-15,Store_C,Product_B,22.1,0,66
2024-10-15,Store_C,Product_C,21.4,0,35
2024-10-15,Store_D,Product_A,20.0,0,52
2024-10-15,Store_D,Product_B,20.6,0,70
2024-10-15,Store_D,Product_C,19.9,0,36
2024-10-16,Store_A,Product_A,23.9,0,41
2024-10-16,Store_A,Product_B,19.3,0,56
2024-10-16,Store_A,Product_C,14.6,0,29
2024-10-16,Store_B,Product_A,21.9,1,62
2024-10-16,Store_B,Product_B,23.0,0,63
2024-10-16,Store_B,Product_C,19.4,0,37
2024-10-16,Store_C,Product_A,18.2,0,37
2024-10-16,Store_C,Product_B,22.5,1,56
2024-10-16,Store_C,Product_C,22.3,0,29
2024-10-16,Store_D,Product_A,16.5,0,44
2024-10-16,Store_D,Product_B,24.4,0,59
2024-10-16,Store_D,Product_C,21.6,0,35
2024-10-17,Store_A,Product_A,22.2,0,40
2024-10-17,Store_A,Product_B,19.4,0,63
2024-10-17,Store_A,Product_C,20.9,0,31
2024-10-17,Store_B,Product_A,19.7,0,49
2024-10-17,Store_B,Product_B,16.3,0,73
2024-10-17,Store_B,Product_C,24.1,1,42
2024-10-17,Store_C,Product_A,19.1,0,32
2024-10-17,Store_C,Product_B,20.0,0,52
2024-10-17,Store_C,Product_C,18.3,1,38
2024-10-17,Store_D,Product_A,20.3,0,46
2024-10-17,Store_D,Product_B,20.5,0,59
2024-10-17,Store_D,Product_C,17.8,1,38
2024-10-18,Store_A,Product_A,23.9,0,36
2024-10-18,Store_A,Product_B,22.6,0,55
2024-10-18,Store_A,Product_C,17.5,0,32
2024-10-18,Store_B,Product_A,20.4,1,58
2024-10-18,Store_B,Product_B,22.6,0,57
2024-10-18,Store_B,Product_C,20.1,0,34
2024-10-18,Store_C,Product_A,18.5,0,38
2024-10-18,Store_C,Product_B,18.4,0,47
2024-10-18,Store_C,Product_C,16.0,0,27
2024-10-18,Store_D,Product_A,20.7,0,42
2024-10-18,Store_D,Product_B,21.3,0,66
2024-10-18,Store_D,Product_C,18.4,0,37
2024-10-19,Store_A,Product_A,20.9,0,43
2024-10-19,Store_A,Product_B,19.4,0,59
2024-10-19,Store_A,Product_C,21.3,0,37
2024-10-19,Store_B,Product_A,23.1,0,53
2024-10-19,Store_B,Product_B,20.2,1,83
2024-10-19,Store_B,Product_C,18.5,0,35
2024-10-19,Store_C,Product_A,19.5,0,40
2024-10-19,Store_C,Product_B,18.0,1,76
2024-10-19,Store_C,Product_C,14.2,0,35
2024-10-19,Store_D,Product_A,19.1,0,56
2024-10-19,Store_D,Product_B,19.6,0,76
2024-10-19,Store_D,Product_C,24.3,0,39
2024-10-20,Store_A,Product_A,21.1,0,49
2024-10-20,Store_A,Product_B,20.9,0,65
2024-10-20,Store_A,Product_C,16.4,0,37
2024-10-20,Store_B,Product_A,19.3,0,58
2024-10-20,Store_B,Product_B,23.0,0,80
2024-10-20,Store_B,Product_C,16.4,0,45
2024-10-20,Store_C,Product_A,16.7,0,41
2024-10-20,Store_C,Product_B,22.0,0,57
2024-10-20,Store_C,Product_C,20.5,0,31
2024-10-20,Store_D,Product_A,17.4,0,51
2024-10-20,Store_D,Product_B,18.2,0,69
2024-10-20,Store_D,Product_C,22.2,0,42
2024-10-21,Store_A,Product_A,27.0,0,40
2024-10-21,Store_A,Product_B,21.9,0,63
2024-10-21,Store_A,Product_C,18.9,0,29
2024-10-21,Store_B,Product_A,20.0,0,46
2024-10-21,Store_B,Product_B,18.8,1,78
2024-10-21,Store_B,Product_C,19.3,0,39
2024-10-21,Store_C,Product_A,21.1,0,40
2024-10-21,Store_C,Product_B,19.3,0,49
2024-10-21,Store_C,Product_C,19.8,0,23
2024-10-21,Store_D,Product_A,15.7,0,40
2024-10-21,Store_D,Product_B,23.1,0,67
2024-10-21,Store_D,Product_C,19.2,0,32
2024-10-22,Store_A,Product_A,20.3,0,37
2024-10-22,Store_A,Product_B,18.5,0,56
2024-10-22,Store_A,Product_C,19.8,0,31
2024-10-22,Store_B,Product_A,21.7,0,46
2024-10-22,Store_B,Product_B,20.1,0,64
2024-10-22,Store_B,Product_C,22.7,0,40
2024-10-22,Store_C,Product_A,21.5,1,46
2024-10-22,Store_C,Product_B,22.5,0,53
2024-10-22,Store_C,Product_C,17.9,0,25
2024-10-22,Store_D,Product_A,17.7,0,42
2024-10-22,Store_D,Product_B,23.1,1,73
2024-10-22,Store_D,Product_C,16.8,0,40
2024-10-23,Store_A,Product_A,18.8,0,38
2024-10-23,Store_A,Product_B,22.4,0,56
2024-10-23,Store_A,Product_C,19.6,0,27
2024-10-23,Store_B,Product_A,22.1,1,45
2024-10-23,Store_B,Product_B,19.1,0,64
2024-10-23,Store_B,Product_C,19.6,1,51
2024-10-23,Store_C,Product_A,19.4,0,39
2024-10-23,Store_C,Product_B,19.3,1,63
2024-10-23,Store_C,Product_C,21.1,1,35
2024-10-23,Store_D,Product_A,17.7,0,43
2024-10-23,Store_D,Product_B,18.2,0,60
2024-10-23,Store_D,Product_C,17.8,0,35
2024-10-24,Store_A,Product_A,18.0,0,29
2024-10-24,Store_A,Product_B,22.4,0,57
2024-10-24,Store_A,Product_C,16.1,0,30
2024-10-24,Store_B,Product_A,17.5,0,41
2024-10-24,Store_B,Product_B,16.9,0,70
2024-10-24,Store_B,Product_C,21.4,0,34
2024-10-24,Store_C,Product_A,19.4,0,37
2024-10-24,Store_C,Product_B,20.6,0,48
2024-10-24,Store_C,Product_C,22.3,0,29
2024-10-24,Store_D,Product_A,14.8,0,45
2024-10-24,Store_D,Product_B,17.3,0,63
2024-10-24,Store_D,Product_C,17.0,0,30
2024-10-25,Store_A,Product_A,18.7,0,48
2024-10-25,Store_A,Product_B,19.0,0,73
2024-10-25,Store_A,Product_C,21.4,0,36
2024-10-25,Store_B,Product_A,18.2,1,66
2024-10-25,Store_B,Product_B,17.1,0,84
2024-10-25,Store_B,Product_C,19.3,0,49
2024-10-25,Store_C,Product_A,20.6,0,38
2024-10-25,Store_C,Product_B,21.4,0,58
2024-10-25,Store_C,Product_C,21.4,0,36
2024-10-25,Store_D,Product_A,21.7,0,47
2024-10-25,Store_D,Product_B,19.6,1,101
2024-10-25,Store_D,Product_C,20.3,0,40
2024-10-26,Store_A,Product_A,19.9,0,48
2024-10-26,Store_A,Product_B,20.2,0,63
2024-10-26,Store_A,Product_C,17.6,1,36
2024-10-26,Store_B,Product_A,17.9,1,63
2024-10-26,Store_B,Product_B,16.0,0,69
2024-10-26,Store_B,Product_C,18.8,0,42
2024-10-26,Store_C,Product_A,18.6,0,45
2024-10-26,Store_C,Product_B,22.1,0,55
2024-10-26,Store_C,Product_C,18.5,1,35
2024-10-26,Store_D,Product_A,20.0,0,48
2024-10-26,Store_D,Product_B,22.1,0,65
2024-10-26,Store_D,Product_C,21.8,0,36
2024-10-27,Store_A,Product_A,20.2,0,44
2024-10-27,Store_A,Product_B,25.9,0,64
2024-10-27,Store_A,Product_C,13.8,1,44
2024-10-27,Store_B,Product_A,19.7,1,59
2024-10-27,Store_B,Product_B,20.5,0,78
2024-10-27,Store_B,Product_C,20.5,0,39
2024-10-27,Store_C,Product_A,17.6,0,43
2024-10-27,Store_C,Product_B,15.7,0,61
2024-10-27,Store_C,Product_C,20.4,0,38
2024-10-27,Store_D,Product_A,17.5,0,54
2024-10-27,Store_D,Product_B,23.1,1,85
2024-10-27,Store_D,Product_C,18.5,0,35
2024-10-28,Store_A,Product_A,18.4,0,45
2024-10-28,Store_A,Product_B,20.8,0,55
2024-10-28,Store_A,Product_C,22.2,0,31
2024-10-28,Store_B,Product_A,16.9,0,43
2024-10-28,Store_B,Product_B,22.1,0,68
2024-10-28,Store_B,Product_C,21.8,0,29
2024-10-28,Store_C,Product_A,17.7,0,35
2024-10-28,Store_C,Product_B,19.7,1,70
2024-10-28,Store_C,Product_C,18.8,1,30
2024-10-28,Store_D,Product_A,20.1,0,46
2024-10-28,Store_D,Product_B,17.6,0,68
2024-10-28,Store_D,Product_C,22.1,0,38
2024-10-29,Store_A,Product_A,17.8,0,41
2024-10-29,Store_A,Product_B,16.4,0,62
2024-10-29,Store_A,Product_C,18.4,1,35
2024-10-29,Store_B,Product_A,19.4,0,39
2024-10-29,Store_B,Product_B,20.8,0,65
2024-10-29,Store_B,Product_C,18.0,0,33
2024-10-29,Store_C,Product_A,17.1,1,45
2024-10-29,Store_C,Product_B,18.9,0,58
2024-10-29,Store_C,Product_C,16.8,0,29
2024-10-29,Store_D,Product_A,19.3,0,46
2024-10-29,Store_D,Product_B,20.5,0,62
2024-10-29,Store_D,Product_C,19.4,0,31
2024-10-30,Store_A,Product_A,16.5,0,34
2024-10-30,Store_A,Product_B,16.9,0,56
2024-10-30,Store_A,Product_C,18.5,0,36
2024-10-30,Store_B,Product_A,20.2,0,54
2024-10-30,Store_B,Product_B,16.0,1,68
2024-10-30,Store_B,Product_C,19.7,1,46
2024-10-30,Store_C,Product_A,19.7,0,37
2024-10-30,Store_C,Product_B,22.0,0,51
2024-10-30,Store_C,Product_C,17.8,0,26
2024-10-30,Store_D,Product_A,17.1,0,39
2024-10-30,Store_D,Product_B,19.7,1,80
2024-10-30,Store_D,Product_C,18.4,0,36
2024-10-31,Store_A,Product_A,18.8,0,40
2024-10-31,Store_A,Product_B,18.5,0,61
2024-10-31,Store_A,Product_C,16.7,0,29
2024-10-31,Store_B,Product_A,18.7,1,57
2024-10-31,Store_B,Product_B,19.9,0,70
2024-10-31,Store_B,Product_C,16.2,1,42
2024-10-31,Store_C,Product_A,16.6,1,41
2024-10-31,Store_C,Product_B,16.6,1,54
2024-10-31,Store_C,Product_C,18.2,1,32
2024-10-31,Store_D,Product_A,20.8,0,46
2024-10-31,Store_D,Product_B,14.1,0,62
2024-10-31,Store_D,Product_C,18.4,1,39
2024-11-01,Store_A,Product_A,18.9,0,46
2024-11-01,Store_A,Product_B,18.7,1,77
2024-11-01,Store_A,Product_C,16.1,0,39
2024-11-01,Store_B,Product_A,17.8,0,58
2024-11-01,Store_B,Product_B,17.9,0,72
2024-11-01,Store_B,Product_C,19.1,1,59
2024-11-01,Store_C,Product_A,16.8,0,45
2024-11-01,Store_C,Product_B,17.6,0,68
2024-11-01,Store_C,Product_C,16.5,0,31
2024-11-01,Store_D,Product_A,17.8,0,52
2024-11-01,Store_D,Product_B,21.7,0,70
2024-11-01,Store_D,Product_C,15.4,0,43
2024-11-02,Store_A,Product_A,18.4,0,45
2024-11-02,Store_A,Product_B,17.3,0,63
2024-11-02,Store_A,Product_C,18.1,1,42
2024-11-02,Store_B,Product_A,17.3,0,44
2024-11-02,Store_B,Product_B,19.4,1,95
2024-11-02,Store_B,Product_C,19.6,1,45
2024-11-02,Store_C,Product_A,18.9,0,42
2024-11-02,Store_C,Product_B,19.2,0,60
2024-11-02,Store_C,Product_C,19.3,0,33
2024-11-02,Store_D,Product_A,19.1,0,52
2024-11-02,Store_D,Product_B,18.0,0,73
2024-11-02,Store_D,Product_C,18.7,1,53
2024-11-03,Store_A,Product_A,22.4,0,46
2024-11-03,Store_A,Product_B,18.1,0,70
2024-11-03,Store_A,Product_C,20.1,0,35
2024-11-03,Store_B,Product_A,19.6,0,44
2024-11-03,Store_B,Product_B,21.5,1,100
2024-11-03,Store_B,Product_C,18.1,0,44
2024-11-03,Store_C,Product_A,18.1,0,38
2024-11-03,Store_C,Product_B,20.2,0,54
2024-11-03,Store_C,Product_C,14.2,0,36
2024-11-03,Store_D,Product_A,18.7,0,48
2024-11-03,Store_D,Product_B,16.1,0,63
2024-11-03,Store_D,Product_C,17.6,0,38
2024-11-04,Store_A,Product_A,20.6,0,46
2024-11-04,Store_A,Product_B,18.1,0,55
2024-11-04,Store_A,Product_C,19.3,0,32
2024-11-04,Store_B,Product_A,17.8,0,45
2024-11-04,Store_B,Product_B,19.1,1,69
2024-11-04,Store_B,Product_C,15.6,0,35
2024-11-04,Store_C,Product_A,17.4,0,35
2024-11-04,Store_C,Product_B,23.7,0,58
2024-11-04,Store_C,Product_C,17.7,0,33
2024-11-04,Store_D,Product_A,18.9,0,43
2024-11-04,Store_D,Product_B,14.4,0,59
2024-11-04,Store_D,Product_C,17.3,0,33
2024-11-05,Store_A,Product_A,20.9,0,39
2024-11-05,Store_A,Product_B,18.7,0,52
2024-11-05,Store_A,Product_C,20.7,0,36
2024-11-05,Store_B,Product_A,18.2,0,47
2024-11-05,Store_B,Product_B,15.1,1,85
2024-11-05,Store_B,Product_C,22.6,0,35
2024-11-05,Store_C,Product_A,18.8,0,38
2024-11-05,Store_C,Product_B,18.9,0,57
2024-11-05,Store_C,Product_C,17.9,0,29
2024-11-05,Store_D,Product_A,21.5,0,44
2024-11-05,Store_D,Product_B,16.7,0,74
2024-11-05,Store_D,Product_C,17.3,0,35
2024-11-06,Store_A,Product_A,17.6,0,45
2024-11-06,Store_A,Product_B,15.8,0,52
2024-11-06,Store_A,Product_C,21.9,0,32
2024-11-06,Store_B,Product_A,21.3,0,43
2024-11-06,Store_B,Product_B,16.9,1,80
2024-11-06,Store_B,Product_C,20.3,0,40
2024-11-06,Store_C,Product_A,18.6,1,49
2024-11-06,Store_C,Product_B,17.2,0,56
2024-11-06,Store_C,Product_C,17.7,0,26
2024-11-06,Store_D,Product_A,17.1,0,44
2024-11-06,Store_D,Product_B,18.2,0,64
2024-11-06,Store_D,Product_C,18.3,0,34
2024-11-07,Store_A,Product_A,13.9,0,45
2024-11-07,Store_A,Product_B,17.2,0,63
2024-11-07,Store_A,Product_C,14.5,0,33
2024-11-07,Store_B,Product_A,15.6,0,47
2024-11-07,Store_B,Product_B,16.4,0,66
2024-11-07,Store_B,Product_C,21.1,1,42
2024-11-07,Store_C,Product_A,16.6,1,47
2024-11-07,Store_C,Product_B,16.9,0,43
2024-11-07,Store_C,Product_C,19.1,0,28
2024-11-07,Store_D,Product_A,15.0,0,46
2024-11-07,Store_D,Product_B,16.5,0,69
2024-11-07,Store_D,Product_C,19.1,0,39
2024-11-08,Store_A,Product_A,16.3,0,41
2024-11-08,Store_A,Product_B,12.8,1,65
2024-11-08,Store_A,Product_C,19.7,0,29
2024-11-08,Store_B,Product_A,18.3,0,47
2024-11-08,Store_B,Product_B,14.5,0,72
2024-11-08,Store_B,Product_C,17.3,0,37
2024-11-08,Store_C,Product_A,15.6,1,41
2024-11-08,Store_C,Product_B,14.3,0,49
2024-11-08,Store_C,Product_C,16.5,0,27
2024-11-08,Store_D,Product_A,14.6,0,42
2024-11-08,Store_D,Product_B,20.6,1,78
2024-11-08,Store_D,Product_C,19.0,1,37
2024-11-09,Store_A,Product_A,19.2,1,57
2024-11-09,Store_A,Product_B,16.5,0,64
2024-11-09,Store_A,Product_C,20.6,0,42
2024-11-09,Store_B,Product_A,18.8,0,55
2024-11-09,Store_B,Product_B,15.0,0,71
2024-11-09,Store_B,Product_C,21.1,0,42
2024-11-09,Store_C,Product_A,19.8,1,50
2024-11-09,Store_C,Product_B,16.3,1,68
2024-11-09,Store_C,Product_C,17.3,0,31
2024-11-09,Store_D,Product_A,16.9,0,49
2024-11-09,Store_D,Product_B,19.1,1,93
2024-11-09,Store_D,Product_C,18.3,0,45
2024-11-10,Store_A,Product_A,16.4,0,44
2024-11-10,Store_A,Product_B,17.2,0,75
2024-11-10,Store_A,Product_C,15.5,0,39
2024-11-10,Store_B,Product_A,22.2,0,55
2024-11-10,Store_B,Product_B,12.5,0,71
2024-11-10,Store_B,Product_C,20.6,1,42
2024-11-10,Store_C,Product_A,20.5,0,45
2024-11-10,Store_C,Product_B,19.8,0,70
2024-11-10,Store_C,Product_C,16.0,0,32
2024-11-10,Store_D,Product_A,17.0,0,57
2024-11-10,Store_D,Product_B,15.9,0,68
2024-11-10,Store_D,Product_C,20.1,0,41
2024-11-11,Store_A,Product_A,18.2,0,41
2024-11-11,Store_A,Product_B,12.5,0,58
2024-11-11,Store_A,Product_C,18.2,0,34
2024-11-11,Store_B,Product_A,22.6,0,49
2024-11-11,Store_B,Product_B,20.1,1,77
2024-11-11,Store_B,Product_C,17.2,1,44
2024-11-11,Store_C,Product_A,15.0,1,44
2024-11-11,Store_C,Product_B,18.2,0,51
2024-11-11,Store_C,Product_C,17.1,0,27
2024-11-11,Store_D,Product_A,16.6,0,53
2024-11-11,Store_D,Product_B,17.6,0,65
2024-11-11,Store_D,Product_C,16.5,1,41
2024-11-12,Store_A,Product_A,16.1,1,44
2024-11-12,Store_A,Product_B,14.9,1,81
2024-11-12,Store_A,Product_C,15.9,0,34
2024-11-12,Store_B,Product_A,17.5,0,51
2024-11-12,Store_B,Product_B,17.0,0,66
2024-11-12,Store_B,Product_C,15.5,0,30
2024-11-12,Store_C,Product_A,12.9,0,39
2024-11-12,Store_C,Product_B,19.6,0,55
2024-11-12,Store_C,Product_C,15.7,0,28
2024-11-12,Store_D,Product_A,17.3,0,47
2024-11-12,Store_D,Product_B,17.7,1,62
2024-11-12,Store_D,Product_C,17.7,0,32
2024-11-13,Store_A,Product_A,19.9,0,37
2024-11-13,Store_A,Product_B,14.3,0,63
2024-11-13,Store_A,Product_C,18.3,0,30
2024-11-13,Store_B,Product_A,19.7,0,54
2024-11-13,Store_B,Product_B,17.9,1,77
2024-11-13,Store_B,Product_C,16.5,0,37
2024-11-13,Store_C,Product_A,19.0,0,39
2024-11-13,Store_C,Product_B,17.0,1,61
2024-11-13,Store_C,Product_C,16.0,0,26
2024-11-13,Store_D,Product_A,18.3,0,45
2024-11-13,Store_D,Product_B,11.6,1,87
2024-11-13,Store_D,Product_C,18.7,0,36
2024-11-14,Store_A,Product_A,16.8,0,46
2024-11-14,Store_A,Product_B,17.7,0,58
2024-11-14,Store_A,Product_C,18.2,0,34
2024-11-14,Store_B,Product_A,15.4,0,50
2024-11-14,Store_B,Product_B,19.3,0,71
2024-11-14,Store_B,Product_C,18.5,0,39
2024-11-14,Store_C,Product_A,21.2,0,37
2024-11-14,Store_C,Product_B,17.9,0,56
2024-11-14,Store_C,Product_C,16.9,0,30
2024-11-14,Store_D,Product_A,20.8,0,44
2024-11-14,Store_D,Product_B,16.4,1,77
2024-11-14,Store_D,Product_C,19.5,1,39
2024-11-15,Store_A,Product_A,17.1,0,53
2024-11-15,Store_A,Product_B,17.2,0,66
2024-11-15,Store_A,Product_C,16.9,1,52
2024-11-15,Store_B,Product_A,18.4,0,60
2024-11-15,Store_B,Product_B,15.2,0,88
2024-11-15,Store_B,Product_C,20.2,0,49
2024-11-15,Store_C,Product_A,22.4,0,51
2024-11-15,Store_C,Product_B,21.0,0,68
2024-11-15,Store_C,Product_C,18.2,1,50
2024-11-15,Store_D,Product_A,18.5,0,54
2024-11-15,Store_D,Product_B,14.7,1,96
2024-11-15,Store_D,Product_C,18.0,0,40
2024-11-16,Store_A,Product_A,17.7,0,39
2024-11-16,Store_A,Product_B,18.2,1,85
2024-11-16,Store_A,Product_C,16.6,1,44
2024-11-16,Store_B,Product_A,16.1,0,59
2024-11-16,Store_B,Product_B,16.6,0,93
2024-11-16,Store_B,Product_C,17.9,0,45
2024-11-16,Store_C,Product_A,19.3,1,56
2024-11-16,Store_C,Product_B,17.9,0,57
2024-11-16,Store_C,Product_C,15.7,1,33
2024-11-16,Store_D,Product_A,17.2,0,61
2024-11-16,Store_D,Product_B,16.7,0,75
2024-11-16,Store_D,Product_C,15.7,0,40
2024-11-17,Store_A,Product_A,19.0,0,43
2024-11-17,Store_A,Product_B,15.8,0,57
2024-11-17,Store_A,Product_C,16.2,1,46
2024-11-17,Store_B,Product_A,14.0,0,54
2024-11-17,Store_B,Product_B,14.8,0,84
2024-11-17,Store_B,Product_C,13.7,0,40
2024-11-17,Store_C,Product_A,21.0,0,41
2024-11-17,Store_C,Product_B,17.2,0,66
2024-11-17,Store_C,Product_C,18.5,0,32
2024-11-17,Store_D,Product_A,11.8,0,51
2024-11-17,Store_D,Product_B,16.1,0,71
2024-11-17,Store_D,Product_C,11.5,0,44
2024-11-18,Store_A,Product_A,17.9,0,42
2024-11-18,Store_A,Product_B,21.8,0,52
2024-11-18,Store_A,Product_C,20.3,1,44
2024-11-18,Store_B,Product_A,14.1,0,54
2024-11-18,Store_B,Product_B,20.5,0,68
2024-11-18,Store_B,Product_C,16.6,1,51
2024-11-18,Store_C,Product_A,16.0,0,37
2024-11-18,Store_C,Product_B,13.0,0,57
2024-11-18,Store_C,Product_C,14.9,0,33
2024-11-18,Store_D,Product_A,18.5,0,48
2024-11-18,Store_D,Product_B,13.9,1,93
2024-11-18,Store_D,Product_C,16.4,0,38
2024-11-19,Store_A,Product_A,16.2,0,38
2024-11-19,Store_A,Product_B,14.5,0,67
2024-11-19,Store_A,Product_C,17.4,0,34
2024-11-19,Store_B,Product_A,19.5,1,70
2024-11-19,Store_B,Product_B,15.1,0,59
2024-11-19,Store_B,Product_C,20.6,0,38
2024-11-19,Store_C,Product_A,15.0,0,38
2024-11-19,Store_C,Product_B,15.1,0,57
2024-11-19,Store_C,Product_C,19.0,0,33
2024-11-19,Store_D,Product_A,14.8,0,46
2024-11-19,Store_D,Product_B,15.1,1,79
2024-11-19,Store_D,Product_C,18.0,1,41
2024-11-20,Store_A,Product_A,17.0,1,52
2024-11-20,Store_A,Product_B,15.5,0,61
2024-11-20,Store_A,Product_C,14.3,0,34
2024-11-20,Store_B,Product_A,17.0,0,48
2024-11-20,Store_B,Product_B,18.7,0,65
2024-11-20,Store_B,Product_C,18.7,0,38
2024-11-20,Store_C,Product_A,20.0,0,34
2024-11-20,Store_C,Product_B,14.7,0,53
2024-11-20,Store_C,Product_C,18.4,0,31
2024-11-20,Store_D,Product_A,16.4,0,48
2024-11-20,Store_D,Product_B,13.2,0,65
2024-11-20,Store_D,Product_C,14.8,0,37
2024-11-21,Store_A,Product_A,18.1,0,46
2024-11-21,Store_A,Product_B,19.2,0,65
2024-11-21,Store_A,Product_C,17.9,0,34
2024-11-21,Store_B,Product_A,17.2,1,56
2024-11-21,Store_B,Product_B,14.4,0,68
2024-11-21,Store_B,Product_C,20.3,0,41
2024-11-21,Store_C,Product_A,19.4,0,42
2024-11-21,Store_C,Product_B,18.1,0,49
2024-11-21,Store_C,Product_C,19.8,0,32
2024-11-21,Store_D,Product_A,18.6,0,54
2024-11-21,Store_D,Product_B,18.7,0,66
2024-11-21,Store_D,Product_C,16.2,0,36
2024-11-22,Store_A,Product_A,14.4,0,40
2024-11-22,Store_A,Product_B,15.8,0,58
2024-11-22,Store_A,Product_C,18.6,0,28
2024-11-22,Store_B,Product_A,18.9,1,58
2024-11-22,Store_B,Product_B,17.3,0,71
2024-11-22,Store_B,Product_C,18.4,0,44
2024-11-22,Store_C,Product_A,14.9,0,39
2024-11-22,Store_C,Product_B,18.2,0,58
2024-11-22,Store_C,Product_C,15.0,0,27
2024-11-22,Store_D,Product_A,16.2,0,42
2024-11-22,Store_D,Product_B,18.6,1,74
2024-11-22,Store_D,Product_C,16.9,0,35
2024-11-23,Store_A,Product_A,17.3,0,47
2024-11-23,Store_A,Product_B,16.6,1,96
2024-11-23,Store_A,Product_C,15.8,0,36
2024-11-23,Store_B,Product_A,15.5,0,59
2024-11-23,Store_B,Product_B,15.4,0,83
2024-11-23,Store_B,Product_C,17.9,0,50
2024-11-23,Store_C,Product_A,18.1,0,42
2024-11-23,Store_C,Product_B,15.9,0,73
2024-11-23,Store_C,Product_C,16.9,0,35
2024-11-23,Store_D,Product_A,13.4,0,49
2024-11-23,Store_D,Product_B,15.7,0,69
2024-11-23,Store_D,Product_C,17.6,0,37
2024-11-24,Store_A,Product_A,19.3,0,53
2024-11-24,Store_A,Product_B,16.5,1,88
2024-11-24,Store_A,Product_C,17.0,0,37
2024-11-24,Store_B,Product_A,17.6,0,61
2024-11-24,Store_B,Product_B,18.2,0,84
2024-11-24,Store_B,Product_C,15.2,0,49
2024-11-24,Store_C,Product_A,18.9,0,44
2024-11-24,Store_C,Product_B,16.9,0,54
2024-11-24,Store_C,Product_C,17.2,1,43
2024-11-24,Store_D,Product_A,14.8,0,55
2024-11-24,Store_D,Product_B,21.6,1,91
2024-11-24,Store_D,Product_C,19.8,1,47
2024-11-25,Store_A,Product_A,19.9,0,51
2024-11-25,Store_A,Product_B,18.8,0,79
2024-11-25,Store_A,Product_C,19.9,0,38
2024-11-25,Store_B,Product_A,10.9,0,59
2024-11-25,Store_B,Product_B,14.8,0,84
2024-11-25,Store_B,Product_C,19.1,0,51
2024-11-25,Store_C,Product_A,16.5,0,46
2024-11-25,Store_C,Product_B,17.1,0,74
2024-11-25,Store_C,Product_C,15.3,0,37
2024-11-25,Store_D,Product_A,14.5,0,47
2024-11-25,Store_D,Product_B,20.3,0,81
2024-11-25,Store_D,Product_C,13.0,0,47
2024-11-26,Store_A,Product_A,16.2,0,51
2024-11-26,Store_A,Product_B,19.3,0,63
2024-11-26,Store_A,Product_C,20.8,0,33
2024-11-26,Store_B,Product_A,19.7,0,44
2024-11-26,Store_B,Product_B,20.7,1,78
2024-11-26,Store_B,Product_C,15.9,0,40
2024-11-26,Store_C,Product_A,15.8,0,40
2024-11-26,Store_C,Product_B,17.5,0,57
2024-11-26,Store_C,Product_C,16.7,0,28
2024-11-26,Store_D,Product_A,18.4,0,44
2024-11-26,Store_D,Product_B,16.4,0,66
2024-11-26,Store_D,Product_C,17.2,0,38
2024-11-27,Store_A,Product_A,20.9,0,43
2024-11-27,Store_A,Product_B,18.0,1,76
2024-11-27,Store_A,Product_C,16.3,1,43
2024-11-27,Store_B,Product_A,15.9,0,54
2024-11-27,Store_B,Product_B,18.9,0,67
2024-11-27,Store_B,Product_C,21.9,0,36
2024-11-27,Store_C,Product_A,16.9,0,40
2024-11-27,Store_C,Product_B,18.9,0,57
2024-11-27,Store_C,Product_C,18.7,0,33
2024-11-27,Store_D,Product_A,18.4,0,39
2024-11-27,Store_D,Product_B,12.5,0,56
2024-11-27,Store_D,Product_C,17.4,0,37
2024-11-28,Store_A,Product_A,16.8,0,47
2024-11-28,Store_A,Product_B,12.8,0,69
2024-11-28,Store_A,Product_C,18.5,1,41
2024-11-28,Store_B,Product_A,15.9,0,45
2024-11-28,Store_B,Product_B,14.3,0,67
2024-11-28,Store_B,Product_C,11.2,0,42
2024-11-28,Store_C,Product_A,17.0,0,29
2024-11-28,Store_C,Product_B,17.0,0,58
2024-11-28,Store_C,Product_C,16.4,0,30
2024-11-28,Store_D,Product_A,15.2,0,47
2024-11-28,Store_D,Product_B,16.7,0,63
2024-11-28,Store_D,Product_C,16.3,1,47
2024-11-29,Store_A,Product_A,14.7,1,46
2024-11-29,Store_A,Product_B,17.2,0,56
2024-11-29,Store_A,Product_C,15.6,0,35
2024-11-29,Store_B,Product_A,14.9,0,56
2024-11-29,Store_B,Product_B,16.5,0,83
2024-11-29,Store_B,Product_C,17.9,0,39
2024-11-29,Store_C,Product_A,19.6,0,41
2024-11-29,Store_C,Product_B,16.4,0,54
2024-11-29,Store_C,Product_C,17.1,0,30
2024-11-29,Store_D,Product_A,16.9,1,48
2024-11-29,Store_D,Product_B,16.5,0,59
2024-11-29,Store_D,Product_C,15.6,0,36
2024-11-30,Store_A,Product_A,14.5,1,53
2024-11-30,Store_A,Product_B,16.2,0,58
2024-11-30,Store_A,Product_C,17.0,1,44
2024-11-30,Store_B,Product_A,16.0,0,52
2024-11-30,Store_B,Product_B,16.2,0,82
2024-11-30,Store_B,Product_C,16.6,0,43
2024-11-30,Store_C,Product_A,14.5,0,44
2024-11-30,Store_C,Product_B,13.1,0,71
2024-11-30,Store_C,Product_C,19.2,0,36
2024-11-30,Store_D,Product_A,16.1,0,52
2024-11-30,Store_D,Product_B,15.4,0,86
2024-11-30,Store_D,Product_C,15.3,1,51
2024-12-01,Store_A,Product_A,16.7,1,72
2024-12-01,Store_A,Product_B,16.6,1,103
2024-12-01,Store_A,Product_C,18.3,0,45
2024-12-01,Store_B,Product_A,18.0,0,75
2024-12-01,Store_B,Product_B,17.0,1,119
2024-12-01,Store_B,Product_C,17.5,1,68
2024-12-01,Store_C,Product_A,16.8,0,59
2024-12-01,Store_C,Product_B,16.3,0,91
2024-12-01,Store_C,Product_C,15.7,0,47
2024-12-01,Store_D,Product_A,16.4,0,58
2024-12-01,Store_D,Product_B,16.5,1,112
2024-12-01,Store_D,Product_C,17.3,0,50
2024-12-02,Store_A,Product_A,19.2,0,43
2024-12-02,Store_A,Product_B,16.2,1,69
2024-12-02,Store_A,Product_C,19.3,0,36
2024-12-02,Store_B,Product_A,15.1,0,47
2024-12-02,Store_B,Product_B,17.0,0,62
2024-12-02,Store_B,Product_C,14.9,0,41
2024-12-02,Store_C,Product_A,16.7,0,38
2024-12-02,Store_C,Product_B,16.8,1,79
2024-12-02,Store_C,Product_C,19.2,0,32
2024-12-02,Store_D,Product_A,14.2,0,48
2024-12-02,Store_D,Product_B,16.0,1,79
2024-12-02,Store_D,Product_C,18.5,0,36
2024-12-03,Store_A,Product_A,13.1,1,54
2024-12-03,Store_A,Product_B,16.6,0,62
2024-12-03,Store_A,Product_C,13.2,0,33
2024-12-03,Store_B,Product_A,16.0,0,52
2024-12-03,Store_B,Product_B,14.4,1,77
2024-12-03,Store_B,Product_C,21.5,0,42
2024-12-03,Store_C,Product_A,18.0,0,39
2024-12-03,Store_C,Product_B,17.9,0,49
2024-12-03,Store_C,Product_C,17.3,0,37
2024-12-03,Store_D,Product_A,11.7,1,59
2024-12-03,Store_D,Product_B,16.6,0,62
2024-12-03,Store_D,Product_C,21.5,0,41
2024-12-04,Store_A,Product_A,18.7,0,49
2024-12-04,Store_A,Product_B,15.7,0,61
2024-12-04,Store_A,Product_C,17.1,0,32
2024-12-04,Store_B,Product_A,18.1,0,49
2024-12-04,Store_B,Product_B,18.0,0,75
2024-12-04,Store_B,Product_C,17.1,0,39
2024-12-04,Store_C,Product_A,13.2,1,55
2024-12-04,Store_C,Product_B,15.9,0,57
2024-12-04,Store_C,Product_C,17.2,0,33
2024-12-04,Store_D,Product_A,16.3,0,53
2024-12-04,Store_D,Product_B,18.1,0,67
2024-12-04,Store_D,Product_C,15.7,0,35
2024-12-05,Store_A,Product_A,14.1,0,46
2024-12-05,Store_A,Product_B,18.8,0,70
2024-12-05,Store_A,Product_C,16.9,0,31
2024-12-05,Store_B,Product_A,14.9,0,57
2024-12-05,Store_B,Product_B,17.7,0,77
2024-12-05,Store_B,Product_C,16.0,0,39
2024-12-05,Store_C,Product_A,16.7,0,44
2024-12-05,Store_C,Product_B,16.5,0,64
2024-12-05,Store_C,Product_C,18.3,0,31
2024-12-05,Store_D,Product_A,15.0,0,46
2024-12-05,Store_D,Product_B,12.7,1,77
2024-12-05,Store_D,Product_C,16.6,0,30
2024-12-06,Store_A,Product_A,18.8,0,45
2024-12-06,Store_A,Product_B,13.5,1,70
2024-12-06,Store_A,Product_C,16.0,0,33
2024-12-06,Store_B,Product_A,12.8,1,54
2024-12-06,Store_B,Product_B,17.4,0,67
2024-12-06,Store_B,Product_C,16.4,0,41
2024-12-06,Store_C,Product_A,12.4,0,37
2024-12-06,Store_C,Product_B,17.2,0,58
2024-12-06,Store_C,Product_C,15.8,0,32
2024-12-06,Store_D,Product_A,19.8,0,47
2024-12-06,Store_D,Product_B,21.2,0,57
2024-12-06,Store_D,Product_C,14.1,0,33
2024-12-07,Store_A,Product_A,19.7,0,53
2024-12-07,Store_A,Product_B,17.7,0,69
2024-12-07,Store_A,Product_C,15.1,0,41
2024-12-07,Store_B,Product_A,11.0,0,64
2024-12-07,Store_B,Product_B,18.3,0,87
2024-12-07,Store_B,Product_C,16.4,0,39
2024-12-07,Store_C,Product_A,18.2,0,45
2024-12-07,Store_C,Product_B,19.8,0,64
2024-12-07,Store_C,Product_C,15.4,1,44
2024-12-07,Store_D,Product_A,15.0,1,70
2024-12-07,Store_D,Product_B,18.5,0,73
2024-12-07,Store_D,Product_C,16.8,1,53
2024-12-08,Store_A,Product_A,18.1,0,45
2024-12-08,Store_A,Product_B,14.6,1,91
2024-12-08,Store_A,Product_C,15.9,0,41
2024-12-08,Store_B,Product_A,17.2,0,60
2024-12-08,Store_B,Product_B,19.8,0,89
2024-12-08,Store_B,Product_C,19.5,1,58
2024-12-08,Store_C,Product_A,19.4,0,45
2024-12-08,Store_C,Product_B,14.9,0,64
2024-12-08,Store_C,Product_C,18.7,0,40
2024-12-08,Store_D,Product_A,17.3,0,48
2024-12-08,Store_D,Product_B,19.4,0,76
2024-12-08,Store_D,Product_C,14.7,0,42
2024-12-09,Store_A,Product_A,15.9,0,46
2024-12-09,Store_A,Product_B,17.4,1,76
2024-12-09,Store_A,Product_C,13.3,0,31
2024-12-09,Store_B,Product_A,14.8,0,50
2024-12-09,Store_B,Product_B,15.0,0,73
2024-12-09,Store_B,Product_C,16.3,0,45
2024-12-09,Store_C,Product_A,19.6,0,39
2024-12-09,Store_C,Product_B,15.8,0,55
2024-12-09,Store_C,Product_C,16.4,0,33
2024-12-09,Store_D,Product_A,14.3,0,54
2024-12-09,Store_D,Product_B,17.5,0,63
2024-12-09,Store_D,Product_C,14.4,0,36
2024-12-10,Store_A,Product_A,18.0,0,47
2024-12-10,Store_A,Product_B,17.4,0,66
2024-12-10,Store_A,Product_C,15.5,0,32
2024-12-10,Store_B,Product_A,13.4,0,50
2024-12-10,Store_B,Product_B,17.7,0,75
2024-12-10,Store_B,Product_C,14.1,0,37
2024-12-10,Store_C,Product_A,17.7,0,42
2024-12-10,Store_C,Product_B,13.7,0,53
2024-12-10,Store_C,Product_C,16.5,0,33
2024-12-10,Store_D,Product_A,14.8,1,68
2024-12-10,Store_D,Product_B,15.2,0,72
2024-12-10,Store_D,Product_C,13.4,0,37
2024-12-11,Store_A,Product_A,15.1,0,45
2024-12-11,Store_A,Product_B,14.1,0,67
2024-12-11,Store_A,Product_C,14.0,1,44
2024-12-11,Store_B,Product_A,16.2,0,48
2024-12-11,Store_B,Product_B,12.9,0,70
2024-12-11,Store_B,Product_C,15.8,0,39
2024-12-11,Store_C,Product_A,14.8,1,46
2024-12-11,Store_C,Product_B,17.0,0,56
2024-12-11,Store_C,Product_C,17.1,0,27
2024-12-11,Store_D,Product_A,18.1,1,60
2024-12-11,Store_D,Product_B,16.6,1,84
2024-12-11,Store_D,Product_C,14.2,0,38
2024-12-12,Store_A,Product_A,15.9,1,55
2024-12-12,Store_A,Product_B,20.5,0,65
2024-12-12,Store_A,Product_C,13.7,0,33
2024-12-12,Store_B,Product_A,14.1,0,58
2024-12-12,Store_B,Product_B,16.6,0,89
2024-12-12,Store_B,Product_C,16.1,0,45
2024-12-12,Store_C,Product_A,16.8,0,39
2024-12-12,Store_C,Product_B,16.6,0,55
2024-12-12,Store_C,Product_C,19.1,0,33
2024-12-12,Store_D,Product_A,19.2,0,50
2024-12-12,Store_D,Product_B,17.8,0,72
2024-12-12,Store_D,Product_C,16.6,1,44
2024-12-13,Store_A,Product_A,16.8,1,60
2024-12-13,Store_A,Product_B,15.0,0,67
2024-12-13,Store_A,Product_C,14.9,0,33
2024-12-13,Store_B,Product_A,13.8,0,47
2024-12-13,Store_B,Product_B,19.2,1,91
2024-12-13,Store_B,Product_C,15.4,0,45
2024-12-13,Store_C,Product_A,15.6,0,40
2024-12-13,Store_C,Product_B,18.3,0,62
2024-12-13,Store_C,Product_C,16.4,0,31
2024-12-13,Store_D,Product_A,17.2,0,51
2024-12-13,Store_D,Product_B,15.6,0,69
2024-12-13,Store_D,Product_C,18.6,0,35
2024-12-14,Store_A,Product_A,18.7,0,48
2024-12-14,Store_A,Product_B,17.0,0,71
2024-12-14,Store_A,Product_C,15.3,0,48
2024-12-14,Store_B,Product_A,16.4,0,61
2024-12-14,Store_B,Product_B,14.0,0,88
2024-12-14,Store_B,Product_C,17.0,0,49
2024-12-14,Store_C,Product_A,15.2,0,47
2024-12-14,Store_C,Product_B,15.1,1,65
2024-12-14,Store_C,Product_C,16.1,0,34
2024-12-14,Store_D,Product_A,13.5,0,57
2024-12-14,Store_D,Product_B,17.3,1,89
2024-12-14,Store_D,Product_C,14.6,0,47
2024-12-15,Store_A,Product_A,15.7,0,64
2024-12-15,Store_A,Product_B,19.8,0,95
2024-12-15,Store_A,Product_C,15.7,0,49
2024-12-15,Store_B,Product_A,15.5,0,71
2024-12-15,Store_B,Product_B,17.7,0,112
2024-12-15,Store_B,Product_C,14.8,1,74
2024-12-15,Store_C,Product_A,15.3,0,57
2024-12-15,Store_C,Product_B,17.0,1,88
2024-12-15,Store_C,Product_C,15.0,0,50
2024-12-15,Store_D,Product_A,18.3,0,73
2024-12-15,Store_D,Product_B,19.7,0,108
2024-12-15,Store_D,Product_C,15.4,0,53
2024-12-16,Store_A,Product_A,15.4,1,61
2024-12-16,Store_A,Product_B,15.2,0,59
2024-12-16,Store_A,Product_C,15.7,0,37
2024-12-16,Store_B,Product_A,16.2,1,57
2024-12-16,Store_B,Product_B,17.9,1,88
2024-12-16,Store_B,Product_C,16.1,0,41
2024-12-16,Store_C,Product_A,16.7,0,37
2024-12-16,Store_C,Product_B,15.1,1,72
2024-12-16,Store_C,Product_C,14.2,0,34
2024-12-16,Store_D,Product_A,15.9,0,49
2024-12-16,Store_D,Product_B,13.1,0,72
2024-12-16,Store_D,Product_C,17.4,0,33
2024-12-17,Store_A,Product_A,13.3,0,45
2024-12-17,Store_A,Product_B,15.4,0,66
2024-12-17,Store_A,Product_C,13.3,0,35
2024-12-17,Store_B,Product_A,19.5,1,59
2024-12-17,Store_B,Product_B,19.0,0,77
2024-12-17,Store_B,Product_C,12.8,1,46
2024-12-17,Store_C,Product_A,13.2,0,46
2024-12-17,Store_C,Product_B,14.2,0,57
2024-12-17,Store_C,Product_C,18.5,0,33
2024-12-17,Store_D,Product_A,14.9,0,53
2024-12-17,Store_D,Product_B,15.0,1,78
2024-12-17,Store_D,Product_C,17.2,0,37
2024-12-18,Store_A,Product_A,14.3,0,49
2024-12-18,Store_A,Product_B,14.0,0,73
2024-12-18,Store_A,Product_C,17.2,0,35
2024-12-18,Store_B,Product_A,15.0,0,48
2024-12-18,Store_B,Product_B,16.9,1,95
2024-12-18,Store_B,Product_C,15.2,0,35
2024-12-18,Store_C,Product_A,15.5,0,44
2024-12-18,Store_C,Product_B,15.5,0,64
2024-12-18,Store_C,Product_C,14.4,0,29
2024-12-18,Store_D,Product_A,15.8,0,56
2024-12-18,Store_D,Product_B,14.3,0,81
2024-12-18,Store_D,Product_C,15.1,1,56
2024-12-19,Store_A,Product_A,19.2,0,44
2024-12-19,Store_A,Product_B,15.1,0,65
2024-12-19,Store_A,Product_C,15.7,0,31
2024-12-19,Store_B,Product_A,19.3,0,56
2024-12-19,Store_B,Product_B,18.4,0,79
2024-12-19,Store_B,Product_C,14.0,0,45
2024-12-19,Store_C,Product_A,13.0,1,52
2024-12-19,Store_C,Product_B,21.1,0,63
2024-12-19,Store_C,Product_C,17.4,1,38
2024-12-19,Store_D,Product_A,19.2,0,50
2024-12-19,Store_D,Product_B,15.6,0,69
2024-12-19,Store_D,Product_C,13.2,0,42
2024-12-20,Store_A,Product_A,17.3,0,44
2024-12-20,Store_A,Product_B,15.1,0,68
2024-12-20,Store_A,Product_C,16.3,0,33
2024-12-20,Store_B,Product_A,16.8,0,47
2024-12-20,Store_B,Product_B,16.2,0,70
2024-12-20,Store_B,Product_C,15.0,0,42
2024-12-20,Store_C,Product_A,12.0,0,37
2024-12-20,Store_C,Product_B,18.4,1,67
2024-12-20,Store_C,Product_C,12.0,0,36
2024-12-20,Store_D,Product_A,16.4,0,52
2024-12-20,Store_D,Product_B,18.3,0,71
2024-12-20,Store_D,Product_C,17.4,0,34
2024-12-21,Store_A,Product_A,16.1,0,49
2024-12-21,Store_A,Product_B,15.4,1,78
2024-12-21,Store_A,Product_C,13.5,0,40
2024-12-21,Store_B,Product_A,15.2,0,60
2024-12-21,Store_B,Product_B,15.9,0,86
2024-12-21,Store_B,Product_C,17.1,0,46
2024-12-21,Store_C,Product_A,16.3,0,51
2024-12-21,Store_C,Product_B,12.5,0,67
2024-12-21,Store_C,Product_C,13.8,0,37
2024-12-21,Store_D,Product_A,14.2,0,61
2024-12-21,Store_D,Product_B,18.8,0,83
2024-12-21,Store_D,Product_C,17.6,0,43
2024-12-22,Store_A,Product_A,17.0,1,66
2024-12-22,Store_A,Product_B,15.7,0,75
2024-12-22,Store_A,Product_C,17.5,1,46
2024-12-22,Store_B,Product_A,14.7,0,59
2024-12-22,Store_B,Product_B,17.8,1,107
2024-12-22,Store_B,Product_C,15.5,0,47
2024-12-22,Store_C,Product_A,17.1,0,53
2024-12-22,Store_C,Product_B,14.3,0,71
2024-12-22,Store_C,Product_C,12.3,0,38
2024-12-22,Store_D,Product_A,19.6,1,80
2024-12-22,Store_D,Product_B,16.7,0,67
2024-12-22,Store_D,Product_C,14.6,0,48
2024-12-23,Store_A,Product_A,14.6,0,46
2024-12-23,Store_A,Product_B,15.9,0,68
2024-12-23,Store_A,Product_C,16.2,0,32
2024-12-23,Store_B,Product_A,19.9,0,48
2024-12-23,Store_B,Product_B,12.8,0,73
2024-12-23,Store_B,Product_C,19.0,0,48
2024-12-23,Store_C,Product_A,15.0,0,39
2024-12-23,Store_C,Product_B,11.9,0,71
2024-12-23,Store_C,Product_C,15.8,1,40
2024-12-23,Store_D,Product_A,16.6,0,49
2024-12-23,Store_D,Product_B,13.0,1,81
2024-12-23,Store_D,Product_C,17.2,0,46
2024-12-24,Store_A,Product_A,13.9,0,46
2024-12-24,Store_A,Product_B,16.2,0,58
2024-12-24,Store_A,Product_C,13.5,0,36
2024-12-24,Store_B,Product_A,17.3,0,51
2024-12-24,Store_B,Product_B,12.3,0,77
2024-12-24,Store_B,Product_C,15.1,0,45
2024-12-24,Store_C,Product_A,14.0,0,44
2024-12-24,Store_C,Product_B,16.5,0,57
2024-12-24,Store_C,Product_C,16.7,0,31
2024-12-24,Store_D,Product_A,14.8,0,46
2024-12-24,Store_D,Product_B,14.6,1,92
2024-12-24,Store_D,Product_C,17.9,0,34
2024-12-25,Store_A,Product_A,17.9,0,63
2024-12-25,Store_A,Product_B,14.4,0,79
2024-12-25,Store_A,Product_C,15.2,0,43
2024-12-25,Store_B,Product_A,15.1,0,73
2024-12-25,Store_B,Product_B,15.3,0,97
2024-12-25,Store_B,Product_C,19.2,0,60
2024-12-25,Store_C,Product_A,15.1,0,60
2024-12-25,Store_C,Product_B,12.7,0,77
2024-12-25,Store_C,Product_C,14.8,1,50
2024-12-25,Store_D,Product_A,17.1,0,64
2024-12-25,Store_D,Product_B,14.3,1,109
2024-12-25,Store_D,Product_C,16.1,0,54
2024-12-26,Store_A,Product_A,16.5,0,43
2024-12-26,Store_A,Product_B,13.9,0,74
2024-12-26,Store_A,Product_C,16.2,0,36
2024-12-26,Store_B,Product_A,16.5,0,57
2024-12-26,Store_B,Product_B,16.9,0,77
2024-12-26,Store_B,Product_C,16.9,0,42
2024-12-26,Store_C,Product_A,13.2,1,53
2024-12-26,Store_C,Product_B,14.8,0,58
2024-12-26,Store_C,Product_C,19.4,1,44
2024-12-26,Store_D,Product_A,16.5,0,61
2024-12-26,Store_D,Product_B,15.9,0,70
2024-12-26,Store_D,Product_C,14.3,0,37
2024-12-27,Store_A,Product_A,13.4,1,53
2024-12-27,Store_A,Product_B,16.3,1,88
2024-12-27,Store_A,Product_C,17.2,0,37
2024-12-27,Store_B,Product_A,17.4,0,50
2024-12-27,Store_B,Product_B,13.7,0,74
2024-12-27,Store_B,Product_C,15.1,0,42
2024-12-27,Store_C,Product_A,16.4,0,43
2024-12-27,Store_C,Product_B,15.8,0,57
2024-12-27,Store_C,Product_C,14.0,0,30
2024-12-27,Store_D,Product_A,17.2,0,50
2024-12-27,Store_D,Product_B,17.5,1,86
2024-12-27,Store_D,Product_C,13.9,0,43
2024-12-28,Store_A,Product_A,14.5,0,53
2024-12-28,Store_A,Product_B,18.5,0,81
2024-12-28,Store_A,Product_C,15.2,0,35
2024-12-28,Store_B,Product_A,14.5,0,69
2024-12-28,Store_B,Product_B,19.1,0,85
2024-12-28,Store_B,Product_C,15.1,1,52
2024-12-28,Store_C,Product_A,17.1,0,50
2024-12-28,Store_C,Product_B,11.4,0,65
2024-12-28,Store_C,Product_C,16.9,0,39
2024-12-28,Store_D,Product_A,17.0,0,60
2024-12-28,Store_D,Product_B,19.6,0,85
2024-12-28,Store_D,Product_C,16.7,0,42
2024-12-29,Store_A,Product_A,18.2,0,54
2024-12-29,Store_A,Product_B,16.3,0,77
2024-12-29,Store_A,Product_C,12.6,0,37
2024-12-29,Store_B,Product_A,15.4,1,68
2024-12-29,Store_B,Product_B,19.6,0,92
2024-12-29,Store_B,Product_C,15.6,0,55
2024-12-29,Store_C,Product_A,20.4,0,47
2024-12-29,Store_C,Product_B,18.1,0,67
2024-12-29,Store_C,Product_C,15.8,0,34
2024-12-29,Store_D,Product_A,17.8,0,59
2024-12-29,Store_D,Product_B,14.6,0,88
2024-12-29,Store_D,Product_C,14.4,0,49
2024-12-30,Store_A,Product_A,20.2,0,49
2024-12-30,Store_A,Product_B,16.1,0,69
2024-12-30,Store_A,Product_C,15.1,0,36
2024-12-30,Store_B,Product_A,16.1,0,61
2024-12-30,Store_B,Product_B,15.9,0,83
2024-12-30,Store_B,Product_C,14.3,0,40
2024-12-30,Store_C,Product_A,16.4,0,37
2024-12-30,Store_C,Product_B,17.6,0,67
2024-12-30,Store_C,Product_C,16.4,0,31
2024-12-30,Store_D,Product_A,16.3,0,48
2024-12-30,Store_D,Product_B,14.6,1,99
2024-12-30,Store_D,Product_C,21.8,0,42
2024-12-31,Store_A,Product_A,8.9,0,46
2024-12-31,Store_A,Product_B,15.3,0,68
2024-12-31,Store_A,Product_C,16.7,0,41
2024-12-31,Store_B,Product_A,17.1,0,57
2024-12-31,Store_B,Product_B,15.5,0,78
2024-12-31,Store_B,Product_C,17.9,0,36
2024-12-31,Store_C,Product_A,15.4,0,44
2024-12-31,Store_C,Product_B,14.5,0,66
2024-12-31,Store_C,Product_C,16.9,1,41
2024-12-31,Store_D,Product_A,19.7,0,46
2024-12-31,Store_D,Product_B,19.1,0,71
2024-12-31,Store_D,Product_C,13.5,0,40
2025-01-01,Store_A,Product_A,17.8,0,46
2025-01-01,Store_A,Product_B,15.3,0,69
2025-01-01,Store_A,Product_C,14.0,0,45
2025-01-01,Store_B,Product_A,20.5,0,53
2025-01-01,Store_B,Product_B,17.2,0,85
2025-01-01,Store_B,Product_C,16.1,0,47
2025-01-01,Store_C,Product_A,16.6,1,51
2025-01-01,Store_C,Product_B,17.3,0,68
2025-01-01,Store_C,Product_C,15.6,1,39
2025-01-01,Store_D,Product_A,17.0,0,58
2025-01-01,Store_D,Product_B,18.9,0,76
2025-01-01,Store_D,Product_C,15.7,0,42
2025-01-02,Store_A,Product_A,16.8,0,47
2025-01-02,Store_A,Product_B,16.5,0,78
2025-01-02,Store_A,Product_C,15.6,0,41
2025-01-02,Store_B,Product_A,16.7,0,52
2025-01-02,Store_B,Product_B,15.8,0,82
2025-01-02,Store_B,Product_C,12.2,0,39
2025-01-02,Store_C,Product_A,16.4,0,43
2025-01-02,Store_C,Product_B,18.5,0,61
2025-01-02,Store_C,Product_C,18.1,1,42
2025-01-02,Store_D,Product_A,18.9,0,49
2025-01-02,Store_D,Product_B,16.4,0,83
2025-01-02,Store_D,Product_C,16.5,0,38
2025-01-03,Store_A,Product_A,19.4,1,63
2025-01-03,Store_A,Product_B,14.9,1,90
2025-01-03,Store_A,Product_C,16.8,1,43
2025-01-03,Store_B,Product_A,16.3,0,62
2025-01-03,Store_B,Product_B,17.1,0,80
2025-01-03,Store_B,Product_C,14.6,0,44
2025-01-03,Store_C,Product_A,14.7,1,58
2025-01-03,Store_C,Product_B,23.6,0,64
2025-01-03,Store_C,Product_C,11.6,0,36
2025-01-03,Store_D,Product_A,19.0,0,57
2025-01-03,Store_D,Product_B,19.2,0,76
2025-01-03,Store_D,Product_C,15.2,0,38
2025-01-04,Store_A,Product_A,15.7,0,52
2025-01-04,Store_A,Product_B,16.6,1,93
2025-01-04,Store_A,Product_C,16.7,0,39
2025-01-04,Store_B,Product_A,17.2,0,67
2025-01-04,Store_B,Product_B,15.2,0,97
2025-01-04,Store_B,Product_C,19.0,0,45
2025-01-04,Store_C,Product_A,15.9,0,46
2025-01-04,Store_C,Product_B,16.0,0,81
2025-01-04,Store_C,Product_C,14.5,0,43
2025-01-04,Store_D,Product_A,17.8,0,64
2025-01-04,Store_D,Product_B,15.5,0,84
2025-01-04,Store_D,Product_C,18.3,1,52
2025-01-05,Store_A,Product_A,16.9,0,50
2025-01-05,Store_A,Product_B,21.1,1,100
2025-01-05,Store_A,Product_C,13.6,0,49
2025-01-05,Store_B,Product_A,16.6,0,59
2025-01-05,Store_B,Product_B,17.4,0,84
2025-01-05,Store_B,Product_C,9.4,0,45
2025-01-05,Store_C,Product_A,15.1,1,65
2025-01-05,Store_C,Product_B,15.1,0,79
2025-01-05,Store_C,Product_C,14.5,0,35
2025-01-05,Store_D,Product_A,15.7,0,58
2025-01-05,Store_D,Product_B,17.7,0,84
2025-01-05,Store_D,Product_C,17.2,0,46
2025-01-06,Store_A,Product_A,17.6,0,51
2025-01-06,Store_A,Product_B,11.7,0,71
2025-01-06,Store_A,Product_C,18.3,0,38
2025-01-06,Store_B,Product_A,15.9,0,59
2025-01-06,Store_B,Product_B,19.0,0,89
2025-01-06,Store_B,Product_C,15.4,1,52
2025-01-06,Store_C,Product_A,16.3,0,42
2025-01-06,Store_C,Product_B,18.8,0,60
2025-01-06,Store_C,Product_C,15.9,0,36
2025-01-06,Store_D,Product_A,17.1,0,54
2025-01-06,Store_D,Product_B,18.1,0,68
2025-01-06,Store_D,Product_C,12.0,1,46
2025-01-07,Store_A,Product_A,17.3,0,43
2025-01-07,Store_A,Product_B,17.9,1,100
2025-01-07,Store_A,Product_C,16.0,0,37
2025-01-07,Store_B,Product_A,14.3,0,55
2025-01-07,Store_B,Product_B,15.6,0,82
2025-01-07,Store_B,Product_C,16.6,0,49
2025-01-07,Store_C,Product_A,18.1,0,39
2025-01-07,Store_C,Product_B,17.4,0,69
2025-01-07,Store_C,Product_C,16.0,0,36
2025-01-07,Store_D,Product_A,18.1,0,61
2025-01-07,Store_D,Product_B,14.2,0,66
2025-01-07,Store_D,Product_C,18.3,0,46
2025-01-08,Store_A,Product_A,13.1,0,44
2025-01-08,Store_A,Product_B,16.0,0,69
2025-01-08,Store_A,Product_C,19.5,0,39
2025-01-08,Store_B,Product_A,19.2,0,64
2025-01-08,Store_B,Product_B,17.8,0,92
2025-01-08,Store_B,Product_C,15.4,0,50
2025-01-08,Store_C,Product_A,19.5,1,51
2025-01-08,Store_C,Product_B,17.3,0,67
2025-01-08,Store_C,Product_C,16.0,1,44
2025-01-08,Store_D,Product_A,15.9,0,47
2025-01-08,Store_D,Product_B,14.3,0,88
2025-01-08,Store_D,Product_C,13.0,0,43
2025-01-09,Store_A,Product_A,17.8,0,45
2025-01-09,Store_A,Product_B,12.1,0,78
2025-01-09,Store_A,Product_C,20.9,1,48
2025-01-09,Store_B,Product_A,17.5,0,60
2025-01-09,Store_B,Product_B,15.7,0,81
2025-01-09,Store_B,Product_C,15.8,0,48
2025-01-09,Store_C,Product_A,14.6,0,41
2025-01-09,Store_C,Product_B,14.5,0,75
2025-01-09,Store_C,Product_C,19.3,0,35
2025-01-09,Store_D,Product_A,16.5,0,60
2025-01-09,Store_D,Product_B,16.0,0,70
2025-01-09,Store_D,Product_C,15.0,0,51
2025-01-10,Store_A,Product_A,14.0,0,50
2025-01-10,Store_A,Product_B,18.6,0,66
2025-01-10,Store_A,Product_C,21.9,0,36
2025-01-10,Store_B,Product_A,15.3,1,68
2025-01-10,Store_B,Product_B,19.8,0,88
2025-01-10,Store_B,Product_C,17.5,0,50
2025-01-10,Store_C,Product_A,15.9,0,47
2025-01-10,Store_C,Product_B,17.0,0,62
2025-01-10,Store_C,Product_C,17.6,0,35
2025-01-10,Store_D,Product_A,20.6,1,71
2025-01-10,Store_D,Product_B,17.0,0,77
2025-01-10,Store_D,Product_C,17.8,0,46
2025-01-11,Store_A,Product_A,16.9,0,54
2025-01-11,Store_A,Product_B,16.4,0,88
2025-01-11,Store_A,Product_C,17.8,1,57
2025-01-11,Store_B,Product_A,16.0,0,65
2025-01-11,Store_B,Product_B,17.6,0,96
2025-01-11,Store_B,Product_C,17.3,0,48
2025-01-11,Store_C,Product_A,18.1,0,49
2025-01-11,Store_C,Product_B,16.1,0,71
2025-01-11,Store_C,Product_C,20.5,0,41
2025-01-11,Store_D,Product_A,14.2,0,69
2025-01-11,Store_D,Product_B,16.4,0,84
2025-01-11,Store_D,Product_C,17.2,0,43
2025-01-12,Store_A,Product_A,15.8,0,56
2025-01-12,Store_A,Product_B,14.4,0,78
2025-01-12,Store_A,Product_C,14.8,1,59
2025-01-12,Store_B,Product_A,14.5,0,73
2025-01-12,Store_B,Product_B,14.9,0,100
2025-01-12,Store_B,Product_C,17.7,0,60
2025-01-12,Store_C,Product_A,13.8,0,52
2025-01-12,Store_C,Product_B,19.6,0,76
2025-01-12,Store_C,Product_C,17.4,0,40
2025-01-12,Store_D,Product_A,15.4,0,56
2025-01-12,Store_D,Product_B,15.8,0,90
2025-01-12,Store_D,Product_C,18.7,1,53
2025-01-13,Store_A,Product_A,15.6,0,52
2025-01-13,Store_A,Product_B,16.3,0,80
2025-01-13,Store_A,Product_C,14.0,0,38
2025-01-13,Store_B,Product_A,12.3,1,69
2025-01-13,Store_B,Product_B,19.1,0,84
2025-01-13,Store_B,Product_C,16.6,0,52
2025-01-13,Store_C,Product_A,13.5,0,49
2025-01-13,Store_C,Product_B,20.0,1,77
2025-01-13,Store_C,Product_C,18.2,1,35
2025-01-13,Store_D,Product_A,14.9,0,52
2025-01-13,Store_D,Product_B,15.9,1,80
2025-01-13,Store_D,Product_C,16.5,1,54
2025-01-14,Store_A,Product_A,16.2,1,60
2025-01-14,Store_A,Product_B,14.0,0,73
2025-01-14,Store_A,Product_C,17.9,1,49
2025-01-14,Store_B,Product_A,18.9,0,59
2025-01-14,Store_B,Product_B,19.6,0,87
2025-01-14,Store_B,Product_C,16.3,0,43
2025-01-14,Store_C,Product_A,16.0,0,44
2025-01-14,Store_C,Product_B,15.6,0,63
2025-01-14,Store_C,Product_C,18.0,0,35
2025-01-14,Store_D,Product_A,15.4,0,51
2025-01-14,Store_D,Product_B,17.6,1,103
2025-01-14,Store_D,Product_C,15.8,0,38
2025-01-15,Store_A,Product_A,17.5,1,65
2025-01-15,Store_A,Product_B,20.4,1,87
2025-01-15,Store_A,Product_C,21.2,1,49
2025-01-15,Store_B,Product_A,13.6,0,50
2025-01-15,Store_B,Product_B,16.8,0,81
2025-01-15,Store_B,Product_C,18.1,1,55
2025-01-15,Store_C,Product_A,18.3,0,51
2025-01-15,Store_C,Product_B,15.3,0,64
2025-01-15,Store_C,Product_C,19.1,0,32
2025-01-15,Store_D,Product_A,21.6,0,48
2025-01-15,Store_D,Product_B,15.9,0,70
2025-01-15,Store_D,Product_C,17.2,0,40
2025-01-16,Store_A,Product_A,14.7,0,51
2025-01-16,Store_A,Product_B,16.7,0,67
2025-01-16,Store_A,Product_C,14.9,0,40
2025-01-16,Store_B,Product_A,15.1,0,47
2025-01-16,Store_B,Product_B,15.1,1,99
2025-01-16,Store_B,Product_C,15.5,0,42
2025-01-16,Store_C,Product_A,18.9,0,48
2025-01-16,Store_C,Product_B,15.1,0,64
2025-01-16,Store_C,Product_C,18.9,0,32
2025-01-16,Store_D,Product_A,16.7,1,63
2025-01-16,Store_D,Product_B,15.7,0,78
2025-01-16,Store_D,Product_C,15.2,0,44
2025-01-17,Store_A,Product_A,16.9,0,48
2025-01-17,Store_A,Product_B,16.6,0,68
2025-01-17,Store_A,Product_C,20.2,0,40
2025-01-17,Store_B,Product_A,21.1,1,63
2025-01-17,Store_B,Product_B,14.6,0,86
2025-01-17,Store_B,Product_C,16.0,0,36
2025-01-17,Store_C,Product_A,14.5,0,46
2025-01-17,Store_C,Product_B,15.4,1,81
2025-01-17,Store_C,Product_C,13.8,0,38
2025-01-17,Store_D,Product_A,14.2,1,74
2025-01-17,Store_D,Product_B,18.4,1,89
2025-01-17,Store_D,Product_C,16.5,0,41
2025-01-18,Store_A,Product_A,15.7,0,63
2025-01-18,Store_A,Product_B,16.9,0,94
2025-01-18,Store_A,Product_C,17.1,0,45
2025-01-18,Store_B,Product_A,15.4,0,72
2025-01-18,Store_B,Product_B,19.5,0,109
2025-01-18,Store_B,Product_C,18.3,0,50
2025-01-18,Store_C,Product_A,17.8,0,48
2025-01-18,Store_C,Product_B,19.7,0,68
2025-01-18,Store_C,Product_C,17.3,0,39
2025-01-18,Store_D,Product_A,15.1,0,72
2025-01-18,Store_D,Product_B,15.1,0,93
2025-01-18,Store_D,Product_C,15.4,0,44
2025-01-19,Store_A,Product_A,18.6,0,49
2025-01-19,Store_A,Product_B,19.0,0,87
2025-01-19,Store_A,Product_C,21.5,0,46
2025-01-19,Store_B,Product_A,19.9,0,60
2025-01-19,Store_B,Product_B,18.2,0,80
2025-01-19,Store_B,Product_C,21.4,0,53
2025-01-19,Store_C,Product_A,13.8,0,58
2025-01-19,Store_C,Product_B,19.0,0,77
2025-01-19,Store_C,Product_C,14.6,0,45
2025-01-19,Store_D,Product_A,19.1,0,58
2025-01-19,Store_D,Product_B,16.1,1,101
2025-01-19,Store_D,Product_C,15.4,1,66
2025-01-20,Store_A,Product_A,17.6,0,48
2025-01-20,Store_A,Product_B,19.8,0,80
2025-01-20,Store_A,Product_C,18.2,0,36
2025-01-20,Store_B,Product_A,17.5,0,56
2025-01-20,Store_B,Product_B,18.2,0,73
2025-01-20,Store_B,Product_C,15.4,0,45
2025-01-20,Store_C,Product_A,16.6,0,48
2025-01-20,Store_C,Product_B,16.9,0,64
2025-01-20,Store_C,Product_C,18.4,0,32
2025-01-20,Store_D,Product_A,17.9,0,59
2025-01-20,Store_D,Product_B,16.6,0,99
2025-01-20,Store_D,Product_C,17.8,1,60
2025-01-21,Store_A,Product_A,15.7,0,47
2025-01-21,Store_A,Product_B,12.7,0,66
2025-01-21,Store_A,Product_C,18.0,0,32
2025-01-21,Store_B,Product_A,18.4,1,72
2025-01-21,Store_B,Product_B,20.0,0,105
2025-01-21,Store_B,Product_C,17.1,0,46
2025-01-21,Store_C,Product_A,17.4,0,45
2025-01-21,Store_C,Product_B,13.8,0,70
2025-01-21,Store_C,Product_C,18.6,0,37
2025-01-21,Store_D,Product_A,21.2,1,79
2025-01-21,Store_D,Product_B,17.0,0,76
2025-01-21,Store_D,Product_C,17.6,0,45
2025-01-22,Store_A,Product_A,13.8,0,55
2025-01-22,Store_A,Product_B,13.2,0,65
2025-01-22,Store_A,Product_C,15.8,1,53
2025-01-22,Store_B,Product_A,17.2,0,58
2025-01-22,Store_B,Product_B,15.4,0,79
2025-01-22,Store_B,Product_C,15.0,1,58
2025-01-22,Store_C,Product_A,15.1,0,51
2025-01-22,Store_C,Product_B,17.1,0,61
2025-01-22,Store_C,Product_C,17.1,0,35
2025-01-22,Store_D,Product_A,20.2,0,60
2025-01-22,Store_D,Product_B,20.0,1,98
2025-01-22,Store_D,Product_C,15.4,0,46
2025-01-23,Store_A,Product_A,15.8,0,49
2025-01-23,Store_A,Product_B,16.6,0,75
2025-01-23,Store_A,Product_C,18.3,0,41
2025-01-23,Store_B,Product_A,19.7,0,58
2025-01-23,Store_B,Product_B,13.8,0,91
2025-01-23,Store_B,Product_C,14.0,0,44
2025-01-23,Store_C,Product_A,14.8,0,47
2025-01-23,Store_C,Product_B,17.2,0,61
2025-01-23,Store_C,Product_C,12.9,0,35
2025-01-23,Store_D,Product_A,19.8,0,58
2025-01-23,Store_D,Product_B,20.4,0,83
2025-01-23,Store_D,Product_C,18.9,0,42
2025-01-24,Store_A,Product_A,21.1,1,68
2025-01-24,Store_A,Product_B,15.7,0,79
2025-01-24,Store_A,Product_C,17.5,1,50
2025-01-24,Store_B,Product_A,18.5,0,64
2025-01-24,Store_B,Product_B,19.4,0,76
2025-01-24,Store_B,Product_C,18.7,0,49
2025-01-24,Store_C,Product_A,17.3,0,54
2025-01-24,Store_C,Product_B,19.2,0,66
2025-01-24,Store_C,Product_C,15.6,0,32
2025-01-24,Store_D,Product_A,15.1,0,56
2025-01-24,Store_D,Product_B,18.4,0,72
2025-01-24,Store_D,Product_C,17.4,1,55
2025-01-25,Store_A,Product_A,19.0,1,78
2025-01-25,Store_A,Product_B,18.1,0,81
2025-01-25,Store_A,Product_C,14.7,0,41
2025-01-25,Store_B,Product_A,17.0,1,78
2025-01-25,Store_B,Product_B,21.4,0,108
2025-01-25,Store_B,Product_C,18.2,0,54
2025-01-25,Store_C,Product_A,17.5,1,61
2025-01-25,Store_C,Product_B,20.3,0,67
2025-01-25,Store_C,Product_C,15.4,0,38
2025-01-25,Store_D,Product_A,16.5,1,85
2025-01-25,Store_D,Product_B,16.3,0,96
2025-01-25,Store_D,Product_C,16.4,0,45
2025-01-26,Store_A,Product_A,21.1,0,53
2025-01-26,Store_A,Product_B,17.9,0,98
2025-01-26,Store_A,Product_C,20.5,0,50
2025-01-26,Store_B,Product_A,15.2,0,64
2025-01-26,Store_B,Product_B,18.8,0,82
2025-01-26,Store_B,Product_C,21.2,0,61
2025-01-26,Store_C,Product_A,20.3,0,52
2025-01-26,Store_C,Product_B,20.0,0,82
2025-01-26,Store_C,Product_C,18.6,0,42
2025-01-26,Store_D,Product_A,16.6,0,60
2025-01-26,Store_D,Product_B,19.8,0,91
2025-01-26,Store_D,Product_C,16.8,0,49
2025-01-27,Store_A,Product_A,19.0,0,52
2025-01-27,Store_A,Product_B,15.7,0,87
2025-01-27,Store_A,Product_C,16.2,1,49
2025-01-27,Store_B,Product_A,16.4,0,66
2025-01-27,Store_B,Product_B,18.4,1,100
2025-01-27,Store_B,Product_C,16.6,0,50
2025-01-27,Store_C,Product_A,18.7,1,57
2025-01-27,Store_C,Product_B,20.1,1,79
2025-01-27,Store_C,Product_C,19.1,0,35
2025-01-27,Store_D,Product_A,15.5,0,54
2025-01-27,Store_D,Product_B,17.9,0,89
2025-01-27,Store_D,Product_C,18.5,0,38
2025-01-28,Store_A,Product_A,16.2,0,53
2025-01-28,Store_A,Product_B,17.8,0,81
2025-01-28,Store_A,Product_C,18.2,0,43
2025-01-28,Store_B,Product_A,15.8,0,64
2025-01-28,Store_B,Product_B,16.8,1,113
2025-01-28,Store_B,Product_C,15.4,0,54
2025-01-28,Store_C,Product_A,20.0,0,46
2025-01-28,Store_C,Product_B,17.8,0,73
2025-01-28,Store_C,Product_C,16.5,1,46
2025-01-28,Store_D,Product_A,19.0,1,70
2025-01-28,Store_D,Product_B,18.7,0,98
2025-01-28,Store_D,Product_C,18.1,0,40
2025-01-29,Store_A,Product_A,18.3,0,54
2025-01-29,Store_A,Product_B,18.2,0,76
2025-01-29,Store_A,Product_C,16.1,0,39
2025-01-29,Store_B,Product_A,16.3,0,62
2025-01-29,Store_B,Product_B,17.7,0,101
2025-01-29,Store_B,Product_C,19.0,0,50
2025-01-29,Store_C,Product_A,15.5,0,46
2025-01-29,Store_C,Product_B,20.7,0,71
2025-01-29,Store_C,Product_C,17.7,0,39
2025-01-29,Store_D,Product_A,19.4,0,58
2025-01-29,Store_D,Product_B,21.3,0,85
2025-01-29,Store_D,Product_C,17.5,0,42
2025-01-30,Store_A,Product_A,18.9,0,53
2025-01-30,Store_A,Product_B,18.3,0,85
2025-01-30,Store_A,Product_C,18.7,0,41
2025-01-30,Store_B,Product_A,16.6,0,60
2025-01-30,Store_B,Product_B,20.1,0,90
2025-01-30,Store_B,Product_C,19.7,0,47
2025-01-30,Store_C,Product_A,17.6,1,65
2025-01-30,Store_C,Product_B,18.0,0,68
2025-01-30,Store_C,Product_C,20.3,0,39
2025-01-30,Store_D,Product_A,17.3,0,57
2025-01-30,Store_D,Product_B,19.7,1,96
2025-01-30,Store_D,Product_C,17.3,0,40
2025-01-31,Store_A,Product_A,18.9,0,55
2025-01-31,Store_A,Product_B,16.1,0,79
2025-01-31,Store_A,Product_C,15.3,1,47
2025-01-31,Store_B,Product_A,15.7,0,65
2025-01-31,Store_B,Product_B,14.5,0,89
2025-01-31,Store_B,Product_C,14.6,1,54
2025-01-31,Store_C,Product_A,16.7,0,42
2025-01-31,Store_C,Product_B,16.5,0,65
2025-01-31,Store_C,Product_C,18.8,0,38
2025-01-31,Store_D,Product_A,19.1,0,43
2025-01-31,Store_D,Product_B,17.6,0,78
2025-01-31,Store_D,Product_C,16.5,0,39
2025-02-01,Store_A,Product_A,17.5,0,59
2025-02-01,Store_A,Product_B,17.7,0,84
2025-02-01,Store_A,Product_C,16.4,0,53
2025-02-01,Store_B,Product_A,17.5,0,67
2025-02-01,Store_B,Product_B,18.2,0,100
2025-02-01,Store_B,Product_C,18.7,0,52
2025-02-01,Store_C,Product_A,22.2,0,51
2025-02-01,Store_C,Product_B,16.8,0,87
2025-02-01,Store_C,Product_C,18.5,0,42
2025-02-01,Store_D,Product_A,16.4,0,63
2025-02-01,Store_D,Product_B,16.9,1,126
2025-02-01,Store_D,Product_C,14.5,0,60
2025-02-02,Store_A,Product_A,18.6,0,59
2025-02-02,Store_A,Product_B,19.6,1,94
2025-02-02,Store_A,Product_C,21.9,0,51
2025-02-02,Store_B,Product_A,19.7,0,67
2025-02-02,Store_B,Product_B,17.2,0,93
2025-02-02,Store_B,Product_C,16.7,0,50
2025-02-02,Store_C,Product_A,19.9,0,63
2025-02-02,Store_C,Product_B,20.6,0,75
2025-02-02,Store_C,Product_C,14.9,0,44
2025-02-02,Store_D,Product_A,20.3,1,76
2025-02-02,Store_D,Product_B,16.7,0,99
2025-02-02,Store_D,Product_C,18.0,1,66
2025-02-03,Store_A,Product_A,19.4,1,64
2025-02-03,Store_A,Product_B,19.9,1,92
2025-02-03,Store_A,Product_C,17.5,1,45
2025-02-03,Store_B,Product_A,20.6,1,76
2025-02-03,Store_B,Product_B,18.2,0,93
2025-02-03,Store_B,Product_C,16.1,0,42
2025-02-03,Store_C,Product_A,20.1,0,52
2025-02-03,Store_C,Product_B,18.2,0,69
2025-02-03,Store_C,Product_C,18.4,0,37
2025-02-03,Store_D,Product_A,18.2,1,69
2025-02-03,Store_D,Product_B,18.0,0,81
2025-02-03,Store_D,Product_C,17.3,1,57
2025-02-04,Store_A,Product_A,15.9,0,46
2025-02-04,Store_A,Product_B,16.2,0,82
2025-02-04,Store_A,Product_C,17.3,1,45
2025-02-04,Store_B,Product_A,17.0,0,63
2025-02-04,Store_B,Product_B,16.9,0,90
2025-02-04,Store_B,Product_C,17.9,0,41
2025-02-04,Store_C,Product_A,15.4,0,46
2025-02-04,Store_C,Product_B,19.5,0,69
2025-02-04,Store_C,Product_C,21.7,1,48
2025-02-04,Store_D,Product_A,21.8,0,54
2025-02-04,Store_D,Product_B,20.3,1,100
2025-02-04,Store_D,Product_C,16.8,1,61
2025-02-05,Store_A,Product_A,16.0,1,70
2025-02-05,Store_A,Product_B,14.7,0,66
2025-02-05,Store_A,Product_C,18.2,0,47
2025-02-05,Store_B,Product_A,17.1,0,67
2025-02-05,Store_B,Product_B,17.0,1,110
2025-02-05,Store_B,Product_C,18.7,0,48
2025-02-05,Store_C,Product_A,16.8,0,48
2025-02-05,Store_C,Product_B,16.1,0,62
2025-02-05,Store_C,Product_C,19.5,0,35
2025-02-05,Store_D,Product_A,18.0,1,74
2025-02-05,Store_D,Product_B,19.3,0,84
2025-02-05,Store_D,Product_C,20.1,0,47
2025-02-06,Store_A,Product_A,21.3,0,55
2025-02-06,Store_A,Product_B,19.0,0,75
2025-02-06,Store_A,Product_C,17.8,0,39
2025-02-06,Store_B,Product_A,17.9,1,69
2025-02-06,Store_B,Product_B,14.6,0,86
2025-02-06,Store_B,Product_C,17.4,0,42
2025-02-06,Store_C,Product_A,17.9,0,54
2025-02-06,Store_C,Product_B,19.3,0,66
2025-02-06,Store_C,Product_C,20.2,0,41
2025-02-06,Store_D,Product_A,19.7,1,72
2025-02-06,Store_D,Product_B,19.3,0,89
2025-02-06,Store_D,Product_C,18.3,0,44
2025-02-07,Store_A,Product_A,17.1,0,57
2025-02-07,Store_A,Product_B,17.9,0,62
2025-02-07,Store_A,Product_C,17.6,0,42
2025-02-07,Store_B,Product_A,18.0,0,60
2025-02-07,Store_B,Product_B,16.1,0,81
2025-02-07,Store_B,Product_C,19.8,0,50
2025-02-07,Store_C,Product_A,17.8,0,50
2025-02-07,Store_C,Product_B,19.8,0,68
2025-02-07,Store_C,Product_C,18.7,1,49
2025-02-07,Store_D,Product_A,18.4,0,59
2025-02-07,Store_D,Product_B,16.8,0,91
2025-02-07,Store_D,Product_C,18.8,0,42
2025-02-08,Store_A,Product_A,16.8,1,70
2025-02-08,Store_A,Product_B,19.9,0,85
2025-02-08,Store_A,Product_C,15.6,0,48
2025-02-08,Store_B,Product_A,18.3,0,71
2025-02-08,Store_B,Product_B,19.8,1,126
2025-02-08,Store_B,Product_C,19.4,0,57
2025-02-08,Store_C,Product_A,14.4,0,55
2025-02-08,Store_C,Product_B,16.6,0,76
2025-02-08,Store_C,Product_C,16.0,0,51
2025-02-08,Store_D,Product_A,17.8,0,69
2025-02-08,Store_D,Product_B,16.1,0,109
2025-02-08,Store_D,Product_C,21.3,0,49
2025-02-09,Store_A,Product_A,16.6,0,59
2025-02-09,Store_A,Product_B,19.5,0,95
2025-02-09,Store_A,Product_C,22.5,1,60
2025-02-09,Store_B,Product_A,19.3,0,72
2025-02-09,Store_B,Product_B,19.4,1,133
2025-02-09,Store_B,Product_C,19.1,1,66
2025-02-09,Store_C,Product_A,19.9,1,62
2025-02-09,Store_C,Product_B,17.5,0,70
2025-02-09,Store_C,Product_C,17.8,0,43
2025-02-09,Store_D,Product_A,18.4,0,64
2025-02-09,Store_D,Product_B,19.9,0,109
2025-02-09,Store_D,Product_C,18.9,0,49
2025-02-10,Store_A,Product_A,20.0,1,70
2025-02-10,Store_A,Product_B,21.6,0,79
2025-02-10,Store_A,Product_C,17.7,0,42
2025-02-10,Store_B,Product_A,20.8,1,73
2025-02-10,Store_B,Product_B,18.4,0,94
2025-02-10,Store_B,Product_C,18.6,0,57
2025-02-10,Store_C,Product_A,20.3,1,68
2025-02-10,Store_C,Product_B,21.6,0,81
2025-02-10,Store_C,Product_C,20.2,0,38
2025-02-10,Store_D,Product_A,23.0,0,55
2025-02-10,Store_D,Product_B,17.0,0,77
2025-02-10,Store_D,Product_C,20.7,0,44
2025-02-11,Store_A,Product_A,17.9,0,48
2025-02-11,Store_A,Product_B,18.8,1,102
2025-02-11,Store_A,Product_C,21.1,0,41
2025-02-11,Store_B,Product_A,15.9,0,67
2025-02-11,Store_B,Product_B,18.0,0,95
2025-02-11,Store_B,Product_C,19.1,1,65
2025-02-11,Store_C,Product_A,16.5,0,42
2025-02-11,Store_C,Product_B,19.0,0,71
2025-02-11,Store_C,Product_C,16.7,1,38
2025-02-11,Store_D,Product_A,18.1,0,56
2025-02-11,Store_D,Product_B,18.0,0,93
2025-02-11,Store_D,Product_C,20.5,0,40
2025-02-12,Store_A,Product_A,19.6,0,51
2025-02-12,Store_A,Product_B,15.9,0,79
2025-02-12,Store_A,Product_C,20.8,0,42
2025-02-12,Store_B,Product_A,19.6,0,65
2025-02-12,Store_B,Product_B,20.1,0,88
2025-02-12,Store_B,Product_C,17.4,0,43
2025-02-12,Store_C,Product_A,18.5,0,42
2025-02-12,Store_C,Product_B,18.2,0,69
2025-02-12,Store_C,Product_C,23.8,0,33
2025-02-12,Store_D,Product_A,19.5,1,77
2025-02-12,Store_D,Product_B,15.5,0,85
2025-02-12,Store_D,Product_C,24.4,0,52
2025-02-13,Store_A,Product_A,20.7,0,49
2025-02-13,Store_A,Product_B,18.9,1,111
2025-02-13,Store_A,Product_C,17.6,1,51
2025-02-13,Store_B,Product_A,20.7,0,58
2025-02-13,Store_B,Product_B,17.7,0,88
2025-02-13,Store_B,Product_C,20.9,0,51
2025-02-13,Store_C,Product_A,18.8,1,65
2025-02-13,Store_C,Product_B,14.6,0,82
2025-02-13,Store_C,Product_C,20.6,0,36
2025-02-13,Store_D,Product_A,17.4,1,67
2025-02-13,Store_D,Product_B,20.8,0,87
2025-02-13,Store_D,Product_C,21.3,1,62
2025-02-14,Store_A,Product_A,20.1,0,59
2025-02-14,Store_A,Product_B,20.5,0,70
2025-02-14,Store_A,Product_C,17.6,0,40
2025-02-14,Store_B,Product_A,20.2,0,58
2025-02-14,Store_B,Product_B,20.8,1,118
2025-02-14,Store_B,Product_C,18.9,0,48
2025-02-14,Store_C,Product_A,20.1,1,66
2025-02-14,Store_C,Product_B,20.8,0,76
2025-02-14,Store_C,Product_C,19.9,0,37
2025-02-14,Store_D,Product_A,19.0,0,60
2025-02-14,Store_D,Product_B,22.1,0,89
2025-02-14,Store_D,Product_C,17.3,1,53
2025-02-15,Store_A,Product_A,17.7,0,71
2025-02-15,Store_A,Product_B,23.0,0,99
2025-02-15,Store_A,Product_C,16.0,0,47
2025-02-15,Store_B,Product_A,21.0,0,72
2025-02-15,Store_B,Product_B,17.2,0,106
2025-02-15,Store_B,Product_C,23.1,0,56
2025-02-15,Store_C,Product_A,19.0,0,56
2025-02-15,Store_C,Product_B,19.8,0,87
2025-02-15,Store_C,Product_C,18.0,0,43
2025-02-15,Store_D,Product_A,17.0,0,68
2025-02-15,Store_D,Product_B,19.5,1,120
2025-02-15,Store_D,Product_C,19.4,0,58
2025-02-16,Store_A,Product_A,21.7,0,69
2025-02-16,Store_A,Product_B,19.0,0,102
2025-02-16,Store_A,Product_C,18.3,0,53
2025-02-16,Store_B,Product_A,15.6,0,67
2025-02-16,Store_B,Product_B,18.6,0,108
2025-02-16,Store_B,Product_C,21.6,0,50
2025-02-16,Store_C,Product_A,18.9,0,49
2025-02-16,Store_C,Product_B,19.7,0,77
2025-02-16,Store_C,Product_C,21.0,0,44
2025-02-16,Store_D,Product_A,23.4,0,66
2025-02-16,Store_D,Product_B,15.3,0,97
2025-02-16,Store_D,Product_C,22.5,0,46
2025-02-17,Store_A,Product_A,20.6,0,61
2025-02-17,Store_A,Product_B,20.9,0,79
2025-02-17,Store_A,Product_C,19.3,0,38
2025-02-17,Store_B,Product_A,21.5,0,65
2025-02-17,Store_B,Product_B,19.0,0,99
2025-02-17,Store_B,Product_C,19.7,1,63
2025-02-17,Store_C,Product_A,23.0,0,50
2025-02-17,Store_C,Product_B,23.3,0,71
2025-02-17,Store_C,Product_C,19.3,0,35
2025-02-17,Store_D,Product_A,19.5,0,55
2025-02-17,Store_D,Product_B,18.6,1,90
2025-02-17,Store_D,Product_C,20.0,0,44
2025-02-18,Store_A,Product_A,21.5,0,59
2025-02-18,Store_A,Product_B,20.0,0,75
2025-02-18,Store_A,Product_C,21.1,0,46
2025-02-18,Store_B,Product_A,23.2,0,62
2025-02-18,Store_B,Product_B,21.0,0,95
2025-02-18,Store_B,Product_C,18.4,0,46
2025-02-18,Store_C,Product_A,19.9,0,55
2025-02-18,Store_C,Product_B,18.9,0,77
2025-02-18,Store_C,Product_C,21.7,0,38
2025-02-18,Store_D,Product_A,18.8,0,58
2025-02-18,Store_D,Product_B,20.9,0,92
2025-02-18,Store_D,Product_C,18.1,0,43
2025-02-19,Store_A,Product_A,17.1,0,59
2025-02-19,Store_A,Product_B,20.8,0,71
2025-02-19,Store_A,Product_C,19.8,0,43
2025-02-19,Store_B,Product_A,25.0,0,65
2025-02-19,Store_B,Product_B,19.7,0,99
2025-02-19,Store_B,Product_C,18.3,0,50
2025-02-19,Store_C,Product_A,21.9,1,61
2025-02-19,Store_C,Product_B,23.3,0,78
2025-02-19,Store_C,Product_C,19.3,0,34
2025-02-19,Store_D,Product_A,16.2,0,66
2025-02-19,Store_D,Product_B,18.0,0,81
2025-02-19,Store_D,Product_C,21.3,0,43
2025-02-20,Store_A,Product_A,21.4,0,56
2025-02-20,Store_A,Product_B,19.1,0,75
2025-02-20,Store_A,Product_C,21.6,0,37
2025-02-20,Store_B,Product_A,17.4,0,60
2025-02-20,Store_B,Product_B,20.2,0,94
2025-02-20,Store_B,Product_C,22.6,0,47
2025-02-20,Store_C,Product_A,20.0,0,52
2025-02-20,Store_C,Product_B,18.6,0,78
2025-02-20,Store_C,Product_C,20.3,0,35
2025-02-20,Store_D,Product_A,20.6,0,59
2025-02-20,Store_D,Product_B,20.6,1,100
2025-02-20,Store_D,Product_C,23.9,0,54
2025-02-21,Store_A,Product_A,17.8,0,57
2025-02-21,Store_A,Product_B,18.9,0,85
2025-02-21,Store_A,Product_C,17.4,0,44
2025-02-21,Store_B,Product_A,21.5,0,66
2025-02-21,Store_B,Product_B,18.9,0,94
2025-02-21,Store_B,Product_C,17.3,0,50
2025-02-21,Store_C,Product_A,20.3,0,57
2025-02-21,Store_C,Product_B,22.8,0,77
2025-02-21,Store_C,Product_C,21.6,0,34
2025-02-21,Store_D,Product_A,20.5,0,66
2025-02-21,Store_D,Product_B,21.4,0,87
2025-02-21,Store_D,Product_C,19.4,0,39
2025-02-22,Store_A,Product_A,22.2,0,64
2025-02-22,Store_A,Product_B,20.4,0,94
2025-02-22,Store_A,Product_C,17.6,0,47
2025-02-22,Store_B,Product_A,17.8,0,73
2025-02-22,Store_B,Product_B,17.5,0,96
2025-02-22,Store_B,Product_C,18.1,0,57
2025-02-22,Store_C,Product_A,19.7,0,60
2025-02-22,Store_C,Product_B,19.0,0,86
2025-02-22,Store_C,Product_C,17.7,0,47
2025-02-22,Store_D,Product_A,20.4,0,76
2025-02-22,Store_D,Product_B,21.5,0,102
2025-02-22,Store_D,Product_C,19.6,0,61
2025-02-23,Store_A,Product_A,20.3,1,69
2025-02-23,Store_A,Product_B,22.9,0,81
2025-02-23,Store_A,Product_C,22.1,0,56
2025-02-23,Store_B,Product_A,21.5,0,69
2025-02-23,Store_B,Product_B,18.4,0,112
2025-02-23,Store_B,Product_C,18.5,0,59
2025-02-23,Store_C,Product_A,15.7,0,57
2025-02-23,Store_C,Product_B,20.6,0,87
2025-02-23,Store_C,Product_C,20.8,1,56
2025-02-23,Store_D,Product_A,22.6,1,80
2025-02-23,Store_D,Product_B,19.3,0,87
2025-02-23,Store_D,Product_C,21.0,0,52
2025-02-24,Store_A,Product_A,20.2,0,57
2025-02-24,Store_A,Product_B,20.0,0,76
2025-02-24,Store_A,Product_C,20.3,0,48
2025-02-24,Store_B,Product_A,21.6,0,57
2025-02-24,Store_B,Product_B,19.7,0,87
2025-02-24,Store_B,Product_C,22.0,0,45
2025-02-24,Store_C,Product_A,18.9,0,48
2025-02-24,Store_C,Product_B,23.2,0,65
2025-02-24,Store_C,Product_C,17.5,0,41
2025-02-24,Store_D,Product_A,21.5,0,59
2025-02-24,Store_D,Product_B,21.7,0,86
2025-02-24,Store_D,Product_C,19.3,0,46
2025-02-25,Store_A,Product_A,17.7,0,62
2025-02-25,Store_A,Product_B,19.8,0,90
2025-02-25,Store_A,Product_C,22.3,0,44
2025-02-25,Store_B,Product_A,21.3,0,65
2025-02-25,Store_B,Product_B,22.5,1,114
2025-02-25,Store_B,Product_C,19.5,0,52
2025-02-25,Store_C,Product_A,21.6,0,46
2025-02-25,Store_C,Product_B,21.3,0,81
2025-02-25,Store_C,Product_C,19.1,0,44
2025-02-25,Store_D,Product_A,20.8,0,60
2025-02-25,Store_D,Product_B,23.9,0,88
2025-02-25,Store_D,Product_C,24.4,0,45
2025-02-26,Store_A,Product_A,19.4,1,56
2025-02-26,Store_A,Product_B,20.8,0,79
2025-02-26,Store_A,Product_C,18.9,1,49
2025-02-26,Store_B,Product_A,22.7,1,70
2025-02-26,Store_B,Product_B,22.2,0,97
2025-02-26,Store_B,Product_C,20.4,0,48
2025-02-26,Store_C,Product_A,15.9,0,50
2025-02-26,Store_C,Product_B,20.6,0,61
2025-02-26,Store_C,Product_C,22.0,0,35
2025-02-26,Store_D,Product_A,21.1,0,60
2025-02-26,Store_D,Product_B,20.2,0,88
2025-02-26,Store_D,Product_C,19.8,0,49
2025-02-27,Store_A,Product_A,20.4,0,54
2025-02-27,Store_A,Product_B,20.3,0,70
2025-02-27,Store_A,Product_C,23.4,0,47
2025-02-27,Store_B,Product_A,19.7,0,68
2025-02-27,Store_B,Product_B,20.5,0,91
2025-02-27,Store_B,Product_C,19.2,1,52
2025-02-27,Store_C,Product_A,21.4,1,62
2025-02-27,Store_C,Product_B,22.6,0,76
2025-02-27,Store_C,Product_C,22.6,0,39
2025-02-27,Store_D,Product_A,23.6,0,62
2025-02-27,Store_D,Product_B,18.3,1,112
2025-02-27,Store_D,Product_C,19.6,0,42
2025-02-28,Store_A,Product_A,20.8,0,51
2025-02-28,Store_A,Product_B,23.8,1,87
2025-02-28,Store_A,Product_C,21.6,0,44
2025-02-28,Store_B,Product_A,20.8,0,68
2025-02-28,Store_B,Product_B,17.7,0,79
2025-02-28,Store_B,Product_C,23.5,0,48
2025-02-28,Store_C,Product_A,19.1,1,65
2025-02-28,Store_C,Product_B,19.0,0,76
2025-02-28,Store_C,Product_C,26.3,0,43
2025-02-28,Store_D,Product_A,22.1,0,60
2025-02-28,Store_D,Product_B,23.3,0,79
2025-02-28,Store_D,Product_C,16.9,1,62
2025-03-01,Store_A,Product_A,25.2,1,69
2025-03-01,Store_A,Product_B,20.5,0,101
2025-03-01,Store_A,Product_C,18.6,0,43
2025-03-01,Store_B,Product_A,24.2,0,87
2025-03-01,Store_B,Product_B,22.2,0,107
2025-03-01,Store_B,Product_C,23.0,0,57
2025-03-01,Store_C,Product_A,21.6,0,53
2025-03-01,Store_C,Product_B,19.5,0,70
2025-03-01,Store_C,Product_C,23.1,0,43
2025-03-01,Store_D,Product_A,24.2,0,61
2025-03-01,Store_D,Product_B,23.5,0,96
2025-03-01,Store_D,Product_C,21.6,1,70
2025-03-02,Store_A,Product_A,21.4,0,66
2025-03-02,Store_A,Product_B,20.5,1,119
2025-03-02,Store_A,Product_C,24.6,0,53
2025-03-02,Store_B,Product_A,19.9,0,80
2025-03-02,Store_B,Product_B,17.9,1,131
2025-03-02,Store_B,Product_C,24.3,0,52
2025-03-02,Store_C,Product_A,21.2,0,58
2025-03-02,Store_C,Product_B,21.1,1,109
2025-03-02,Store_C,Product_C,23.5,0,48
2025-03-02,Store_D,Product_A,21.6,0,75
2025-03-02,Store_D,Product_B,21.9,1,115
2025-03-02,Store_D,Product_C,22.6,0,51
2025-03-03,Store_A,Product_A,20.0,0,55
2025-03-03,Store_A,Product_B,21.5,0,78
2025-03-03,Store_A,Product_C,20.8,0,44
2025-03-03,Store_B,Product_A,21.6,0,64
2025-03-03,Store_B,Product_B,22.9,1,102
2025-03-03,Store_B,Product_C,23.1,0,48
2025-03-03,Store_C,Product_A,21.4,0,49
2025-03-03,Store_C,Product_B,19.7,1,96
2025-03-03,Store_C,Product_C,19.5,0,44
2025-03-03,Store_D,Product_A,21.5,0,54
2025-03-03,Store_D,Product_B,23.1,0,94
2025-03-03,Store_D,Product_C,21.0,0,47
2025-03-04,Store_A,Product_A,20.6,1,76
2025-03-04,Store_A,Product_B,21.8,0,83
2025-03-04,Store_A,Product_C,24.1,0,45
2025-03-04,Store_B,Product_A,22.9,1,83
2025-03-04,Store_B,Product_B,22.9,0,90
2025-03-04,Store_B,Product_C,21.9,1,64
2025-03-04,Store_C,Product_A,20.6,0,44
2025-03-04,Store_C,Product_B,20.3,0,94
2025-03-04,Store_C,Product_C,20.2,0,40
2025-03-04,Store_D,Product_A,19.0,0,52
2025-03-04,Store_D,Product_B,20.1,0,79
2025-03-04,Store_D,Product_C,23.4,0,46
2025-03-05,Store_A,Product_A,20.2,0,58
2025-03-05,Store_A,Product_B,22.7,0,80
2025-03-05,Store_A,Product_C,23.6,0,49
2025-03-05,Store_B,Product_A,21.5,0,67
2025-03-05,Store_B,Product_B,19.8,0,84
2025-03-05,Store_B,Product_C,18.8,0,55
2025-03-05,Store_C,Product_A,22.8,0,47
2025-03-05,Store_C,Product_B,20.9,0,69
2025-03-05,Store_C,Product_C,20.2,0,45
2025-03-05,Store_D,Product_A,20.9,0,56
2025-03-05,Store_D,Product_B,22.6,0,82
2025-03-05,Store_D,Product_C,23.0,1,66
2025-03-06,Store_A,Product_A,16.0,0,58
2025-03-06,Store_A,Product_B,22.2,0,75
2025-03-06,Store_A,Product_C,19.1,1,54
2025-03-06,Store_B,Product_A,20.4,0,69
2025-03-06,Store_B,Product_B,24.0,0,100
2025-03-06,Store_B,Product_C,21.4,0,55
2025-03-06,Store_C,Product_A,24.2,1,62
2025-03-06,Store_C,Product_B,21.5,0,68
2025-03-06,Store_C,Product_C,24.5,0,41
2025-03-06,Store_D,Product_A,18.6,0,57
2025-03-06,Store_D,Product_B,21.6,1,128
2025-03-06,Store_D,Product_C,21.8,0,51
2025-03-07,Store_A,Product_A,24.7,0,60
2025-03-07,Store_A,Product_B,21.6,0,74
2025-03-07,Store_A,Product_C,22.6,0,48
2025-03-07,Store_B,Product_A,22.4,0,61
2025-03-07,Store_B,Product_B,23.7,0,98
2025-03-07,Store_B,Product_C,22.9,0,48
2025-03-07,Store_C,Product_A,21.8,1,54
2025-03-07,Store_C,Product_B,23.2,0,72
2025-03-07,Store_C,Product_C,22.6,0,38
2025-03-07,Store_D,Product_A,20.5,0,59
2025-03-07,Store_D,Product_B,24.0,0,82
2025-03-07,Store_D,Product_C,24.3,1,63
2025-03-08,Store_A,Product_A,20.1,0,59
2025-03-08,Store_A,Product_B,22.6,0,93
2025-03-08,Store_A,Product_C,24.2,0,48
2025-03-08,Store_B,Product_A,20.7,0,77
2025-03-08,Store_B,Product_B,24.6,0,108
2025-03-08,Store_B,Product_C,24.3,0,58
2025-03-08,Store_C,Product_A,23.6,1,66
2025-03-08,Store_C,Product_B,23.4,0,89
2025-03-08,Store_C,Product_C,22.6,1,55
2025-03-08,Store_D,Product_A,25.4,1,91
2025-03-08,Store_D,Product_B,20.0,0,100
2025-03-08,Store_D,Product_C,21.6,0,60
2025-03-09,Store_A,Product_A,21.7,1,79
2025-03-09,Store_A,Product_B,24.9,0,94
2025-03-09,Store_A,Product_C,22.8,1,58
2025-03-09,Store_B,Product_A,21.2,0,66
2025-03-09,Store_B,Product_B,22.4,0,116
2025-03-09,Store_B,Product_C,22.9,1,82
2025-03-09,Store_C,Product_A,19.3,0,58
2025-03-09,Store_C,Product_B,23.1,0,83
2025-03-09,Store_C,Product_C,22.3,0,41
2025-03-09,Store_D,Product_A,22.4,0,67
2025-03-09,Store_D,Product_B,17.5,0,97
2025-03-09,Store_D,Product_C,25.7,0,57
2025-03-10,Store_A,Product_A,20.5,0,55
2025-03-10,Store_A,Product_B,22.3,0,88
2025-03-10,Store_A,Product_C,20.8,0,48
2025-03-10,Store_B,Product_A,26.1,0,67
2025-03-10,Store_B,Product_B,22.6,0,101
2025-03-10,Store_B,Product_C,23.8,1,62
2025-03-10,Store_C,Product_A,18.5,0,50
2025-03-10,Store_C,Product_B,22.5,1,105
2025-03-10,Store_C,Product_C,21.4,0,36
2025-03-10,Store_D,Product_A,21.7,1,65
2025-03-10,Store_D,Product_B,23.5,0,89
2025-03-10,Store_D,Product_C,23.8,0,54
2025-03-11,Store_A,Product_A,19.3,1,70
2025-03-11,Store_A,Product_B,20.9,0,77
2025-03-11,Store_A,Product_C,21.8,0,44
2025-03-11,Store_B,Product_A,22.5,0,72
2025-03-11,Store_B,Product_B,19.3,0,92
2025-03-11,Store_B,Product_C,22.4,0,52
2025-03-11,Store_C,Product_A,21.5,1,55
2025-03-11,Store_C,Product_B,24.5,0,62
2025-03-11,Store_C,Product_C,26.0,0,36
2025-03-11,Store_D,Product_A,22.4,0,56
2025-03-11,Store_D,Product_B,21.2,0,100
2025-03-11,Store_D,Product_C,23.4,1,54
2025-03-12,Store_A,Product_A,23.1,0,61
2025-03-12,Store_A,Product_B,21.9,0,75
2025-03-12,Store_A,Product_C,25.6,0,45
2025-03-12,Store_B,Product_A,17.8,0,69
2025-03-12,Store_B,Product_B,24.4,0,79
2025-03-12,Store_B,Product_C,20.4,0,57
2025-03-12,Store_C,Product_A,21.9,0,52
2025-03-12,Store_C,Product_B,19.4,0,72
2025-03-12,Store_C,Product_C,24.3,1,44
2025-03-12,Store_D,Product_A,24.3,0,59
2025-03-12,Store_D,Product_B,22.7,1,112
2025-03-12,Store_D,Product_C,26.3,0,38
2025-03-13,Store_A,Product_A,24.5,0,63
2025-03-13,Store_A,Product_B,22.9,1,99
2025-03-13,Store_A,Product_C,25.1,1,56
2025-03-13,Store_B,Product_A,24.6,1,86
2025-03-13,Store_B,Product_B,23.4,0,97
2025-03-13,Store_B,Product_C,23.6,0,45
2025-03-13,Store_C,Product_A,21.8,0,50
2025-03-13,Store_C,Product_B,23.8,1,92
2025-03-13,Store_C,Product_C,19.9,0,35
2025-03-13,Store_D,Product_A,25.9,0,56
2025-03-13,Store_D,Product_B,22.8,0,86
2025-03-13,Store_D,Product_C,22.8,0,46
2025-03-14,Store_A,Product_A,19.6,0,55
2025-03-14,Store_A,Product_B,23.1,0,84
2025-03-14,Store_A,Product_C,22.6,0,47
2025-03-14,Store_B,Product_A,21.6,0,57
2025-03-14,Store_B,Product_B,22.3,0,97
2025-03-14,Store_B,Product_C,23.3,0,50
2025-03-14,Store_C,Product_A,24.2,0,50
2025-03-14,Store_C,Product_B,22.4,0,66
2025-03-14,Store_C,Product_C,25.7,1,53
2025-03-14,Store_D,Product_A,23.2,0,56
2025-03-14,Store_D,Product_B,21.5,0,103
2025-03-14,Store_D,Product_C,21.4,0,46
2025-03-15,Store_A,Product_A,24.2,1,76
2025-03-15,Store_A,Product_B,23.7,1,93
2025-03-15,Store_A,Product_C,23.5,0,51
2025-03-15,Store_B,Product_A,23.2,0,82
2025-03-15,Store_B,Product_B,24.2,0,108
2025-03-15,Store_B,Product_C,21.2,0,61
2025-03-15,Store_C,Product_A,22.0,0,65
2025-03-15,Store_C,Product_B,20.3,0,82
2025-03-15,Store_C,Product_C,24.1,0,44
2025-03-15,Store_D,Product_A,20.0,0,66
2025-03-15,Store_D,Product_B,23.1,0,94
2025-03-15,Store_D,Product_C,22.4,0,57
2025-03-16,Store_A,Product_A,23.0,0,65
2025-03-16,Store_A,Product_B,18.8,0,89
2025-03-16,Store_A,Product_C,24.7,0,50
2025-03-16,Store_B,Product_A,21.8,0,80
2025-03-16,Store_B,Product_B,19.9,0,103
2025-03-16,Store_B,Product_C,22.6,1,68
2025-03-16,Store_C,Product_A,24.1,0,56
2025-03-16,Store_C,Product_B,22.9,0,92
2025-03-16,Store_C,Product_C,27.0,0,52
2025-03-16,Store_D,Product_A,21.5,0,70
2025-03-16,Store_D,Product_B,20.9,0,98
2025-03-16,Store_D,Product_C,22.8,0,60
2025-03-17,Store_A,Product_A,21.4,0,52
2025-03-17,Store_A,Product_B,24.9,0,76
2025-03-17,Store_A,Product_C,25.1,1,52
2025-03-17,Store_B,Product_A,23.9,0,68
2025-03-17,Store_B,Product_B,22.8,0,95
2025-03-17,Store_B,Product_C,25.1,0,54
2025-03-17,Store_C,Product_A,21.2,1,65
2025-03-17,Store_C,Product_B,22.1,0,76
2025-03-17,Store_C,Product_C,22.9,0,47
2025-03-17,Store_D,Product_A,25.3,0,55
2025-03-17,Store_D,Product_B,24.6,0,89
2025-03-17,Store_D,Product_C,24.4,0,45
2025-03-18,Store_A,Product_A,21.8,0,55
2025-03-18,Store_A,Product_B,21.7,1,100
2025-03-18,Store_A,Product_C,17.9,0,42
2025-03-18,Store_B,Product_A,24.4,0,54
2025-03-18,Store_B,Product_B,25.5,0,94
2025-03-18,Store_B,Product_C,20.2,0,54
2025-03-18,Store_C,Product_A,22.5,0,53
2025-03-18,Store_C,Product_B,23.6,0,77
2025-03-18,Store_C,Product_C,25.5,0,38
2025-03-18,Store_D,Product_A,25.4,0,65
2025-03-18,Store_D,Product_B,22.2,0,97
2025-03-18,Store_D,Product_C,21.8,0,50
2025-03-19,Store_A,Product_A,26.3,0,63
2025-03-19,Store_A,Product_B,23.5,1,112
2025-03-19,Store_A,Product_C,22.0,0,48
2025-03-19,Store_B,Product_A,25.2,0,67
2025-03-19,Store_B,Product_B,21.6,0,95
2025-03-19,Store_B,Product_C,22.7,0,52
2025-03-19,Store_C,Product_A,25.1,1,59
2025-03-19,Store_C,Product_B,23.4,1,85
2025-03-19,Store_C,Product_C,21.9,0,40
2025-03-19,Store_D,Product_A,21.3,0,57
2025-03-19,Store_D,Product_B,18.6,0,72
2025-03-19,Store_D,Product_C,23.6,1,65
2025-03-20,Store_A,Product_A,22.8,0,61
2025-03-20,Store_A,Product_B,24.2,0,84
2025-03-20,Store_A,Product_C,23.9,0,43
2025-03-20,Store_B,Product_A,22.8,0,67
2025-03-20,Store_B,Product_B,23.2,0,77
2025-03-20,Store_B,Product_C,20.6,1,72
2025-03-20,Store_C,Product_A,24.1,0,54
2025-03-20,Store_C,Product_B,23.1,1,87
2025-03-20,Store_C,Product_C,22.0,0,42
2025-03-20,Store_D,Product_A,23.5,0,64
2025-03-20,Store_D,Product_B,23.7,0,94
2025-03-20,Store_D,Product_C,24.9,1,57
2025-03-21,Store_A,Product_A,23.2,0,57
2025-03-21,Store_A,Product_B,23.4,0,81
2025-03-21,Store_A,Product_C,23.8,0,43
2025-03-21,Store_B,Product_A,23.0,0,67
2025-03-21,Store_B,Product_B,22.8,0,97
2025-03-21,Store_B,Product_C,22.3,0,54
2025-03-21,Store_C,Product_A,26.8,0,54
2025-03-21,Store_C,Product_B,20.8,0,78
2025-03-21,Store_C,Product_C,20.1,0,43
2025-03-21,Store_D,Product_A,27.3,0,73
2025-03-21,Store_D,Product_B,26.6,0,87
2025-03-21,Store_D,Product_C,23.4,1,45
2025-03-22,Store_A,Product_A,22.7,1,82
2025-03-22,Store_A,Product_B,25.2,0,100
2025-03-22,Store_A,Product_C,23.9,0,58
2025-03-22,Store_B,Product_A,26.4,0,75
2025-03-22,Store_B,Product_B,24.4,0,101
2025-03-22,Store_B,Product_C,23.9,0,53
2025-03-22,Store_C,Product_A,26.3,0,61
2025-03-22,Store_C,Product_B,26.2,0,89
2025-03-22,Store_C,Product_C,19.6,0,47
2025-03-22,Store_D,Product_A,27.7,0,78
2025-03-22,Store_D,Product_B,27.4,1,105
2025-03-22,Store_D,Product_C,23.2,0,57
2025-03-23,Store_A,Product_A,25.6,1,76
2025-03-23,Store_A,Product_B,26.6,0,80
2025-03-23,Store_A,Product_C,24.5,0,49
2025-03-23,Store_B,Product_A,25.9,0,73
2025-03-23,Store_B,Product_B,23.6,0,104
2025-03-23,Store_B,Product_C,25.6,1,69
2025-03-23,Store_C,Product_A,25.1,0,59
2025-03-23,Store_C,Product_B,26.9,0,83
2025-03-23,Store_C,Product_C,26.0,0,41
2025-03-23,Store_D,Product_A,25.6,0,77
2025-03-23,Store_D,Product_B,23.9,0,110
2025-03-23,Store_D,Product_C,28.3,0,56
2025-03-24,Store_A,Product_A,21.8,0,61
2025-03-24,Store_A,Product_B,26.5,0,84
2025-03-24,Store_A,Product_C,24.0,0,40
2025-03-24,Store_B,Product_A,27.1,0,66
2025-03-24,Store_B,Product_B,27.1,0,86
2025-03-24,Store_B,Product_C,24.8,1,55
2025-03-24,Store_C,Product_A,24.2,0,44
2025-03-24,Store_C,Product_B,26.7,1,92
2025-03-24,Store_C,Product_C,22.6,0,45
2025-03-24,Store_D,Product_A,26.7,0,54
2025-03-24,Store_D,Product_B,23.8,0,98
2025-03-24,Store_D,Product_C,26.3,0,54
2025-03-25,Store_A,Product_A,24.2,0,57
2025-03-25,Store_A,Product_B,25.1,0,75
2025-03-25,Store_A,Product_C,23.5,0,45
2025-03-25,Store_B,Product_A,24.1,0,65
2025-03-25,Store_B,Product_B,22.5,1,121
2025-03-25,Store_B,Product_C,23.3,0,54
2025-03-25,Store_C,Product_A,20.4,0,49
2025-03-25,Store_C,Product_B,24.1,0,69
2025-03-25,Store_C,Product_C,26.8,0,40
2025-03-25,Store_D,Product_A,25.0,0,58
2025-03-25,Store_D,Product_B,24.3,0,84
2025-03-25,Store_D,Product_C,21.9,0,45
2025-03-26,Store_A,Product_A,23.8,1,70
2025-03-26,Store_A,Product_B,27.3,0,76
2025-03-26,Store_A,Product_C,26.6,1,51
2025-03-26,Store_B,Product_A,23.4,0,69
2025-03-26,Store_B,Product_B,25.6,0,95
2025-03-26,Store_B,Product_C,24.8,0,45
2025-03-26,Store_C,Product_A,29.3,0,46
2025-03-26,Store_C,Product_B,25.9,0,75
2025-03-26,Store_C,Product_C,26.4,0,38
2025-03-26,Store_D,Product_A,23.4,0,61
2025-03-26,Store_D,Product_B,22.4,1,123
2025-03-26,Store_D,Product_C,20.9,0,49
2025-03-27,Store_A,Product_A,27.3,0,60
2025-03-27,Store_A,Product_B,25.8,0,77
2025-03-27,Store_A,Product_C,26.5,0,44
2025-03-27,Store_B,Product_A,21.7,0,73
2025-03-27,Store_B,Product_B,29.3,0,87
2025-03-27,Store_B,Product_C,27.2,0,50
2025-03-27,Store_C,Product_A,26.6,1,60
2025-03-27,Store_C,Product_B,26.7,0,73
2025-03-27,Store_C,Product_C,25.9,1,47
2025-03-27,Store_D,Product_A,24.4,0,60
2025-03-27,Store_D,Product_B,18.8,0,94
2025-03-27,Store_D,Product_C,25.7,0,49
2025-03-28,Store_A,Product_A,26.0,0,61
2025-03-28,Store_A,Product_B,26.0,0,74
2025-03-28,Store_A,Product_C,21.8,0,45
2025-03-28,Store_B,Product_A,23.6,0,58
2025-03-28,Store_B,Product_B,23.7,0,97
2025-03-28,Store_B,Product_C,24.6,0,51
2025-03-28,Store_C,Product_A,27.9,0,54
2025-03-28,Store_C,Product_B,23.6,1,91
2025-03-28,Store_C,Product_C,25.9,1,45
2025-03-28,Store_D,Product_A,23.0,0,65
2025-03-28,Store_D,Product_B,25.1,0,87
2025-03-28,Store_D,Product_C,26.1,0,51
2025-03-29,Store_A,Product_A,27.6,0,59
2025-03-29,Store_A,Product_B,24.0,0,99
2025-03-29,Store_A,Product_C,25.9,0,56
2025-03-29,Store_B,Product_A,30.4,0,71
2025-03-29,Store_B,Product_B,26.3,0,127
2025-03-29,Store_B,Product_C,22.9,0,57
2025-03-29,Store_C,Product_A,25.3,0,61
2025-03-29,Store_C,Product_B,24.6,1,120
2025-03-29,Store_C,Product_C,25.4,0,53
2025-03-29,Store_D,Product_A,23.1,0,76
2025-03-29,Store_D,Product_B,21.5,0,120
2025-03-29,Store_D,Product_C,23.6,0,51
2025-03-30,Store_A,Product_A,25.7,0,69
2025-03-30,Store_A,Product_B,28.8,1,123
2025-03-30,Store_A,Product_C,28.2,0,48
2025-03-30,Store_B,Product_A,23.8,0,73
2025-03-30,Store_B,Product_B,21.8,0,109
2025-03-30,Store_B,Product_C,26.6,0,57
2025-03-30,Store_C,Product_A,28.0,0,52
2025-03-30,Store_C,Product_B,27.2,1,107
2025-03-30,Store_C,Product_C,27.0,1,57
2025-03-30,Store_D,Product_A,25.0,0,79
2025-03-30,Store_D,Product_B,25.7,0,107
2025-03-30,Store_D,Product_C,27.8,0,51
2025-03-31,Store_A,Product_A,23.7,0,63
2025-03-31,Store_A,Product_B,26.9,0,88
2025-03-31,Store_A,Product_C,25.8,0,42
2025-03-31,Store_B,Product_A,24.6,1,74
2025-03-31,Store_B,Product_B,25.2,0,101
2025-03-31,Store_B,Product_C,23.7,0,48
2025-03-31,Store_C,Product_A,30.7,0,51
2025-03-31,Store_C,Product_B,25.9,0,80
2025-03-31,Store_C,Product_C,25.0,0,41
2025-03-31,Store_D,Product_A,28.7,0,78
2025-03-31,Store_D,Product_B,24.5,0,103
2025-03-31,Store_D,Product_C,26.2,0,48
2025-04-01,Store_A,Product_A,24.6,1,81
2025-04-01,Store_A,Product_B,26.7,0,87
2025-04-01,Store_A,Product_C,24.5,0,47
2025-04-01,Store_B,Product_A,25.3,0,58
2025-04-01,Store_B,Product_B,24.8,0,94
2025-04-01,Store_B,Product_C,25.6,0,52
2025-04-01,Store_C,Product_A,28.4,1,65
2025-04-01,Store_C,Product_B,20.9,1,100
2025-04-01,Store_C,Product_C,28.2,0,41
2025-04-01,Store_D,Product_A,29.0,0,57
2025-04-01,Store_D,Product_B,27.3,0,92
2025-04-01,Store_D,Product_C,27.5,0,50
2025-04-02,Store_A,Product_A,28.0,0,66
2025-04-02,Store_A,Product_B,24.6,0,78
2025-04-02,Store_A,Product_C,26.4,1,55
2025-04-02,Store_B,Product_A,24.2,0,61
2025-04-02,Store_B,Product_B,27.9,1,113
2025-04-02,Store_B,Product_C,24.1,0,48
2025-04-02,Store_C,Product_A,27.9,0,49
2025-04-02,Store_C,Product_B,26.4,0,83
2025-04-02,Store_C,Product_C,26.7,0,42
2025-04-02,Store_D,Product_A,25.7,0,62
2025-04-02,Store_D,Product_B,25.4,0,83
2025-04-02,Store_D,Product_C,26.8,0,52
2025-04-03,Store_A,Product_A,24.3,0,53
2025-04-03,Store_A,Product_B,27.8,0,77
2025-04-03,Store_A,Product_C,25.5,0,49
2025-04-03,Store_B,Product_A,29.1,0,62
2025-04-03,Store_B,Product_B,26.8,0,120
2025-04-03,Store_B,Product_C,27.3,1,59
2025-04-03,Store_C,Product_A,21.5,0,53
2025-04-03,Store_C,Product_B,23.5,0,80
2025-04-03,Store_C,Product_C,25.4,0,47
2025-04-03,Store_D,Product_A,26.4,0,59
2025-04-03,Store_D,Product_B,25.0,0,95
2025-04-03,Store_D,Product_C,26.1,0,54
2025-04-04,Store_A,Product_A,25.3,0,57
2025-04-04,Store_A,Product_B,28.7,0,77
2025-04-04,Store_A,Product_C,28.2,0,47
2025-04-04,Store_B,Product_A,22.2,0,59
2025-04-04,Store_B,Product_B,27.3,0,101
2025-04-04,Store_B,Product_C,26.4,0,56
2025-04-04,Store_C,Product_A,25.8,0,51
2025-04-04,Store_C,Product_B,25.7,1,85
2025-04-04,Store_C,Product_C,26.7,0,46
2025-04-04,Store_D,Product_A,26.3,0,65
2025-04-04,Store_D,Product_B,24.8,0,86
2025-04-04,Store_D,Product_C,27.2,0,44
2025-04-05,Store_A,Product_A,27.0,0,64
2025-04-05,Store_A,Product_B,24.3,0,94
2025-04-05,Store_A,Product_C,24.1,0,48
2025-04-05,Store_B,Product_A,26.9,0,79
2025-04-05,Store_B,Product_B,26.0,0,97
2025-04-05,Store_B,Product_C,28.9,0,61
2025-04-05,Store_C,Product_A,26.9,0,57
2025-04-05,Store_C,Product_B,28.0,1,98
2025-04-05,Store_C,Product_C,24.2,1,56
2025-04-05,Store_D,Product_A,24.8,1,83
2025-04-05,Store_D,Product_B,26.0,0,94
2025-04-05,Store_D,Product_C,23.9,0,56
2025-04-06,Store_A,Product_A,26.3,0,72
2025-04-06,Store_A,Product_B,27.3,1,96
2025-04-06,Store_A,Product_C,28.6,0,47
2025-04-06,Store_B,Product_A,26.7,1,90
2025-04-06,Store_B,Product_B,24.3,0,114
2025-04-06,Store_B,Product_C,25.7,0,61
2025-04-06,Store_C,Product_A,26.7,1,72
2025-04-06,Store_C,Product_B,25.2,0,82
2025-04-06,Store_C,Product_C,22.6,0,49
2025-04-06,Store_D,Product_A,27.5,0,87
2025-04-06,Store_D,Product_B,27.7,0,105
2025-04-06,Store_D,Product_C,26.7,0,65
2025-04-07,Store_A,Product_A,24.6,0,55
2025-04-07,Store_A,Product_B,25.8,0,72
2025-04-07,Store_A,Product_C,31.2,0,43
2025-04-07,Store_B,Product_A,23.7,0,64
2025-04-07,Store_B,Product_B,23.9,0,104
2025-04-07,Store_B,Product_C,29.0,0,44
2025-04-07,Store_C,Product_A,28.1,0,53
2025-04-07,Store_C,Product_B,24.7,0,76
2025-04-07,Store_C,Product_C,23.5,0,42
2025-04-07,Store_D,Product_A,25.7,0,63
2025-04-07,Store_D,Product_B,26.3,0,95
2025-04-07,Store_D,Product_C,25.4,0,50
2025-04-08,Store_A,Product_A,28.0,0,61
2025-04-08,Store_A,Product_B,24.6,1,88
2025-04-08,Store_A,Product_C,27.9,1,54
2025-04-08,Store_B,Product_A,27.8,0,72
2025-04-08,Store_B,Product_B,26.7,0,90
2025-04-08,Store_B,Product_C,29.1,0,47
2025-04-08,Store_C,Product_A,25.3,0,58
2025-04-08,Store_C,Product_B,27.7,0,74
2025-04-08,Store_C,Product_C,25.5,1,44
2025-04-08,Store_D,Product_A,25.7,0,59
2025-04-08,Store_D,Product_B,22.6,0,100
2025-04-08,Store_D,Product_C,24.9,0,49
2025-04-09,Store_A,Product_A,21.2,0,71
2025-04-09,Store_A,Product_B,24.7,0,96
2025-04-09,Store_A,Product_C,29.9,0,50
2025-04-09,Store_B,Product_A,25.9,0,64
2025-04-09,Store_B,Product_B,29.6,0,99
2025-04-09,Store_B,Product_C,25.9,0,56
2025-04-09,Store_C,Product_A,25.5,0,54
2025-04-09,Store_C,Product_B,23.9,0,72
2025-04-09,Store_C,Product_C,29.5,0,36
2025-04-09,Store_D,Product_A,27.5,0,64
2025-04-09,Store_D,Product_B,27.0,1,115
2025-04-09,Store_D,Product_C,24.5,0,51
2025-04-10,Store_A,Product_A,27.2,0,55
2025-04-10,Store_A,Product_B,28.0,0,90
2025-04-10,Store_A,Product_C,27.4,1,57
2025-04-10,Store_B,Product_A,22.8,1,93
2025-04-10,Store_B,Product_B,31.0,0,91
2025-04-10,Store_B,Product_C,29.5,0,55
2025-04-10,Store_C,Product_A,22.9,0,52
2025-04-10,Store_C,Product_B,27.1,1,95
2025-04-10,Store_C,Product_C,24.5,0,48
2025-04-10,Store_D,Product_A,25.9,0,57
2025-04-10,Store_D,Product_B,24.8,0,79
2025-04-10,Store_D,Product_C,25.5,0,44
2025-04-11,Store_A,Product_A,25.8,0,53
2025-04-11,Store_A,Product_B,31.0,1,110
2025-04-11,Store_A,Product_C,25.7,0,48
2025-04-11,Store_B,Product_A,26.3,0,67
2025-04-11,Store_B,Product_B,23.9,0,95
2025-04-11,Store_B,Product_C,30.7,0,57
2025-04-11,Store_C,Product_A,27.9,0,45
2025-04-11,Store_C,Product_B,27.0,1,74
2025-04-11,Store_C,Product_C,27.1,0,36
2025-04-11,Store_D,Product_A,25.4,0,64
2025-04-11,Store_D,Product_B,28.5,1,121
2025-04-11,Store_D,Product_C,32.3,0,55
2025-04-12,Store_A,Product_A,26.6,0,66
2025-04-12,Store_A,Product_B,25.5,1,105
2025-04-12,Store_A,Product_C,27.6,1,55
2025-04-12,Store_B,Product_A,28.0,0,56
2025-04-12,Store_B,Product_B,23.2,0,98
2025-04-12,Store_B,Product_C,27.1,0,62
2025-04-12,Store_C,Product_A,28.0,1,66
2025-04-12,Store_C,Product_B,25.2,0,82
2025-04-12,Store_C,Product_C,24.8,0,49
2025-04-12,Store_D,Product_A,27.7,0,76
2025-04-12,Store_D,Product_B,23.1,0,114
2025-04-12,Store_D,Product_C,27.9,0,55
2025-04-13,Store_A,Product_A,26.9,0,60
2025-04-13,Store_A,Product_B,24.9,0,85
2025-04-13,Store_A,Product_C,24.1,0,51
2025-04-13,Store_B,Product_A,29.5,0,68
2025-04-13,Store_B,Product_B,29.2,0,120
2025-04-13,Store_B,Product_C,26.4,0,68
2025-04-13,Store_C,Product_A,25.9,0,56
2025-04-13,Store_C,Product_B,25.3,0,96
2025-04-13,Store_C,Product_C,28.2,0,50
2025-04-13,Store_D,Product_A,25.8,0,69
2025-04-13,Store_D,Product_B,26.8,0,104
2025-04-13,Store_D,Product_C,27.3,0,57
2025-04-14,Store_A,Product_A,28.9,0,60
2025-04-14,Store_A,Product_B,27.3,1,110
2025-04-14,Store_A,Product_C,27.2,0,47
2025-04-14,Store_B,Product_A,29.9,1,84
2025-04-14,Store_B,Product_B,28.6,0,103
2025-04-14,Store_B,Product_C,27.1,0,49
2025-04-14,Store_C,Product_A,29.8,0,53
2025-04-14,Store_C,Product_B,26.9,0,75
2025-04-14,Store_C,Product_C,28.7,0,43
2025-04-14,Store_D,Product_A,27.4,0,62
2025-04-14,Store_D,Product_B,28.6,1,110
2025-04-14,Store_D,Product_C,27.7,0,53
2025-04-15,Store_A,Product_A,25.0,0,54
2025-04-15,Store_A,Product_B,24.3,1,105
2025-04-15,Store_A,Product_C,29.8,0,54
2025-04-15,Store_B,Product_A,29.5,0,59
2025-04-15,Store_B,Product_B,28.9,0,114
2025-04-15,Store_B,Product_C,27.7,0,44
2025-04-15,Store_C,Product_A,24.6,0,50
2025-04-15,Store_C,Product_B,25.6,0,85
2025-04-15,Store_C,Product_C,25.2,0,42
2025-04-15,Store_D,Product_A,28.2,0,61
2025-04-15,Store_D,Product_B,28.4,0,89
2025-04-15,Store_D,Product_C,24.6,0,52
2025-04-16,Store_A,Product_A,28.9,0,58
2025-04-16,Store_A,Product_B,30.2,0,93
2025-04-16,Store_A,Product_C,24.6,0,47
2025-04-16,Store_B,Product_A,29.6,0,65
2025-04-16,Store_B,Product_B,25.0,0,100
2025-04-16,Store_B,Product_C,29.9,0,54
2025-04-16,Store_C,Product_A,28.8,0,51
2025-04-16,Store_C,Product_B,29.4,0,81
2025-04-16,Store_C,Product_C,27.7,0,41
2025-04-16,Store_D,Product_A,25.1,0,54
2025-04-16,Store_D,Product_B,29.6,1,117
2025-04-16,Store_D,Product_C,30.9,0,50
2025-04-17,Store_A,Product_A,26.0,1,77
2025-04-17,Store_A,Product_B,26.6,0,77
2025-04-17,Store_A,Product_C,29.0,0,47
2025-04-17,Store_B,Product_A,26.7,0,62
2025-04-17,Store_B,Product_B,22.9,0,105
2025-04-17,Store_B,Product_C,28.8,0,51
2025-04-17,Store_C,Product_A,30.3,0,58
2025-04-17,Store_C,Product_B,24.0,0,68
2025-04-17,Store_C,Product_C,22.8,0,39
2025-04-17,Store_D,Product_A,23.2,0,55
2025-04-17,Store_D,Product_B,28.3,0,83
2025-04-17,Store_D,Product_C,32.1,0,50
2025-04-18,Store_A,Product_A,29.0,1,75
2025-04-18,Store_A,Product_B,27.3,0,85
2025-04-18,Store_A,Product_C,25.5,0,42
2025-04-18,Store_B,Product_A,29.7,1,70
2025-04-18,Store_B,Product_B,30.5,0,114
2025-04-18,Store_B,Product_C,27.9,0,55
2025-04-18,Store_C,Product_A,28.0,0,51
2025-04-18,Store_C,Product_B,26.6,0,72
2025-04-18,Store_C,Product_C,28.0,1,48
2025-04-18,Store_D,Product_A,25.9,0,62
2025-04-18,Store_D,Product_B,28.0,1,121
2025-04-18,Store_D,Product_C,26.4,0,51
2025-04-19,Store_A,Product_A,31.3,0,60
2025-04-19,Store_A,Product_B,29.3,0,102
2025-04-19,Store_A,Product_C,28.8,0,59
2025-04-19,Store_B,Product_A,27.5,0,78
2025-04-19,Store_B,Product_B,27.2,0,107
2025-04-19,Store_B,Product_C,29.5,0,59
2025-04-19,Store_C,Product_A,29.2,0,50
2025-04-19,Store_C,Product_B,27.4,0,91
2025-04-19,Store_C,Product_C,30.8,0,47
2025-04-19,Store_D,Product_A,26.8,1,84
2025-04-19,Store_D,Product_B,28.5,0,113
2025-04-19,Store_D,Product_C,29.1,0,52
2025-04-20,Store_A,Product_A,26.4,0,61
2025-04-20,Store_A,Product_B,24.3,1,114
2025-04-20,Store_A,Product_C,31.2,0,59
2025-04-20,Store_B,Product_A,26.0,0,74
2025-04-20,Store_B,Product_B,30.3,0,102
2025-04-20,Store_B,Product_C,28.2,0,61
2025-04-20,Store_C,Product_A,29.7,0,60
2025-04-20,Store_C,Product_B,28.8,1,101
2025-04-20,Store_C,Product_C,28.1,0,43
2025-04-20,Store_D,Product_A,29.9,1,91
2025-04-20,Store_D,Product_B,27.1,0,102
2025-04-20,Store_D,Product_C,25.8,0,58
2025-04-21,Store_A,Product_A,31.6,0,57
2025-04-21,Store_A,Product_B,27.3,0,93
2025-04-21,Store_A,Product_C,28.6,0,43
2025-04-21,Store_B,Product_A,28.2,0,70
2025-04-21,Store_B,Product_B,26.3,0,92
2025-04-21,Store_B,Product_C,30.7,0,53
2025-04-21,Store_C,Product_A,27.0,0,50
2025-04-21,Store_C,Product_B,29.1,0,74
2025-04-21,Store_C,Product_C,26.7,0,43
2025-04-21,Store_D,Product_A,26.3,0,57
2025-04-21,Store_D,Product_B,29.9,1,105
2025-04-21,Store_D,Product_C,30.7,0,44
2025-04-22,Store_A,Product_A,29.5,0,53
2025-04-22,Store_A,Product_B,26.8,1,83
2025-04-22,Store_A,Product_C,27.0,0,44
2025-04-22,Store_B,Product_A,29.3,0,68
2025-04-22,Store_B,Product_B,28.5,1,119
2025-04-22,Store_B,Product_C,28.2,1,55
2025-04-22,Store_C,Product_A,29.7,0,53
2025-04-22,Store_C,Product_B,29.0,0,79
2025-04-22,Store_C,Product_C,28.7,1,51
2025-04-22,Store_D,Product_A,29.6,0,61
2025-04-22,Store_D,Product_B,27.3,1,105
2025-04-22,Store_D,Product_C,26.3,0,46
2025-04-23,Store_A,Product_A,29.5,0,56
2025-04-23,Store_A,Product_B,29.6,0,84
2025-04-23,Store_A,Product_C,27.3,1,58
2025-04-23,Store_B,Product_A,28.7,0,64
2025-04-23,Store_B,Product_B,27.4,0,86
2025-04-23,Store_B,Product_C,28.7,1,58
2025-04-23,Store_C,Product_A,31.6,0,60
2025-04-23,Store_C,Product_B,28.4,1,82
2025-04-23,Store_C,Product_C,27.6,0,43
2025-04-23,Store_D,Product_A,32.1,0,64
2025-04-23,Store_D,Product_B,30.0,0,89
2025-04-23,Store_D,Product_C,26.7,0,49
2025-04-24,Store_A,Product_A,30.4,0,55
2025-04-24,Store_A,Product_B,26.7,0,93
2025-04-24,Store_A,Product_C,29.4,0,40
2025-04-24,Store_B,Product_A,31.5,0,74
2025-04-24,Store_B,Product_B,28.8,0,94
2025-04-24,Store_B,Product_C,28.8,0,53
2025-04-24,Store_C,Product_A,28.8,0,50
2025-04-24,Store_C,Product_B,29.0,0,68
2025-04-24,Store_C,Product_C,26.8,0,43
2025-04-24,Store_D,Product_A,30.3,0,59
2025-04-24,Store_D,Product_B,27.4,0,85
2025-04-24,Store_D,Product_C,28.9,0,52
2025-04-25,Store_A,Product_A,29.3,0,59
2025-04-25,Store_A,Product_B,31.2,0,88
2025-04-25,Store_A,Product_C,27.0,0,46
2025-04-25,Store_B,Product_A,27.9,0,71
2025-04-25,Store_B,Product_B,26.6,0,81
2025-04-25,Store_B,Product_C,27.0,1,63
2025-04-25,Store_C,Product_A,29.2,0,55
2025-04-25,Store_C,Product_B,28.6,1,76
2025-04-25,Store_C,Product_C,30.5,0,31
2025-04-25,Store_D,Product_A,25.0,1,76
2025-04-25,Store_D,Product_B,27.9,0,105
2025-04-25,Store_D,Product_C,27.2,1,61
2025-04-26,Store_A,Product_A,28.8,0,68
2025-04-26,Store_A,Product_B,28.0,1,124
2025-04-26,Store_A,Product_C,27.1,0,58
2025-04-26,Store_B,Product_A,26.6,0,76
2025-04-26,Store_B,Product_B,31.4,0,111
2025-04-26,Store_B,Product_C,31.8,1,73
2025-04-26,Store_C,Product_A,30.0,0,57
2025-04-26,Store_C,Product_B,28.3,1,103
2025-04-26,Store_C,Product_C,29.5,1,49
2025-04-26,Store_D,Product_A,31.2,0,58
2025-04-26,Store_D,Product_B,27.4,0,99
2025-04-26,Store_D,Product_C,25.4,1,71
2025-04-27,Store_A,Product_A,27.7,0,60
2025-04-27,Store_A,Product_B,29.2,0,99
2025-04-27,Store_A,Product_C,28.4,1,52
2025-04-27,Store_B,Product_A,26.8,0,66
2025-04-27,Store_B,Product_B,27.9,0,102
2025-04-27,Store_B,Product_C,30.3,0,58
2025-04-27,Store_C,Product_A,28.0,0,59
2025-04-27,Store_C,Product_B,31.5,0,92
2025-04-27,Store_C,Product_C,28.4,0,49
2025-04-27,Store_D,Product_A,29.2,0,81
2025-04-27,Store_D,Product_B,27.5,0,100
2025-04-27,Store_D,Product_C,26.9,0,56
2025-04-28,Store_A,Product_A,28.2,0,60
2025-04-28,Store_A,Product_B,29.5,0,86
2025-04-28,Store_A,Product_C,32.3,0,41
2025-04-28,Store_B,Product_A,31.1,0,76
2025-04-28,Store_B,Product_B,31.2,1,106
2025-04-28,Store_B,Product_C,31.4,0,49
2025-04-28,Store_C,Product_A,29.5,0,51
2025-04-28,Store_C,Product_B,28.7,0,65
2025-04-28,Store_C,Product_C,26.5,0,41
2025-04-28,Store_D,Product_A,29.7,0,50
2025-04-28,Store_D,Product_B,31.0,0,104
2025-04-28,Store_D,Product_C,28.4,0,48
2025-04-29,Store_A,Product_A,27.2,0,61
2025-04-29,Store_A,Product_B,29.1,0,68
2025-04-29,Store_A,Product_C,30.7,0,45
2025-04-29,Store_B,Product_A,32.7,0,75
2025-04-29,Store_B,Product_B,29.4,1,124
2025-04-29,Store_B,Product_C,29.7,0,48
2025-04-29,Store_C,Product_A,31.1,0,57
2025-04-29,Store_C,Product_B,25.4,0,74
2025-04-29,Store_C,Product_C,28.3,0,40
2025-04-29,Store_D,Product_A,26.0,1,80
2025-04-29,Store_D,Product_B,26.3,0,89
2025-04-29,Store_D,Product_C,24.6,0,50
2025-04-30,Store_A,Product_A,29.2,0,55
2025-04-30,Store_A,Product_B,29.7,1,92
2025-04-30,Store_A,Product_C,28.0,0,46
2025-04-30,Store_B,Product_A,33.3,1,73
2025-04-30,Store_B,Product_B,28.8,0,82
2025-04-30,Store_B,Product_C,25.5,0,42
2025-04-30,Store_C,Product_A,29.0,0,52
2025-04-30,Store_C,Product_B,29.2,0,65
2025-04-30,Store_C,Product_C,27.8,0,37
2025-04-30,Store_D,Product_A,25.2,1,82
2025-04-30,Store_D,Product_B,30.0,0,92
2025-04-30,Store_D,Product_C,29.3,1,68
2025-05-01,Store_A,Product_A,28.4,0,51
2025-05-01,Store_A,Product_B,31.3,0,89
2025-05-01,Store_A,Product_C,31.1,0,49
2025-05-01,Store_B,Product_A,28.4,0,57
2025-05-01,Store_B,Product_B,32.7,0,89
2025-05-01,Store_B,Product_C,27.2,0,55
2025-05-01,Store_C,Product_A,30.2,0,50
2025-05-01,Store_C,Product_B,32.1,1,94
2025-05-01,Store_C,Product_C,25.2,0,37
2025-05-01,Store_D,Product_A,31.5,1,67
2025-05-01,Store_D,Product_B,29.5,1,99
2025-05-01,Store_D,Product_C,29.2,1,54
2025-05-02,Store_A,Product_A,29.4,0,61
2025-05-02,Store_A,Product_B,29.7,0,76
2025-05-02,Store_A,Product_C,30.1,0,42
2025-05-02,Store_B,Product_A,30.3,0,63
2025-05-02,Store_B,Product_B,29.4,0,102
2025-05-02,Store_B,Product_C,33.2,0,55
2025-05-02,Store_C,Product_A,28.8,0,52
2025-05-02,Store_C,Product_B,29.3,1,86
2025-05-02,Store_C,Product_C,29.4,0,37
2025-05-02,Store_D,Product_A,27.7,0,64
2025-05-02,Store_D,Product_B,34.5,0,88
2025-05-02,Store_D,Product_C,28.4,0,46
2025-05-03,Store_A,Product_A,30.4,0,61
2025-05-03,Store_A,Product_B,29.2,1,115
2025-05-03,Store_A,Product_C,28.8,0,51
2025-05-03,Store_B,Product_A,29.7,1,86
2025-05-03,Store_B,Product_B,33.6,0,118
2025-05-03,Store_B,Product_C,30.1,0,59
2025-05-03,Store_C,Product_A,27.7,0,65
2025-05-03,Store_C,Product_B,30.5,0,81
2025-05-03,Store_C,Product_C,27.8,1,47
2025-05-03,Store_D,Product_A,26.6,1,76
2025-05-03,Store_D,Product_B,27.3,0,95
2025-05-03,Store_D,Product_C,29.2,0,55
2025-05-04,Store_A,Product_A,27.0,0,61
2025-05-04,Store_A,Product_B,31.1,0,82
2025-05-04,Store_A,Product_C,28.1,0,47
2025-05-04,Store_B,Product_A,29.8,0,71
2025-05-04,Store_B,Product_B,30.3,1,120
2025-05-04,Store_B,Product_C,29.5,0,54
2025-05-04,Store_C,Product_A,28.6,0,64
2025-05-04,Store_C,Product_B,27.9,0,84
2025-05-04,Store_C,Product_C,23.5,0,42
2025-05-04,Store_D,Product_A,27.3,0,67
2025-05-04,Store_D,Product_B,30.5,0,91
2025-05-04,Store_D,Product_C,30.6,0,63
2025-05-05,Store_A,Product_A,27.9,1,78
2025-05-05,Store_A,Product_B,30.2,1,113
2025-05-05,Store_A,Product_C,29.8,0,48
2025-05-05,Store_B,Product_A,25.7,0,69
2025-05-05,Store_B,Product_B,32.2,0,104
2025-05-05,Store_B,Product_C,28.2,0,52
2025-05-05,Store_C,Product_A,27.1,0,58
2025-05-05,Store_C,Product_B,29.2,0,72
2025-05-05,Store_C,Product_C,26.1,0,39
2025-05-05,Store_D,Product_A,29.9,1,69
2025-05-05,Store_D,Product_B,31.1,0,91
2025-05-05,Store_D,Product_C,27.4,0,46
2025-05-06,Store_A,Product_A,30.2,0,57
2025-05-06,Store_A,Product_B,29.6,1,101
2025-05-06,Store_A,Product_C,29.1,0,43
2025-05-06,Store_B,Product_A,26.8,0,59
2025-05-06,Store_B,Product_B,31.3,0,80
2025-05-06,Store_B,Product_C,28.3,0,54
2025-05-06,Store_C,Product_A,27.3,0,53
2025-05-06,Store_C,Product_B,30.7,0,64
2025-05-06,Store_C,Product_C,31.6,1,44
2025-05-06,Store_D,Product_A,29.5,0,58
2025-05-06,Store_D,Product_B,29.1,0,88
2025-05-06,Store_D,Product_C,29.9,0,45
2025-05-07,Store_A,Product_A,28.9,0,52
2025-05-07,Store_A,Product_B,28.8,0,84
2025-05-07,Store_A,Product_C,30.9,0,45
2025-05-07,Store_B,Product_A,31.6,0,62
2025-05-07,Store_B,Product_B,29.0,0,95
2025-05-07,Store_B,Product_C,30.4,0,51
2025-05-07,Store_C,Product_A,30.1,0,56
2025-05-07,Store_C,Product_B,32.1,0,79
2025-05-07,Store_C,Product_C,29.5,0,41
2025-05-07,Store_D,Product_A,31.2,0,63
2025-05-07,Store_D,Product_B,28.8,0,95
2025-05-07,Store_D,Product_C,30.2,0,45
2025-05-08,Store_A,Product_A,33.8,1,68
2025-05-08,Store_A,Product_B,32.7,0,64
2025-05-08,Store_A,Product_C,27.1,0,40
2025-05-08,Store_B,Product_A,29.4,1,83
2025-05-08,Store_B,Product_B,32.1,0,91
2025-05-08,Store_B,Product_C,28.9,0,43
2025-05-08,Store_C,Product_A,28.1,0,46
2025-05-08,Store_C,Product_B,32.2,0,64
2025-05-08,Store_C,Product_C,28.5,0,32
2025-05-08,Store_D,Product_A,32.9,0,57
2025-05-08,Store_D,Product_B,29.0,0,79
2025-05-08,Store_D,Product_C,30.8,1,58
2025-05-09,Store_A,Product_A,31.0,0,45
2025-05-09,Store_A,Product_B,28.2,0,74
2025-05-09,Store_A,Product_C,34.0,0,44
2025-05-09,Store_B,Product_A,28.8,0,70
2025-05-09,Store_B,Product_B,30.7,0,94
2025-05-09,Store_B,Product_C,31.4,0,53
2025-05-09,Store_C,Product_A,31.5,0,53
2025-05-09,Store_C,Product_B,33.2,0,74
2025-05-09,Store_C,Product_C,32.1,0,37
2025-05-09,Store_D,Product_A,31.5,0,56
2025-05-09,Store_D,Product_B,30.3,1,99
2025-05-09,Store_D,Product_C,32.3,1,58
2025-05-10,Store_A,Product_A,30.7,1,81
2025-05-10,Store_A,Product_B,29.0,0,86
2025-05-10,Store_A,Product_C,28.7,0,52
2025-05-10,Store_B,Product_A,30.8,1,95
2025-05-10,Store_B,Product_B,29.5,0,98
2025-05-10,Store_B,Product_C,28.5,0,56
2025-05-10,Store_C,Product_A,29.1,0,57
2025-05-10,Store_C,Product_B,31.6,0,87
2025-05-10,Store_C,Product_C,26.0,0,52
2025-05-10,Store_D,Product_A,31.1,1,96
2025-05-10,Store_D,Product_B,28.3,0,97
2025-05-10,Store_D,Product_C,28.8,0,57
2025-05-11,Store_A,Product_A,28.3,0,65
2025-05-11,Store_A,Product_B,30.2,0,99
2025-05-11,Store_A,Product_C,30.2,0,53
2025-05-11,Store_B,Product_A,31.5,0,75
2025-05-11,Store_B,Product_B,27.9,0,104
2025-05-11,Store_B,Product_C,31.5,0,58
2025-05-11,Store_C,Product_A,32.1,0,59
2025-05-11,Store_C,Product_B,32.4,0,89
2025-05-11,Store_C,Product_C,30.2,0,40
2025-05-11,Store_D,Product_A,32.5,0,69
2025-05-11,Store_D,Product_B,29.3,0,110
2025-05-11,Store_D,Product_C,32.8,1,68
2025-05-12,Store_A,Product_A,30.5,0,59
2025-05-12,Store_A,Product_B,30.6,0,89
2025-05-12,Store_A,Product_C,29.5,1,63
2025-05-12,Store_B,Product_A,28.3,1,74
2025-05-12,Store_B,Product_B,31.1,0,86
2025-05-12,Store_B,Product_C,34.2,0,54
2025-05-12,Store_C,Product_A,27.7,0,42
2025-05-12,Store_C,Product_B,28.5,1,87
2025-05-12,Store_C,Product_C,26.7,0,36
2025-05-12,Store_D,Product_A,29.8,0,59
2025-05-12,Store_D,Product_B,29.4,0,84
2025-05-12,Store_D,Product_C,33.2,0,52
2025-05-13,Store_A,Product_A,30.1,0,57
2025-05-13,Store_A,Product_B,31.1,0,78
2025-05-13,Store_A,Product_C,30.1,0,36
2025-05-13,Store_B,Product_A,28.5,0,65
2025-05-13,Store_B,Product_B,33.3,0,106
2025-05-13,Store_B,Product_C,29.0,0,47
2025-05-13,Store_C,Product_A,29.7,0,57
2025-05-13,Store_C,Product_B,27.9,0,71
2025-05-13,Store_C,Product_C,30.2,0,35
2025-05-13,Store_D,Product_A,29.0,0,61
2025-05-13,Store_D,Product_B,28.8,0,95
2025-05-13,Store_D,Product_C,30.2,1,61
2025-05-14,Store_A,Product_A,31.4,0,52
2025-05-14,Store_A,Product_B,29.1,1,95
2025-05-14,Store_A,Product_C,32.1,0,43
2025-05-14,Store_B,Product_A,29.6,0,60
2025-05-14,Store_B,Product_B,29.7,1,122
2025-05-14,Store_B,Product_C,32.0,0,45
2025-05-14,Store_C,Product_A,29.5,1,60
2025-05-14,Store_C,Product_B,28.6,0,77
2025-05-14,Store_C,Product_C,30.9,0,43
2025-05-14,Store_D,Product_A,29.5,0,67
2025-05-14,Store_D,Product_B,30.0,1,118
2025-05-14,Store_D,Product_C,27.5,0,46
2025-05-15,Store_A,Product_A,31.5,0,62
2025-05-15,Store_A,Product_B,36.5,0,77
2025-05-15,Store_A,Product_C,27.5,0,40
2025-05-15,Store_B,Product_A,27.9,0,64
2025-05-15,Store_B,Product_B,27.5,1,105
2025-05-15,Store_B,Product_C,30.9,0,47
2025-05-15,Store_C,Product_A,32.9,0,48
2025-05-15,Store_C,Product_B,29.6,0,67
2025-05-15,Store_C,Product_C,27.2,0,35
2025-05-15,Store_D,Product_A,28.5,0,64
2025-05-15,Store_D,Product_B,24.6,0,83
2025-05-15,Store_D,Product_C,30.5,0,42
2025-05-16,Store_A,Product_A,30.5,0,56
2025-05-16,Store_A,Product_B,31.2,0,80
2025-05-16,Store_A,Product_C,27.7,0,43
2025-05-16,Store_B,Product_A,27.4,0,67
2025-05-16,Store_B,Product_B,31.6,1,126
2025-05-16,Store_B,Product_C,32.2,0,45
2025-05-16,Store_C,Product_A,32.5,1,55
2025-05-16,Store_C,Product_B,32.6,0,68
2025-05-16,Store_C,Product_C,32.3,0,38
2025-05-16,Store_D,Product_A,30.4,0,70
2025-05-16,Store_D,Product_B,29.6,0,92
2025-05-16,Store_D,Product_C,30.6,0,47
2025-05-17,Store_A,Product_A,31.8,0,59
2025-05-17,Store_A,Product_B,29.0,0,91
2025-05-17,Store_A,Product_C,30.8,0,48
2025-05-17,Store_B,Product_A,28.0,0,73
2025-05-17,Store_B,Product_B,29.9,0,89
2025-05-17,Store_B,Product_C,29.7,0,65
2025-05-17,Store_C,Product_A,31.5,1,73
2025-05-17,Store_C,Product_B,32.2,0,81
2025-05-17,Store_C,Product_C,28.8,0,36
2025-05-17,Store_D,Product_A,28.4,1,87
2025-05-17,Store_D,Product_B,32.4,0,100
2025-05-17,Store_D,Product_C,28.2,0,61
2025-05-18,Store_A,Product_A,29.1,0,67
2025-05-18,Store_A,Product_B,31.1,0,106
2025-05-18,Store_A,Product_C,24.9,0,45
2025-05-18,Store_B,Product_A,33.6,1,94
2025-05-18,Store_B,Product_B,26.8,0,99
2025-05-18,Store_B,Product_C,29.7,0,56
2025-05-18,Store_C,Product_A,30.0,0,63
2025-05-18,Store_C,Product_B,30.0,0,86
2025-05-18,Store_C,Product_C,29.0,0,42
2025-05-18,Store_D,Product_A,28.5,0,70
2025-05-18,Store_D,Product_B,30.1,0,94
2025-05-18,Store_D,Product_C,31.2,0,53
2025-05-19,Store_A,Product_A,28.6,0,52
2025-05-19,Store_A,Product_B,30.4,1,94
2025-05-19,Store_A,Product_C,32.3,0,44
2025-05-19,Store_B,Product_A,27.7,0,62
2025-05-19,Store_B,Product_B,30.8,0,91
2025-05-19,Store_B,Product_C,28.9,0,45
2025-05-19,Store_C,Product_A,33.6,0,48
2025-05-19,Store_C,Product_B,31.6,0,66
2025-05-19,Store_C,Product_C,31.1,0,38
2025-05-19,Store_D,Product_A,28.6,0,51
2025-05-19,Store_D,Product_B,26.6,0,93
2025-05-19,Store_D,Product_C,30.2,0,49
2025-05-20,Store_A,Product_A,29.2,0,46
2025-05-20,Store_A,Product_B,32.5,0,85
2025-05-20,Store_A,Product_C,30.9,0,46
2025-05-20,Store_B,Product_A,30.2,0,65
2025-05-20,Store_B,Product_B,34.2,0,90
2025-05-20,Store_B,Product_C,33.4,1,70
2025-05-20,Store_C,Product_A,32.4,1,62
2025-05-20,Store_C,Product_B,28.8,0,70
2025-05-20,Store_C,Product_C,28.9,0,39
2025-05-20,Store_D,Product_A,33.2,0,65
2025-05-20,Store_D,Product_B,27.3,0,86
2025-05-20,Store_D,Product_C,31.5,0,49
2025-05-21,Store_A,Product_A,29.0,1,62
2025-05-21,Store_A,Product_B,28.2,0,83
2025-05-21,Store_A,Product_C,28.8,0,45
2025-05-21,Store_B,Product_A,30.8,0,63
2025-05-21,Store_B,Product_B,30.1,1,107
2025-05-21,Store_B,Product_C,30.9,0,57
2025-05-21,Store_C,Product_A,32.7,0,42
2025-05-21,Store_C,Product_B,25.8,0,68
2025-05-21,Store_C,Product_C,33.7,0,37
2025-05-21,Store_D,Product_A,30.2,0,56
2025-05-21,Store_D,Product_B,34.0,1,120
2025-05-21,Store_D,Product_C,31.8,1,58
2025-05-22,Store_A,Product_A,29.8,0,59
2025-05-22,Store_A,Product_B,34.6,0,83
2025-05-22,Store_A,Product_C,28.2,1,61
2025-05-22,Store_B,Product_A,32.0,0,67
2025-05-22,Store_B,Product_B,30.4,0,97
2025-05-22,Store_B,Product_C,28.7,0,51
2025-05-22,Store_C,Product_A,30.8,0,44
2025-05-22,Store_C,Product_B,27.9,0,78
2025-05-22,Store_C,Product_C,27.5,1,52
2025-05-22,Store_D,Product_A,31.3,1,68
2025-05-22,Store_D,Product_B,33.2,0,91
2025-05-22,Store_D,Product_C,28.5,0,42
2025-05-23,Store_A,Product_A,28.8,0,48
2025-05-23,Store_A,Product_B,31.9,0,83
2025-05-23,Store_A,Product_C,32.6,0,45
2025-05-23,Store_B,Product_A,28.6,0,58
2025-05-23,Store_B,Product_B,31.3,1,115
2025-05-23,Store_B,Product_C,31.8,1,64
2025-05-23,Store_C,Product_A,28.1,0,51
2025-05-23,Store_C,Product_B,32.8,0,72
2025-05-23,Store_C,Product_C,33.8,0,40
2025-05-23,Store_D,Product_A,30.5,0,55
2025-05-23,Store_D,Product_B,29.9,0,81
2025-05-23,Store_D,Product_C,34.2,0,49
2025-05-24,Store_A,Product_A,32.4,1,77
2025-05-24,Store_A,Product_B,30.9,1,115
2025-05-24,Store_A,Product_C,29.7,0,53
2025-05-24,Store_B,Product_A,29.5,0,75
2025-05-24,Store_B,Product_B,35.2,1,127
2025-05-24,Store_B,Product_C,34.5,0,60
2025-05-24,Store_C,Product_A,29.9,1,79
2025-05-24,Store_C,Product_B,29.7,0,66
2025-05-24,Store_C,Product_C,30.5,0,37
2025-05-24,Store_D,Product_A,31.1,0,73
2025-05-24,Store_D,Product_B,32.7,0,81
2025-05-24,Store_D,Product_C,31.6,1,67
2025-05-25,Store_A,Product_A,32.6,0,56
2025-05-25,Store_A,Product_B,31.4,0,99
2025-05-25,Store_A,Product_C,29.9,1,63
2025-05-25,Store_B,Product_A,29.6,0,75
2025-05-25,Store_B,Product_B,33.6,0,106
2025-05-25,Store_B,Product_C,32.0,0,58
2025-05-25,Store_C,Product_A,30.5,0,57
2025-05-25,Store_C,Product_B,29.8,0,78
2025-05-25,Store_C,Product_C,33.8,0,41
2025-05-25,Store_D,Product_A,31.3,0,64
2025-05-25,Store_D,Product_B,31.3,0,109
2025-05-25,Store_D,Product_C,28.5,0,46
2025-05-26,Store_A,Product_A,28.9,0,54
2025-05-26,Store_A,Product_B,30.3,0,77
2025-05-26,Store_A,Product_C,30.6,0,42
2025-05-26,Store_B,Product_A,28.9,0,57
2025-05-26,Store_B,Product_B,30.5,0,93
2025-05-26,Store_B,Product_C,33.6,1,62
2025-05-26,Store_C,Product_A,32.8,0,51
2025-05-26,Store_C,Product_B,28.9,0,76
2025-05-26,Store_C,Product_C,28.8,0,38
2025-05-26,Store_D,Product_A,32.6,0,61
2025-05-26,Store_D,Product_B,35.1,0,83
2025-05-26,Store_D,Product_C,34.7,0,55
2025-05-27,Store_A,Product_A,29.3,0,63
2025-05-27,Store_A,Product_B,29.9,0,80
2025-05-27,Store_A,Product_C,30.3,0,43
2025-05-27,Store_B,Product_A,31.3,1,67
2025-05-27,Store_B,Product_B,27.7,0,102
2025-05-27,Store_B,Product_C,31.8,0,44
2025-05-27,Store_C,Product_A,32.6,0,48
2025-05-27,Store_C,Product_B,36.1,0,78
2025-05-27,Store_C,Product_C,27.1,1,45
2025-05-27,Store_D,Product_A,34.3,0,47
2025-05-27,Store_D,Product_B,35.6,0,86
2025-05-27,Store_D,Product_C,30.8,0,49
2025-05-28,Store_A,Product_A,33.0,0,49
2025-05-28,Store_A,Product_B,28.5,0,85
2025-05-28,Store_A,Product_C,27.9,0,38
2025-05-28,Store_B,Product_A,29.5,1,80
2025-05-28,Store_B,Product_B,33.0,0,88
2025-05-28,Store_B,Product_C,31.4,0,47
2025-05-28,Store_C,Product_A,30.7,0,47
2025-05-28,Store_C,Product_B,31.3,0,67
2025-05-28,Store_C,Product_C,31.3,0,38
2025-05-28,Store_D,Product_A,33.1,0,58
2025-05-28,Store_D,Product_B,32.4,0,78
2025-05-28,Store_D,Product_C,33.2,0,45
2025-05-29,Store_A,Product_A,27.1,0,50
2025-05-29,Store_A,Product_B,33.7,0,76
2025-05-29,Store_A,Product_C,30.7,0,44
2025-05-29,Store_B,Product_A,31.9,0,54
2025-05-29,Store_B,Product_B,31.9,1,116
2025-05-29,Store_B,Product_C,31.8,0,50
2025-05-29,Store_C,Product_A,31.8,0,52
2025-05-29,Store_C,Product_B,29.7,1,71
2025-05-29,Store_C,Product_C,33.1,0,39
2025-05-29,Store_D,Product_A,33.6,0,54
2025-05-29,Store_D,Product_B,34.0,0,82
2025-05-29,Store_D,Product_C,30.3,0,48
2025-05-30,Store_A,Product_A,31.9,0,48
2025-05-30,Store_A,Product_B,29.3,0,79
2025-05-30,Store_A,Product_C,32.8,0,48
2025-05-30,Store_B,Product_A,32.8,1,76
2025-05-30,Store_B,Product_B,28.7,0,80
2025-05-30,Store_B,Product_C,30.9,0,46
2025-05-30,Store_C,Product_A,32.7,0,44
2025-05-30,Store_C,Product_B,30.3,0,69
2025-05-30,Store_C,Product_C,29.7,1,43
2025-05-30,Store_D,Product_A,32.7,0,66
2025-05-30,Store_D,Product_B,31.7,0,88
2025-05-30,Store_D,Product_C,32.1,0,41
2025-05-31,Store_A,Product_A,31.9,0,66
2025-05-31,Store_A,Product_B,31.5,0,88
2025-05-31,Store_A,Product_C,29.8,1,66
2025-05-31,Store_B,Product_A,33.9,1,96
2025-05-31,Store_B,Product_B,30.7,0,106
2025-05-31,Store_B,Product_C,32.0,0,52
2025-05-31,Store_C,Product_A,34.5,0,60
2025-05-31,Store_C,Product_B,33.2,0,77
2025-05-31,Store_C,Product_C,32.2,0,43
2025-05-31,Store_D,Product_A,35.5,0,68
2025-05-31,Store_D,Product_B,33.8,0,92
2025-05-31,Store_D,Product_C,36.1,0,51
2025-06-01,Store_A,Product_A,32.9,0,64
2025-06-01,Store_A,Product_B,33.6,0,96
2025-06-01,Store_A,Product_C,33.6,0,43
2025-06-01,Store_B,Product_A,33.7,0,70
2025-06-01,Store_B,Product_B,29.2,0,108
2025-06-01,Store_B,Product_C,34.8,0,53
2025-06-01,Store_C,Product_A,31.1,0,53
2025-06-01,Store_C,Product_B,33.3,0,86
2025-06-01,Store_C,Product_C,30.9,0,41
2025-06-01,Store_D,Product_A,30.4,0,69
2025-06-01,Store_D,Product_B,31.9,1,118
2025-06-01,Store_D,Product_C,33.2,1,67
2025-06-02,Store_A,Product_A,31.5,0,56
2025-06-02,Store_A,Product_B,35.7,0,74
2025-06-02,Store_A,Product_C,31.4,0,45
2025-06-02,Store_B,Product_A,33.1,0,57
2025-06-02,Store_B,Product_B,28.4,0,83
2025-06-02,Store_B,Product_C,27.9,0,52
2025-06-02,Store_C,Product_A,32.8,0,46
2025-06-02,Store_C,Product_B,29.1,0,65
2025-06-02,Store_C,Product_C,35.5,1,37
2025-06-02,Store_D,Product_A,32.0,0,62
2025-06-02,Store_D,Product_B,30.1,0,85
2025-06-02,Store_D,Product_C,33.8,1,53
2025-06-03,Store_A,Product_A,29.4,0,43
2025-06-03,Store_A,Product_B,29.2,0,76
2025-06-03,Store_A,Product_C,30.7,0,40
2025-06-03,Store_B,Product_A,33.1,0,70
2025-06-03,Store_B,Product_B,31.5,0,81
2025-06-03,Store_B,Product_C,32.3,1,58
2025-06-03,Store_C,Product_A,27.5,0,53
2025-06-03,Store_C,Product_B,29.2,0,69
2025-06-03,Store_C,Product_C,32.8,0,40
2025-06-03,Store_D,Product_A,31.5,0,50
2025-06-03,Store_D,Product_B,31.2,1,95
2025-06-03,Store_D,Product_C,31.5,0,48
2025-06-04,Store_A,Product_A,30.8,0,48
2025-06-04,Store_A,Product_B,32.2,0,73
2025-06-04,Store_A,Product_C,33.6,0,39
2025-06-04,Store_B,Product_A,29.8,1,75
2025-06-04,Store_B,Product_B,29.3,0,94
2025-06-04,Store_B,Product_C,35.1,0,43
2025-06-04,Store_C,Product_A,35.1,0,48
2025-06-04,Store_C,Product_B,30.4,0,59
2025-06-04,Store_C,Product_C,29.5,0,39
2025-06-04,Store_D,Product_A,30.8,0,59
2025-06-04,Store_D,Product_B,32.1,0,88
2025-06-04,Store_D,Product_C,35.3,0,44
2025-06-05,Store_A,Product_A,28.3,0,54
2025-06-05,Store_A,Product_B,31.8,0,77
2025-06-05,Store_A,Product_C,28.6,1,46
2025-06-05,Store_B,Product_A,32.0,0,61
2025-06-05,Store_B,Product_B,30.5,0,85
2025-06-05,Store_B,Product_C,30.1,0,50
2025-06-05,Store_C,Product_A,29.0,0,50
2025-06-05,Store_C,Product_B,32.0,0,67
2025-06-05,Store_C,Product_C,29.1,0,40
2025-06-05,Store_D,Product_A,33.0,0,61
2025-06-05,Store_D,Product_B,30.2,1,103
2025-06-05,Store_D,Product_C,32.7,1,61
2025-06-06,Store_A,Product_A,32.8,1,60
2025-06-06,Store_A,Product_B,29.3,0,86
2025-06-06,Store_A,Product_C,32.3,0,43
2025-06-06,Store_B,Product_A,33.7,1,69
2025-06-06,Store_B,Product_B,33.5,0,98
2025-06-06,Store_B,Product_C,32.6,0,50
2025-06-06,Store_C,Product_A,37.3,1,60
2025-06-06,Store_C,Product_B,33.0,0,71
2025-06-06,Store_C,Product_C,33.8,0,38
2025-06-06,Store_D,Product_A,35.9,1,64
2025-06-06,Store_D,Product_B,30.3,0,75
2025-06-06,Store_D,Product_C,33.6,0,45
2025-06-07,Store_A,Product_A,32.9,0,59
2025-06-07,Store_A,Product_B,30.6,0,79
2025-06-07,Store_A,Product_C,32.8,0,53
2025-06-07,Store_B,Product_A,30.6,0,75
2025-06-07,Store_B,Product_B,29.2,0,108
2025-06-07,Store_B,Product_C,31.0,0,52
2025-06-07,Store_C,Product_A,34.6,0,62
2025-06-07,Store_C,Product_B,34.0,1,100
2025-06-07,Store_C,Product_C,32.7,0,38
2025-06-07,Store_D,Product_A,32.5,0,61
2025-06-07,Store_D,Product_B,30.9,0,106
2025-06-07,Store_D,Product_C,30.6,1,58
2025-06-08,Store_A,Product_A,31.9,0,48
2025-06-08,Store_A,Product_B,33.9,0,91
2025-06-08,Store_A,Product_C,28.5,1,51
2025-06-08,Store_B,Product_A,33.8,0,78
2025-06-08,Store_B,Product_B,29.4,0,102
2025-06-08,Store_B,Product_C,31.1,0,54
2025-06-08,Store_C,Product_A,30.5,0,57
2025-06-08,Store_C,Product_B,32.6,0,86
2025-06-08,Store_C,Product_C,32.9,0,46
2025-06-08,Store_D,Product_A,29.7,1,78
2025-06-08,Store_D,Product_B,37.6,1,120
2025-06-08,Store_D,Product_C,34.2,0,57
2025-06-09,Store_A,Product_A,31.7,1,64
2025-06-09,Store_A,Product_B,33.3,0,86
2025-06-09,Store_A,Product_C,30.2,1,49
2025-06-09,Store_B,Product_A,33.1,0,67
2025-06-09,Store_B,Product_B,28.4,0,88
2025-06-09,Store_B,Product_C,30.3,0,47
2025-06-09,Store_C,Product_A,33.5,1,58
2025-06-09,Store_C,Product_B,34.1,1,85
2025-06-09,Store_C,Product_C,32.7,0,39
2025-06-09,Store_D,Product_A,31.0,0,57
2025-06-09,Store_D,Product_B,31.0,1,102
2025-06-09,Store_D,Product_C,33.7,1,54
2025-06-10,Store_A,Product_A,30.9,0,47
2025-06-10,Store_A,Product_B,31.9,1,104
2025-06-10,Store_A,Product_C,33.2,1,46
2025-06-10,Store_B,Product_A,30.8,0,61
2025-06-10,Store_B,Product_B,29.4,0,81
2025-06-10,Store_B,Product_C,34.7,0,44
2025-06-10,Store_C,Product_A,30.7,0,42
2025-06-10,Store_C,Product_B,32.5,0,72
2025-06-10,Store_C,Product_C,33.0,0,33
2025-06-10,Store_D,Product_A,29.1,0,58
2025-06-10,Store_D,Product_B,33.8,0,79
2025-06-10,Store_D,Product_C,31.1,0,44
2025-06-11,Store_A,Product_A,29.4,0,54
2025-06-11,Store_A,Product_B,32.9,0,78
2025-06-11,Store_A,Product_C,33.2,0,41
2025-06-11,Store_B,Product_A,31.9,1,67
2025-06-11,Store_B,Product_B,34.3,0,85
2025-06-11,Store_B,Product_C,32.5,0,50
2025-06-11,Store_C,Product_A,29.0,0,53
2025-06-11,Store_C,Product_B,32.0,0,72
2025-06-11,Store_C,Product_C,31.3,1,44
2025-06-11,Store_D,Product_A,36.7,0,56
2025-06-11,Store_D,Product_B,30.0,0,87
2025-06-11,Store_D,Product_C,31.2,1,59
2025-06-12,Store_A,Product_A,31.5,0,51
2025-06-12,Store_A,Product_B,31.3,1,74
2025-06-12,Store_A,Product_C,29.3,0,44
2025-06-12,Store_B,Product_A,29.2,0,49
2025-06-12,Store_B,Product_B,33.7,0,81
2025-06-12,Store_B,Product_C,36.0,0,50
2025-06-12,Store_C,Product_A,32.7,0,51
2025-06-12,Store_C,Product_B,33.7,0,68
2025-06-12,Store_C,Product_C,29.2,0,35
2025-06-12,Store_D,Product_A,33.7,0,55
2025-06-12,Store_D,Product_B,33.0,0,81
2025-06-12,Store_D,Product_C,33.4,1,54
2025-06-13,Store_A,Product_A,32.2,0,53
2025-06-13,Store_A,Product_B,33.4,1,85
2025-06-13,Store_A,Product_C,28.5,0,41
2025-06-13,Store_B,Product_A,29.9,0,63
2025-06-13,Store_B,Product_B,35.5,0,96
2025-06-13,Store_B,Product_C,32.7,0,43
2025-06-13,Store_C,Product_A,29.4,0,43
2025-06-13,Store_C,Product_B,32.8,0,68
2025-06-13,Store_C,Product_C,32.0,0,40
2025-06-13,Store_D,Product_A,33.3,0,52
2025-06-13,Store_D,Product_B,30.8,0,91
2025-06-13,Store_D,Product_C,32.8,0,42
2025-06-14,Store_A,Product_A,32.5,0,59
2025-06-14,Store_A,Product_B,33.2,0,76
2025-06-14,Store_A,Product_C,33.2,0,45
2025-06-14,Store_B,Product_A,31.1,0,70
2025-06-14,Store_B,Product_B,33.5,0,99
2025-06-14,Store_B,Product_C,30.0,0,53
2025-06-14,Store_C,Product_A,32.8,1,62
2025-06-14,Store_C,Product_B,33.9,0,89
2025-06-14,Store_C,Product_C,34.6,0,42
2025-06-14,Store_D,Product_A,31.9,0,69
2025-06-14,Store_D,Product_B,29.2,1,96
2025-06-14,Store_D,Product_C,32.3,0,46
2025-06-15,Store_A,Product_A,33.1,0,67
2025-06-15,Store_A,Product_B,32.8,0,84
2025-06-15,Store_A,Product_C,30.6,0,42
2025-06-15,Store_B,Product_A,31.5,0,68
2025-06-15,Store_B,Product_B,30.5,0,95
2025-06-15,Store_B,Product_C,31.0,0,59
2025-06-15,Store_C,Product_A,31.9,1,68
2025-06-15,Store_C,Product_B,30.4,0,67
2025-06-15,Store_C,Product_C,36.5,0,46
2025-06-15,Store_D,Product_A,31.9,0,72
2025-06-15,Store_D,Product_B,34.6,0,96
2025-06-15,Store_D,Product_C,31.6,1,64
2025-06-16,Store_A,Product_A,33.6,0,53
2025-06-16,Store_A,Product_B,29.8,0,75
2025-06-16,Store_A,Product_C,31.9,0,40
2025-06-16,Store_B,Product_A,35.0,0,53
2025-06-16,Store_B,Product_B,33.3,0,83
2025-06-16,Store_B,Product_C,33.3,0,49
2025-06-16,Store_C,Product_A,30.5,0,52
2025-06-16,Store_C,Product_B,29.8,0,65
2025-06-16,Store_C,Product_C,33.5,0,32
2025-06-16,Store_D,Product_A,32.2,1,78
2025-06-16,Store_D,Product_B,32.5,0,77
2025-06-16,Store_D,Product_C,31.7,0,45
2025-06-17,Store_A,Product_A,30.9,0,48
2025-06-17,Store_A,Product_B,31.0,0,79
2025-06-17,Store_A,Product_C,31.0,1,48
2025-06-17,Store_B,Product_A,31.2,0,63
2025-06-17,Store_B,Product_B,33.5,0,87
2025-06-17,Store_B,Product_C,34.6,1,54
2025-06-17,Store_C,Product_A,28.8,0,46
2025-06-17,Store_C,Product_B,30.2,0,62
2025-06-17,Store_C,Product_C,31.8,0,30
2025-06-17,Store_D,Product_A,33.3,0,61
2025-06-17,Store_D,Product_B,29.5,0,86
2025-06-17,Store_D,Product_C,30.7,0,44
2025-06-18,Store_A,Product_A,33.7,0,42
2025-06-18,Store_A,Product_B,31.6,1,104
2025-06-18,Store_A,Product_C,33.0,0,33
2025-06-18,Store_B,Product_A,33.6,0,57
2025-06-18,Store_B,Product_B,32.6,0,74
2025-06-18,Store_B,Product_C,28.2,0,47
2025-06-18,Store_C,Product_A,33.2,0,50
2025-06-18,Store_C,Product_B,34.9,0,69
2025-06-18,Store_C,Product_C,30.8,0,33
2025-06-18,Store_D,Product_A,32.9,0,53
2025-06-18,Store_D,Product_B,34.2,0,70
2025-06-18,Store_D,Product_C,31.0,0,36
2025-06-19,Store_A,Product_A,28.6,0,56
2025-06-19,Store_A,Product_B,35.8,0,68
2025-06-19,Store_A,Product_C,31.4,0,40
2025-06-19,Store_B,Product_A,32.6,1,74
2025-06-19,Store_B,Product_B,31.3,0,82
2025-06-19,Store_B,Product_C,28.8,0,43
2025-06-19,Store_C,Product_A,33.2,0,49
2025-06-19,Store_C,Product_B,33.4,0,62
2025-06-19,Store_C,Product_C,32.1,0,37
2025-06-19,Store_D,Product_A,31.2,0,59
2025-06-19,Store_D,Product_B,34.3,0,75
2025-06-19,Store_D,Product_C,31.3,1,52
2025-06-20,Store_A,Product_A,29.6,0,48
2025-06-20,Store_A,Product_B,33.8,0,77
2025-06-20,Store_A,Product_C,31.7,0,44
2025-06-20,Store_B,Product_A,32.3,0,64
2025-06-20,Store_B,Product_B,32.2,0,90
2025-06-20,Store_B,Product_C,31.2,0,48
2025-06-20,Store_C,Product_A,30.7,0,42
2025-06-20,Store_C,Product_B,35.9,1,74
2025-06-20,Store_C,Product_C,33.6,0,30
2025-06-20,Store_D,Product_A,32.7,0,63
2025-06-20,Store_D,Product_B,29.2,0,67
2025-06-20,Store_D,Product_C,30.6,1,54
2025-06-21,Store_A,Product_A,30.6,0,63
2025-06-21,Store_A,Product_B,34.0,1,111
2025-06-21,Store_A,Product_C,31.4,1,55
2025-06-21,Store_B,Product_A,33.8,0,62
2025-06-21,Store_B,Product_B,31.0,0,100
2025-06-21,Store_B,Product_C,33.2,0,53
2025-06-21,Store_C,Product_A,31.2,1,63
2025-06-21,Store_C,Product_B,33.8,0,91
2025-06-21,Store_C,Product_C,27.0,0,40
2025-06-21,Store_D,Product_A,34.1,1,80
2025-06-21,Store_D,Product_B,30.3,0,99
2025-06-21,Store_D,Product_C,34.0,0,51
2025-06-22,Store_A,Product_A,32.3,0,54
2025-06-22,Store_A,Product_B,29.4,0,88
2025-06-22,Store_A,Product_C,34.2,0,46
2025-06-22,Store_B,Product_A,30.8,1,87
2025-06-22,Store_B,Product_B,34.0,0,94
2025-06-22,Store_B,Product_C,30.2,0,49
2025-06-22,Store_C,Product_A,30.2,0,47
2025-06-22,Store_C,Product_B,34.5,0,78
2025-06-22,Store_C,Product_C,31.6,1,52
2025-06-22,Store_D,Product_A,32.6,0,61
2025-06-22,Store_D,Product_B,30.7,0,90
2025-06-22,Store_D,Product_C,32.0,0,47
2025-06-23,Store_A,Product_A,30.3,0,46
2025-06-23,Store_A,Product_B,32.5,1,90
2025-06-23,Store_A,Product_C,33.3,0,37
2025-06-23,Store_B,Product_A,33.5,0,54
2025-06-23,Store_B,Product_B,33.0,1,107
2025-06-23,Store_B,Product_C,30.1,0,39
2025-06-23,Store_C,Product_A,33.4,0,46
2025-06-23,Store_C,Product_B,32.2,0,53
2025-06-23,Store_C,Product_C,35.3,0,35
2025-06-23,Store_D,Product_A,32.1,0,53
2025-06-23,Store_D,Product_B,30.1,0,79
2025-06-23,Store_D,Product_C,29.3,0,44
2025-06-24,Store_A,Product_A,29.0,0,51
2025-06-24,Store_A,Product_B,32.6,1,90
2025-06-24,Store_A,Product_C,30.5,0,37
2025-06-24,Store_B,Product_A,31.0,0,63
2025-06-24,Store_B,Product_B,30.2,0,85
2025-06-24,Store_B,Product_C,31.3,0,40
2025-06-24,Store_C,Product_A,33.6,0,45
2025-06-24,Store_C,Product_B,34.1,0,68
2025-06-24,Store_C,Product_C,33.5,0,41
2025-06-24,Store_D,Product_A,33.0,0,58
2025-06-24,Store_D,Product_B,30.4,0,84
2025-06-24,Store_D,Product_C,32.7,0,40
2025-06-25,Store_A,Product_A,29.5,0,51
2025-06-25,Store_A,Product_B,32.9,0,75
2025-06-25,Store_A,Product_C,32.3,1,44
2025-06-25,Store_B,Product_A,29.6,0,65
2025-06-25,Store_B,Product_B,31.2,0,77
2025-06-25,Store_B,Product_C,31.9,1,56
2025-06-25,Store_C,Product_A,31.5,0,41
2025-06-25,Store_C,Product_B,32.2,0,73
2025-06-25,Store_C,Product_C,30.4,0,39
2025-06-25,Store_D,Product_A,36.5,1,65
2025-06-25,Store_D,Product_B,27.0,1,89
2025-06-25,Store_D,Product_C,28.0,0,45
2025-06-26,Store_A,Product_A,33.1,1,55
2025-06-26,Store_A,Product_B,33.8,0,70
2025-06-26,Store_A,Product_C,32.7,0,40
2025-06-26,Store_B,Product_A,30.6,0,48
2025-06-26,Store_B,Product_B,34.5,1,97
2025-06-26,Store_B,Product_C,33.8,0,46
2025-06-26,Store_C,Product_A,30.3,0,41
2025-06-26,Store_C,Product_B,32.3,0,65
2025-06-26,Store_C,Product_C,32.1,0,37
2025-06-26,Store_D,Product_A,32.3,0,54
2025-06-26,Store_D,Product_B,33.5,0,72
2025-06-26,Store_D,Product_C,29.6,1,48
2025-06-27,Store_A,Product_A,32.0,0,54
2025-06-27,Store_A,Product_B,28.1,0,74
2025-06-27,Store_A,Product_C,35.2,1,46
2025-06-27,Store_B,Product_A,35.2,0,60
2025-06-27,Store_B,Product_B,35.5,0,83
2025-06-27,Store_B,Product_C,34.6,1,45
2025-06-27,Store_C,Product_A,34.8,0,50
2025-06-27,Store_C,Product_B,32.1,1,73
2025-06-27,Store_C,Product_C,29.2,0,32
2025-06-27,Store_D,Product_A,32.5,0,48
2025-06-27,Store_D,Product_B,35.6,0,87
2025-06-27,Store_D,Product_C,29.2,0,40
2025-06-28,Store_A,Product_A,28.6,0,57
2025-06-28,Store_A,Product_B,29.9,0,89
2025-06-28,Store_A,Product_C,32.6,0,44
2025-06-28,Store_B,Product_A,31.8,0,67
2025-06-28,Store_B,Product_B,34.9,0,90
2025-06-28,Store_B,Product_C,32.2,0,51
2025-06-28,Store_C,Product_A,32.2,0,64
2025-06-28,Store_C,Product_B,30.4,0,71
2025-06-28,Store_C,Product_C,33.5,0,40
2025-06-28,Store_D,Product_A,30.4,0,63
2025-06-28,Store_D,Product_B,34.0,0,100
2025-06-28,Store_D,Product_C,31.6,0,50
2025-06-29,Store_A,Product_A,33.3,0,57
2025-06-29,Store_A,Product_B,32.4,0,79
2025-06-29,Store_A,Product_C,33.3,0,43
2025-06-29,Store_B,Product_A,33.4,1,81
2025-06-29,Store_B,Product_B,29.7,0,91
2025-06-29,Store_B,Product_C,37.0,0,53
2025-06-29,Store_C,Product_A,34.3,0,50
2025-06-29,Store_C,Product_B,33.6,0,71
2025-06-29,Store_C,Product_C,31.2,0,31
2025-06-29,Store_D,Product_A,28.8,0,62
2025-06-29,Store_D,Product_B,29.0,1,108
2025-06-29,Store_D,Product_C,30.1,0,50
2025-06-30,Store_A,Product_A,26.9,0,49
2025-06-30,Store_A,Product_B,32.1,0,72
2025-06-30,Store_A,Product_C,33.5,0,34
2025-06-30,Store_B,Product_A,33.6,0,58
2025-06-30,Store_B,Product_B,31.2,0,94
2025-06-30,Store_B,Product_C,33.8,0,47
2025-06-30,Store_C,Product_A,33.0,0,46
2025-06-30,Store_C,Product_B,35.5,0,55
2025-06-30,Store_C,Product_C,32.5,0,34
2025-06-30,Store_D,Product_A,30.6,0,48
2025-06-30,Store_D,Product_B,33.1,0,78
2025-06-30,Store_D,Product_C,31.1,0,44
2025-07-01,Store_A,Product_A,30.3,0,50
2025-07-01,Store_A,Product_B,29.8,1,84
2025-07-01,Store_A,Product_C,32.2,1,47
2025-07-01,Store_B,Product_A,31.9,0,51
2025-07-01,Store_B,Product_B,31.1,0,83
2025-07-01,Store_B,Product_C,32.6,1,57
2025-07-01,Store_C,Product_A,31.3,1,55
2025-07-01,Store_C,Product_B,32.1,0,59
2025-07-01,Store_C,Product_C,29.9,0,34
2025-07-01,Store_D,Product_A,29.4,0,48
2025-07-01,Store_D,Product_B,32.2,0,83
2025-07-01,Store_D,Product_C,33.1,0,48
2025-07-02,Store_A,Product_A,28.8,1,55
2025-07-02,Store_A,Product_B,32.4,1,96
2025-07-02,Store_A,Product_C,33.3,0,36
2025-07-02,Store_B,Product_A,30.0,0,61
2025-07-02,Store_B,Product_B,34.2,0,80
2025-07-02,Store_B,Product_C,30.7,0,42
2025-07-02,Store_C,Product_A,36.0,0,51
2025-07-02,Store_C,Product_B,31.0,0,67
2025-07-02,Store_C,Product_C,32.1,0,35
2025-07-02,Store_D,Product_A,31.4,1,63
2025-07-02,Store_D,Product_B,27.1,0,70
2025-07-02,Store_D,Product_C,32.1,0,40
2025-07-03,Store_A,Product_A,29.9,0,50
2025-07-03,Store_A,Product_B,30.9,1,90
2025-07-03,Store_A,Product_C,33.2,0,38
2025-07-03,Store_B,Product_A,33.8,0,65
2025-07-03,Store_B,Product_B,32.0,0,81
2025-07-03,Store_B,Product_C,31.3,0,41
2025-07-03,Store_C,Product_A,31.0,0,43
2025-07-03,Store_C,Product_B,33.5,1,85
2025-07-03,Store_C,Product_C,30.9,0,32
2025-07-03,Store_D,Product_A,30.7,0,51
2025-07-03,Store_D,Product_B,32.1,1,92
2025-07-03,Store_D,Product_C,30.0,1,49
2025-07-04,Store_A,Product_A,26.9,0,48
2025-07-04,Store_A,Product_B,31.8,0,68
2025-07-04,Store_A,Product_C,33.3,0,34
2025-07-04,Store_B,Product_A,31.1,0,56
2025-07-04,Store_B,Product_B,31.2,0,79
2025-07-04,Store_B,Product_C,30.0,0,42
2025-07-04,Store_C,Product_A,30.4,0,41
2025-07-04,Store_C,Product_B,33.5,0,68
2025-07-04,Store_C,Product_C,34.7,0,34
2025-07-04,Store_D,Product_A,32.7,0,49
2025-07-04,Store_D,Product_B,29.8,0,82
2025-07-04,Store_D,Product_C,31.4,0,44
2025-07-05,Store_A,Product_A,31.6,1,66
2025-07-05,Store_A,Product_B,32.4,1,106
2025-07-05,Store_A,Product_C,28.3,0,48
2025-07-05,Store_B,Product_A,29.5,0,68
2025-07-05,Store_B,Product_B,31.4,0,95
2025-07-05,Store_B,Product_C,32.3,0,44
2025-07-05,Store_C,Product_A,27.9,0,51
2025-07-05,Store_C,Product_B,35.1,0,73
2025-07-05,Store_C,Product_C,28.5,0,39
2025-07-05,Store_D,Product_A,30.9,0,70
2025-07-05,Store_D,Product_B,31.0,0,80
2025-07-05,Store_D,Product_C,31.6,0,52
2025-07-06,Store_A,Product_A,30.6,0,49
2025-07-06,Store_A,Product_B,29.9,1,96
2025-07-06,Store_A,Product_C,31.6,1,51
2025-07-06,Store_B,Product_A,29.2,0,72
2025-07-06,Store_B,Product_B,33.2,0,96
2025-07-06,Store_B,Product_C,29.5,1,70
2025-07-06,Store_C,Product_A,34.9,0,52
2025-07-06,Store_C,Product_B,31.6,0,71
2025-07-06,Store_C,Product_C,32.6,0,41
2025-07-06,Store_D,Product_A,28.3,0,60
2025-07-06,Store_D,Product_B,34.1,0,92
2025-07-06,Store_D,Product_C,33.7,0,50
2025-07-07,Store_A,Product_A,32.1,0,43
2025-07-07,Store_A,Product_B,26.4,0,61
2025-07-07,Store_A,Product_C,30.1,0,35
2025-07-07,Store_B,Product_A,33.0,0,52
2025-07-07,Store_B,Product_B,29.3,1,90
2025-07-07,Store_B,Product_C,28.7,0,47
2025-07-07,Store_C,Product_A,33.7,1,46
2025-07-07,Store_C,Product_B,32.5,0,62
2025-07-07,Store_C,Product_C,27.5,0,40
2025-07-07,Store_D,Product_A,32.0,0,50
2025-07-07,Store_D,Product_B,29.7,0,75
2025-07-07,Store_D,Product_C,33.0,0,42
2025-07-08,Store_A,Product_A,28.6,0,50
2025-07-08,Store_A,Product_B,34.1,1,77
2025-07-08,Store_A,Product_C,30.6,0,39
2025-07-08,Store_B,Product_A,30.6,0,51
2025-07-08,Store_B,Product_B,33.2,0,81
2025-07-08,Store_B,Product_C,28.8,0,39
2025-07-08,Store_C,Product_A,31.3,0,46
2025-07-08,Store_C,Product_B,28.6,0,61
2025-07-08,Store_C,Product_C,31.1,0,37
2025-07-08,Store_D,Product_A,31.8,0,43
2025-07-08,Store_D,Product_B,34.7,0,76
2025-07-08,Store_D,Product_C,33.1,0,43
2025-07-09,Store_A,Product_A,32.4,0,51
2025-07-09,Store_A,Product_B,34.6,0,73
2025-07-09,Store_A,Product_C,27.7,0,39
2025-07-09,Store_B,Product_A,29.4,0,55
2025-07-09,Store_B,Product_B,30.2,0,77
2025-07-09,Store_B,Product_C,29.7,0,43
2025-07-09,Store_C,Product_A,32.0,0,45
2025-07-09,Store_C,Product_B,33.3,1,71
2025-07-09,Store_C,Product_C,31.3,0,31
2025-07-09,Store_D,Product_A,29.3,1,55
2025-07-09,Store_D,Product_B,31.5,1,79
2025-07-09,Store_D,Product_C,33.8,0,40
2025-07-10,Store_A,Product_A,27.9,0,46
2025-07-10,Store_A,Product_B,33.6,0,62
2025-07-10,Store_A,Product_C,31.9,1,50
2025-07-10,Store_B,Product_A,28.9,0,54
2025-07-10,Store_B,Product_B,33.2,0,88
2025-07-10,Store_B,Product_C,31.8,1,50
2025-07-10,Store_C,Product_A,29.6,0,47
2025-07-10,Store_C,Product_B,32.2,1,77
2025-07-10,Store_C,Product_C,29.2,0,36
2025-07-10,Store_D,Product_A,32.0,0,56
2025-07-10,Store_D,Product_B,29.7,0,75
2025-07-10,Store_D,Product_C,32.5,0,39
2025-07-11,Store_A,Product_A,31.9,1,55
2025-07-11,Store_A,Product_B,31.7,0,80
2025-07-11,Store_A,Product_C,31.1,1,49
2025-07-11,Store_B,Product_A,32.7,1,70
2025-07-11,Store_B,Product_B,30.5,0,80
2025-07-11,Store_B,Product_C,32.0,1,54
2025-07-11,Store_C,Product_A,31.8,0,38
2025-07-11,Store_C,Product_B,37.3,0,61
2025-07-11,Store_C,Product_C,33.0,0,31
2025-07-11,Store_D,Product_A,28.2,0,54
2025-07-11,Store_D,Product_B,32.1,0,68
2025-07-11,Store_D,Product_C,30.8,0,45
2025-07-12,Store_A,Product_A,30.0,0,53
2025-07-12,Store_A,Product_B,28.4,0,78
2025-07-12,Store_A,Product_C,34.7,0,45
2025-07-12,Store_B,Product_A,29.9,0,66
2025-07-12,Store_B,Product_B,33.1,0,101
2025-07-12,Store_B,Product_C,30.9,0,48
2025-07-12,Store_C,Product_A,30.1,0,53
2025-07-12,Store_C,Product_B,31.3,0,67
2025-07-12,Store_C,Product_C,30.3,0,35
2025-07-12,Store_D,Product_A,30.4,0,67
2025-07-12,Store_D,Product_B,31.5,1,90
2025-07-12,Store_D,Product_C,31.6,0,47
2025-07-13,Store_A,Product_A,29.3,0,60
2025-07-13,Store_A,Product_B,29.8,0,74
2025-07-13,Store_A,Product_C,35.1,0,38
2025-07-13,Store_B,Product_A,31.4,0,59
2025-07-13,Store_B,Product_B,30.1,0,97
2025-07-13,Store_B,Product_C,31.0,1,64
2025-07-13,Store_C,Product_A,29.6,0,52
2025-07-13,Store_C,Product_B,32.0,1,94
2025-07-13,Store_C,Product_C,30.7,0,36
2025-07-13,Store_D,Product_A,30.7,0,62
2025-07-13,Store_D,Product_B,32.2,0,82
2025-07-13,Store_D,Product_C,31.2,0,43
2025-07-14,Store_A,Product_A,30.9,1,57
2025-07-14,Store_A,Product_B,30.8,0,73
2025-07-14,Store_A,Product_C,33.7,0,40
2025-07-14,Store_B,Product_A,30.3,0,58
2025-07-14,Store_B,Product_B,31.4,0,72
2025-07-14,Store_B,Product_C,30.7,1,47
2025-07-14,Store_C,Product_A,34.6,0,44
2025-07-14,Store_C,Product_B,30.8,0,60
2025-07-14,Store_C,Product_C,33.4,0,34
2025-07-14,Store_D,Product_A,31.0,0,51
2025-07-14,Store_D,Product_B,31.8,0,71
2025-07-14,Store_D,Product_C,32.1,0,36
2025-07-15,Store_A,Product_A,31.8,0,45
2025-07-15,Store_A,Product_B,33.3,0,62
2025-07-15,Store_A,Product_C,31.9,0,37
2025-07-15,Store_B,Product_A,30.2,0,48
2025-07-15,Store_B,Product_B,33.1,0,87
2025-07-15,Store_B,Product_C,32.4,0,43
2025-07-15,Store_C,Product_A,34.5,0,41
2025-07-15,Store_C,Product_B,30.1,0,59
2025-07-15,Store_C,Product_C,31.5,1,42
2025-07-15,Store_D,Product_A,32.5,0,52
2025-07-15,Store_D,Product_B,30.3,0,77
2025-07-15,Store_D,Product_C,27.3,0,41
2025-07-16,Store_A,Product_A,28.3,0,45
2025-07-16,Store_A,Product_B,36.1,0,70
2025-07-16,Store_A,Product_C,29.0,0,36
2025-07-16,Store_B,Product_A,31.0,0,52
2025-07-16,Store_B,Product_B,29.8,0,85
2025-07-16,Store_B,Product_C,32.9,1,52
2025-07-16,Store_C,Product_A,32.9,0,39
2025-07-16,Store_C,Product_B,31.2,0,56
2025-07-16,Store_C,Product_C,35.0,1,35
2025-07-16,Store_D,Product_A,31.8,0,54
2025-07-16,Store_D,Product_B,29.9,1,95
2025-07-16,Store_D,Product_C,31.3,0,40
2025-07-17,Store_A,Product_A,34.7,0,43
2025-07-17,Store_A,Product_B,32.1,0,76
2025-07-17,Store_A,Product_C,31.3,0,37
2025-07-17,Store_B,Product_A,28.4,0,58
2025-07-17,Store_B,Product_B,33.8,0,71
2025-07-17,Store_B,Product_C,31.5,0,44
2025-07-17,Store_C,Product_A,29.3,0,46
2025-07-17,Store_C,Product_B,31.1,1,75
2025-07-17,Store_C,Product_C,34.2,0,34
2025-07-17,Store_D,Product_A,32.0,0,57
2025-07-17,Store_D,Product_B,31.2,0,77
2025-07-17,Store_D,Product_C,31.8,0,41
2025-07-18,Store_A,Product_A,31.0,0,51
2025-07-18,Store_A,Product_B,34.1,0,60
2025-07-18,Store_A,Product_C,31.9,0,36
2025-07-18,Store_B,Product_A,29.3,0,47
2025-07-18,Store_B,Product_B,35.5,0,86
2025-07-18,Store_B,Product_C,31.2,0,43
2025-07-18,Store_C,Product_A,31.3,0,42
2025-07-18,Store_C,Product_B,30.1,0,58
2025-07-18,Store_C,Product_C,35.0,0,37
2025-07-18,Store_D,Product_A,33.7,1,65
2025-07-18,Store_D,Product_B,32.1,0,83
2025-07-18,Store_D,Product_C,28.0,1,48
2025-07-19,Store_A,Product_A,35.8,1,70
2025-07-19,Store_A,Product_B,31.1,0,79
2025-07-19,Store_A,Product_C,32.3,0,41
2025-07-19,Store_B,Product_A,32.3,0,76
2025-07-19,Store_B,Product_B,31.3,0,93
2025-07-19,Store_B,Product_C,34.0,0,45
2025-07-19,Store_C,Product_A,29.7,0,47
2025-07-19,Store_C,Product_B,30.9,0,69
2025-07-19,Store_C,Product_C,33.8,0,40
2025-07-19,Store_D,Product_A,31.7,0,69
2025-07-19,Store_D,Product_B,29.9,0,92
2025-07-19,Store_D,Product_C,29.9,0,39
2025-07-20,Store_A,Product_A,32.8,0,55
2025-07-20,Store_A,Product_B,33.8,0,76
2025-07-20,Store_A,Product_C,33.5,0,36
2025-07-20,Store_B,Product_A,29.6,0,55
2025-07-20,Store_B,Product_B,30.8,1,98
2025-07-20,Store_B,Product_C,33.5,0,46
2025-07-20,Store_C,Product_A,33.0,0,50
2025-07-20,Store_C,Product_B,30.5,0,72
2025-07-20,Store_C,Product_C,29.6,0,37
2025-07-20,Store_D,Product_A,31.5,0,59
2025-07-20,Store_D,Product_B,31.7,1,112
2025-07-20,Store_D,Product_C,31.6,0,45
2025-07-21,Store_A,Product_A,31.9,0,51
2025-07-21,Store_A,Product_B,32.4,1,86
2025-07-21,Store_A,Product_C,30.0,0,35
2025-07-21,Store_B,Product_A,30.1,0,51
2025-07-21,Store_B,Product_B,34.1,0,77
2025-07-21,Store_B,Product_C,29.0,0,42
2025-07-21,Store_C,Product_A,29.3,0,46
2025-07-21,Store_C,Product_B,32.1,0,58
2025-07-21,Store_C,Product_C,28.1,0,34
2025-07-21,Store_D,Product_A,26.9,0,54
2025-07-21,Store_D,Product_B,34.3,0,79
2025-07-21,Store_D,Product_C,32.5,1,46
2025-07-22,Store_A,Product_A,29.7,1,61
2025-07-22,Store_A,Product_B,31.8,0,65
2025-07-22,Store_A,Product_C,29.8,1,43
2025-07-22,Store_B,Product_A,33.0,0,47
2025-07-22,Store_B,Product_B,31.1,0,84
2025-07-22,Store_B,Product_C,32.8,0,40
2025-07-22,Store_C,Product_A,31.4,0,36
2025-07-22,Store_C,Product_B,31.1,0,66
2025-07-22,Store_C,Product_C,34.0,0,33
2025-07-22,Store_D,Product_A,29.6,1,73
2025-07-22,Store_D,Product_B,32.2,0,73
2025-07-22,Store_D,Product_C,27.2,0,42
2025-07-23,Store_A,Product_A,31.6,0,52
2025-07-23,Store_A,Product_B,33.5,0,71
2025-07-23,Store_A,Product_C,30.0,0,32
2025-07-23,Store_B,Product_A,31.1,0,53
2025-07-23,Store_B,Product_B,31.9,0,72
2025-07-23,Store_B,Product_C,31.8,0,43
2025-07-23,Store_C,Product_A,32.6,1,57
2025-07-23,Store_C,Product_B,29.5,0,60
2025-07-23,Store_C,Product_C,29.2,0,30
2025-07-23,Store_D,Product_A,28.5,0,47
2025-07-23,Store_D,Product_B,27.3,0,66
2025-07-23,Store_D,Product_C,30.2,0,36
2025-07-24,Store_A,Product_A,34.1,0,40
2025-07-24,Store_A,Product_B,28.3,1,73
2025-07-24,Store_A,Product_C,32.7,0,38
2025-07-24,Store_B,Product_A,30.3,0,54
2025-07-24,Store_B,Product_B,34.1,0,72
2025-07-24,Store_B,Product_C,28.6,0,42
2025-07-24,Store_C,Product_A,30.1,0,36
2025-07-24,Store_C,Product_B,30.2,1,78
2025-07-24,Store_C,Product_C,33.0,0,32
2025-07-24,Store_D,Product_A,26.7,1,61
2025-07-24,Store_D,Product_B,29.7,0,79
2025-07-24,Store_D,Product_C,31.6,0,38
2025-07-25,Store_A,Product_A,28.0,0,42
2025-07-25,Store_A,Product_B,32.1,0,68
2025-07-25,Store_A,Product_C,32.2,0,36
2025-07-25,Store_B,Product_A,31.0,1,66
2025-07-25,Store_B,Product_B,30.9,0,72
2025-07-25,Store_B,Product_C,24.5,1,47
2025-07-25,Store_C,Product_A,29.8,0,35
2025-07-25,Store_C,Product_B,32.2,0,54
2025-07-25,Store_C,Product_C,30.9,0,29
2025-07-25,Store_D,Product_A,29.8,0,54
2025-07-25,Store_D,Product_B,34.2,0,81
2025-07-25,Store_D,Product_C,30.3,0,40
2025-07-26,Store_A,Product_A,30.8,1,65
2025-07-26,Store_A,Product_B,32.3,0,79
2025-07-26,Store_A,Product_C,31.4,1,46
2025-07-26,Store_B,Product_A,33.4,0,67
2025-07-26,Store_B,Product_B,29.4,0,102
2025-07-26,Store_B,Product_C,32.2,0,41
2025-07-26,Store_C,Product_A,28.3,0,48
2025-07-26,Store_C,Product_B,33.3,0,65
2025-07-26,Store_C,Product_C,31.0,0,39
2025-07-26,Store_D,Product_A,30.5,0,64
2025-07-26,Store_D,Product_B,29.4,0,85
2025-07-26,Store_D,Product_C,32.1,0,47
2025-07-27,Store_A,Product_A,31.9,0,51
2025-07-27,Store_A,Product_B,31.5,0,81
2025-07-27,Store_A,Product_C,31.1,0,39
2025-07-27,Store_B,Product_A,32.7,0,56
2025-07-27,Store_B,Product_B,26.4,0,94
2025-07-27,Store_B,Product_C,31.8,0,44
2025-07-27,Store_C,Product_A,31.7,1,53
2025-07-27,Store_C,Product_B,33.0,1,87
2025-07-27,Store_C,Product_C,30.8,0,40
2025-07-27,Store_D,Product_A,32.9,1,69
2025-07-27,Store_D,Product_B,31.1,0,90
2025-07-27,Store_D,Product_C,28.9,0,48
2025-07-28,Store_A,Product_A,30.2,0,48
2025-07-28,Store_A,Product_B,31.8,0,68
2025-07-28,Store_A,Product_C,31.7,0,34
2025-07-28,Store_B,Product_A,27.0,0,50
2025-07-28,Store_B,Product_B,34.5,0,71
2025-07-28,Store_B,Product_C,27.0,1,53
2025-07-28,Store_C,Product_A,27.7,0,39
2025-07-28,Store_C,Product_B,32.0,0,57
2025-07-28,Store_C,Product_C,31.8,0,32
2025-07-28,Store_D,Product_A,27.3,0,54
2025-07-28,Store_D,Product_B,31.5,0,64
2025-07-28,Store_D,Product_C,31.4,0,39
2025-07-29,Store_A,Product_A,28.5,0,44
2025-07-29,Store_A,Product_B,31.0,1,80
2025-07-29,Store_A,Product_C,28.1,1,42
2025-07-29,Store_B,Product_A,30.4,0,59
2025-07-29,Store_B,Product_B,32.1,0,75
2025-07-29,Store_B,Product_C,30.3,0,44
2025-07-29,Store_C,Product_A,31.7,0,37
2025-07-29,Store_C,Product_B,30.3,0,55
2025-07-29,Store_C,Product_C,26.5,0,26
2025-07-29,Store_D,Product_A,28.1,0,50
2025-07-29,Store_D,Product_B,31.2,0,67
2025-07-29,Store_D,Product_C,33.0,0,37
2025-07-30,Store_A,Product_A,28.7,0,46
2025-07-30,Store_A,Product_B,32.1,1,84
2025-07-30,Store_A,Product_C,31.4,0,37
2025-07-30,Store_B,Product_A,31.1,1,63
2025-07-30,Store_B,Product_B,26.0,1,98
2025-07-30,Store_B,Product_C,28.4,0,39
2025-07-30,Store_C,Product_A,30.0,0,39
2025-07-30,Store_C,Product_B,31.0,1,71
2025-07-30,Store_C,Product_C,35.2,1,42
2025-07-30,Store_D,Product_A,25.0,0,48
2025-07-30,Store_D,Product_B,32.7,0,75
2025-07-30,Store_D,Product_C,31.9,0,42
2025-07-31,Store_A,Product_A,30.8,0,44
2025-07-31,Store_A,Product_B,30.4,0,66
2025-07-31,Store_A,Product_C,30.3,0,33
2025-07-31,Store_B,Product_A,28.8,0,43
2025-07-31,Store_B,Product_B,23.3,0,78
2025-07-31,Store_B,Product_C,26.9,0,41
2025-07-31,Store_C,Product_A,28.6,0,45
2025-07-31,Store_C,Product_B,32.6,0,52
2025-07-31,Store_C,Product_C,26.6,0,30
2025-07-31,Store_D,Product_A,30.5,0,58
2025-07-31,Store_D,Product_B,28.6,0,64
2025-07-31,Store_D,Product_C,29.1,0,40
2025-08-01,Store_A,Product_A,30.2,0,43
2025-08-01,Store_A,Product_B,27.4,1,72
2025-08-01,Store_A,Product_C,29.7,0,35
2025-08-01,Store_B,Product_A,27.8,0,56
2025-08-01,Store_B,Product_B,28.7,0,82
2025-08-01,Store_B,Product_C,31.2,0,46
2025-08-01,Store_C,Product_A,32.0,0,43
2025-08-01,Store_C,Product_B,26.7,0,55
2025-08-01,Store_C,Product_C,33.6,0,28
2025-08-01,Store_D,Product_A,32.0,0,43
2025-08-01,Store_D,Product_B,30.6,1,89
2025-08-01,Store_D,Product_C,33.3,1,49
2025-08-02,Store_A,Product_A,30.9,0,55
2025-08-02,Store_A,Product_B,31.2,0,73
2025-08-02,Store_A,Product_C,29.6,0,41
2025-08-02,Store_B,Product_A,32.3,1,71
2025-08-02,Store_B,Product_B,31.9,0,78
2025-08-02,Store_B,Product_C,29.2,0,37
2025-08-02,Store_C,Product_A,29.3,0,49
2025-08-02,Store_C,Product_B,27.2,1,90
2025-08-02,Store_C,Product_C,29.2,0,38
2025-08-02,Store_D,Product_A,30.1,0,49
2025-08-02,Store_D,Product_B,30.2,0,81
2025-08-02,Store_D,Product_C,30.9,0,45
2025-08-03,Store_A,Product_A,31.4,0,50
2025-08-03,Store_A,Product_B,31.5,0,73
2025-08-03,Store_A,Product_C,34.1,0,39
2025-08-03,Store_B,Product_A,30.7,0,52
2025-08-03,Store_B,Product_B,33.3,0,91
2025-08-03,Store_B,Product_C,29.5,1,62
2025-08-03,Store_C,Product_A,29.7,0,46
2025-08-03,Store_C,Product_B,26.7,0,69
2025-08-03,Store_C,Product_C,29.3,0,37
2025-08-03,Store_D,Product_A,29.2,0,60
2025-08-03,Store_D,Product_B,29.1,0,71
2025-08-03,Store_D,Product_C,29.8,0,51
2025-08-04,Store_A,Product_A,29.9,0,38
2025-08-04,Store_A,Product_B,29.8,0,69
2025-08-04,Store_A,Product_C,29.0,0,34
2025-08-04,Store_B,Product_A,25.6,1,65
2025-08-04,Store_B,Product_B,30.7,0,71
2025-08-04,Store_B,Product_C,30.8,0,44
2025-08-04,Store_C,Product_A,32.2,0,45
2025-08-04,Store_C,Product_B,33.8,0,62
2025-08-04,Store_C,Product_C,29.9,0,33
2025-08-04,Store_D,Product_A,28.8,0,43
2025-08-04,Store_D,Product_B,27.8,1,90
2025-08-04,Store_D,Product_C,30.5,1,50
2025-08-05,Store_A,Product_A,28.5,0,47
2025-08-05,Store_A,Product_B,32.7,0,65
2025-08-05,Store_A,Product_C,30.1,0,40
2025-08-05,Store_B,Product_A,29.5,0,59
2025-08-05,Store_B,Product_B,28.7,0,79
2025-08-05,Store_B,Product_C,29.5,0,36
2025-08-05,Store_C,Product_A,29.6,0,39
2025-08-05,Store_C,Product_B,26.9,1,69
2025-08-05,Store_C,Product_C,28.2,0,33
2025-08-05,Store_D,Product_A,29.4,0,44
2025-08-05,Store_D,Product_B,29.2,0,67
2025-08-05,Store_D,Product_C,29.7,1,46
2025-08-06,Store_A,Product_A,32.9,0,43
2025-08-06,Store_A,Product_B,29.4,0,69
2025-08-06,Store_A,Product_C,31.3,0,32
2025-08-06,Store_B,Product_A,29.4,0,50
2025-08-06,Store_B,Product_B,28.9,0,72
2025-08-06,Store_B,Product_C,28.1,0,34
2025-08-06,Store_C,Product_A,29.0,1,48
2025-08-06,Store_C,Product_B,30.5,0,54
2025-08-06,Store_C,Product_C,29.5,0,34
2025-08-06,Store_D,Product_A,28.4,0,42
2025-08-06,Store_D,Product_B,30.9,0,68
2025-08-06,Store_D,Product_C,32.5,0,36
2025-08-07,Store_A,Product_A,29.9,0,43
2025-08-07,Store_A,Product_B,28.7,0,61
2025-08-07,Store_A,Product_C,26.8,0,33
2025-08-07,Store_B,Product_A,32.6,0,53
2025-08-07,Store_B,Product_B,31.1,1,93
2025-08-07,Store_B,Product_C,29.5,0,34
2025-08-07,Store_C,Product_A,28.7,1,46
2025-08-07,Store_C,Product_B,27.5,0,49
2025-08-07,Store_C,Product_C,28.2,0,35
2025-08-07,Store_D,Product_A,32.6,0,45
2025-08-07,Store_D,Product_B,29.0,0,64
2025-08-07,Store_D,Product_C,32.7,0,29
2025-08-08,Store_A,Product_A,32.5,0,48
2025-08-08,Store_A,Product_B,32.3,0,65
2025-08-08,Store_A,Product_C,25.9,1,39
2025-08-08,Store_B,Product_A,28.2,1,57
2025-08-08,Store_B,Product_B,30.1,0,62
2025-08-08,Store_B,Product_C,28.2,0,40
2025-08-08,Store_C,Product_A,25.8,0,41
2025-08-08,Store_C,Product_B,31.6,0,59
2025-08-08,Store_C,Product_C,32.2,0,32
2025-08-08,Store_D,Product_A,29.1,0,48
2025-08-08,Store_D,Product_B,29.0,0,72
2025-08-08,Store_D,Product_C,29.8,0,35
2025-08-09,Store_A,Product_A,25.2,1,72
2025-08-09,Store_A,Product_B,32.6,0,67
2025-08-09,Store_A,Product_C,27.8,0,39
2025-08-09,Store_B,Product_A,27.9,1,56
2025-08-09,Store_B,Product_B,26.0,0,80
2025-08-09,Store_B,Product_C,28.7,0,45
2025-08-09,Store_C,Product_A,30.6,0,43
2025-08-09,Store_C,Product_B,28.1,0,67
2025-08-09,Store_C,Product_C,30.9,0,42
2025-08-09,Store_D,Product_A,25.9,0,64
2025-08-09,Store_D,Product_B,28.7,1,89
2025-08-09,Store_D,Product_C,28.4,0,38
2025-08-10,Store_A,Product_A,28.1,0,61
2025-08-10,Store_A,Product_B,24.6,0,79
2025-08-10,Store_A,Product_C,29.2,0,38
2025-08-10,Store_B,Product_A,32.0,0,57
2025-08-10,Store_B,Product_B,29.8,0,86
2025-08-10,Store_B,Product_C,32.0,0,45
2025-08-10,Store_C,Product_A,25.5,0,48
2025-08-10,Store_C,Product_B,31.3,0,67
2025-08-10,Store_C,Product_C,31.0,0,31
2025-08-10,Store_D,Product_A,28.4,0,59
2025-08-10,Store_D,Product_B,34.0,0,74
2025-08-10,Store_D,Product_C,29.1,0,40
2025-08-11,Store_A,Product_A,27.4,1,55
2025-08-11,Store_A,Product_B,28.6,0,67
2025-08-11,Store_A,Product_C,30.4,0,34
2025-08-11,Store_B,Product_A,31.4,0,48
2025-08-11,Store_B,Product_B,30.4,0,76
2025-08-11,Store_B,Product_C,27.7,0,46
2025-08-11,Store_C,Product_A,32.5,0,35
2025-08-11,Store_C,Product_B,28.8,0,53
2025-08-11,Store_C,Product_C,27.1,0,30
2025-08-11,Store_D,Product_A,30.3,0,50
2025-08-11,Store_D,Product_B,31.1,0,77
2025-08-11,Store_D,Product_C,25.6,0,36
2025-08-12,Store_A,Product_A,26.4,0,42
2025-08-12,Store_A,Product_B,28.6,0,72
2025-08-12,Store_A,Product_C,25.0,0,31
2025-08-12,Store_B,Product_A,29.2,0,49
2025-08-12,Store_B,Product_B,26.6,0,71
2025-08-12,Store_B,Product_C,26.2,0,42
2025-08-12,Store_C,Product_A,26.6,0,38
2025-08-12,Store_C,Product_B,33.3,0,54
2025-08-12,Store_C,Product_C,30.1,0,29
2025-08-12,Store_D,Product_A,28.1,0,49
2025-08-12,Store_D,Product_B,31.1,1,85
2025-08-12,Store_D,Product_C,28.7,0,35
2025-08-13,Store_A,Product_A,29.0,1,47
2025-08-13,Store_A,Product_B,23.7,0,61
2025-08-13,Store_A,Product_C,27.8,0,34
2025-08-13,Store_B,Product_A,28.1,1,54
2025-08-13,Store_B,Product_B,27.2,0,72
2025-08-13,Store_B,Product_C,27.9,0,42
2025-08-13,Store_C,Product_A,25.8,0,40
2025-08-13,Store_C,Product_B,28.4,0,54
2025-08-13,Store_C,Product_C,30.2,0,28
2025-08-13,Store_D,Product_A,32.5,0,47
2025-08-13,Store_D,Product_B,29.5,1,89
2025-08-13,Store_D,Product_C,29.4,0,36
2025-08-14,Store_A,Product_A,29.5,0,45
2025-08-14,Store_A,Product_B,29.0,0,69
2025-08-14,Store_A,Product_C,26.4,0,34
2025-08-14,Store_B,Product_A,30.2,0,55
2025-08-14,Store_B,Product_B,27.7,0,69
2025-08-14,Store_B,Product_C,30.7,0,41
2025-08-14,Store_C,Product_A,28.2,0,37
2025-08-14,Store_C,Product_B,25.4,0,55
2025-08-14,Store_C,Product_C,28.2,0,32
2025-08-14,Store_D,Product_A,25.7,0,52
2025-08-14,Store_D,Product_B,28.8,0,68
2025-08-14,Store_D,Product_C,26.6,0,36
2025-08-15,Store_A,Product_A,29.6,0,45
2025-08-15,Store_A,Product_B,29.4,0,62
2025-08-15,Store_A,Product_C,30.7,0,34
2025-08-15,Store_B,Product_A,30.4,0,55
2025-08-15,Store_B,Product_B,27.9,0,74
2025-08-15,Store_B,Product_C,28.9,0,43
2025-08-15,Store_C,Product_A,29.0,0,37
2025-08-15,Store_C,Product_B,28.6,0,61
2025-08-15,Store_C,Product_C,30.7,1,36
2025-08-15,Store_D,Product_A,29.1,0,46
2025-08-15,Store_D,Product_B,31.4,0,70
2025-08-15,Store_D,Product_C,24.7,0,38
2025-08-16,Store_A,Product_A,26.8,0,51
2025-08-16,Store_A,Product_B,30.2,0,73
2025-08-16,Store_A,Product_C,27.0,0,43
2025-08-16,Store_B,Product_A,26.8,0,55
2025-08-16,Store_B,Product_B,28.1,0,76
2025-08-16,Store_B,Product_C,31.3,0,43
2025-08-16,Store_C,Product_A,24.2,1,63
2025-08-16,Store_C,Product_B,33.1,0,63
2025-08-16,Store_C,Product_C,28.9,0,38
2025-08-16,Store_D,Product_A,25.9,0,60
2025-08-16,Store_D,Product_B,27.3,1,102
2025-08-16,Store_D,Product_C,25.3,0,46
2025-08-17,Store_A,Product_A,31.1,1,66
2025-08-17,Store_A,Product_B,30.5,0,71
2025-08-17,Store_A,Product_C,28.5,0,37
2025-08-17,Store_B,Product_A,29.2,0,51
2025-08-17,Store_B,Product_B,27.0,0,81
2025-08-17,Store_B,Product_C,29.5,0,42
2025-08-17,Store_C,Product_A,28.4,0,49
2025-08-17,Store_C,Product_B,28.8,0,69
2025-08-17,Store_C,Product_C,28.7,1,43
2025-08-17,Store_D,Product_A,28.6,0,53
2025-08-17,Store_D,Product_B,29.6,0,79
2025-08-17,Store_D,Product_C,29.9,1,51
2025-08-18,Store_A,Product_A,27.8,0,41
2025-08-18,Store_A,Product_B,29.7,0,67
2025-08-18,Store_A,Product_C,29.1,0,36
2025-08-18,Store_B,Product_A,25.0,1,63
2025-08-18,Store_B,Product_B,30.9,0,67
2025-08-18,Store_B,Product_C,30.5,0,39
2025-08-18,Store_C,Product_A,27.5,0,42
2025-08-18,Store_C,Product_B,28.0,0,42
2025-08-18,Store_C,Product_C,28.8,1,41
2025-08-18,Store_D,Product_A,25.2,0,47
2025-08-18,Store_D,Product_B,30.4,0,54
2025-08-18,Store_D,Product_C,23.3,0,37
2025-08-19,Store_A,Product_A,29.2,0,46
2025-08-19,Store_A,Product_B,29.2,0,60
2025-08-19,Store_A,Product_C,29.5,1,40
2025-08-19,Store_B,Product_A,28.9,0,53
2025-08-19,Store_B,Product_B,28.0,0,62
2025-08-19,Store_B,Product_C,28.3,0,40
2025-08-19,Store_C,Product_A,25.6,0,45
2025-08-19,Store_C,Product_B,28.8,0,68
2025-08-19,Store_C,Product_C,26.6,1,37
2025-08-19,Store_D,Product_A,27.3,0,46
2025-08-19,Store_D,Product_B,31.3,0,64
2025-08-19,Store_D,Product_C,29.6,0,36
2025-08-20,Store_A,Product_A,27.1,0,45
2025-08-20,Store_A,Product_B,24.9,1,74
2025-08-20,Store_A,Product_C,28.3,0,32
2025-08-20,Store_B,Product_A,28.3,0,49
2025-08-20,Store_B,Product_B,29.6,0,75
2025-08-20,Store_B,Product_C,24.6,0,38
2025-08-20,Store_C,Product_A,27.5,0,39
2025-08-20,Store_C,Product_B,26.8,0,55
2025-08-20,Store_C,Product_C,29.3,0,31
2025-08-20,Store_D,Product_A,29.2,0,48
2025-08-20,Store_D,Product_B,29.6,0,60
2025-08-20,Store_D,Product_C,28.0,0,36
2025-08-21,Store_A,Product_A,25.9,0,45
2025-08-21,Store_A,Product_B,24.4,0,57
2025-08-21,Store_A,Product_C,26.9,0,36
2025-08-21,Store_B,Product_A,31.3,0,54
2025-08-21,Store_B,Product_B,30.1,0,76
2025-08-21,Store_B,Product_C,30.8,0,39
2025-08-21,Store_C,Product_A,25.7,0,41
2025-08-21,Store_C,Product_B,27.9,1,69
2025-08-21,Store_C,Product_C,27.0,0,29
2025-08-21,Store_D,Product_A,30.5,0,41
2025-08-21,Store_D,Product_B,27.3,0,74
2025-08-21,Store_D,Product_C,30.3,0,33
2025-08-22,Store_A,Product_A,24.7,0,41
2025-08-22,Store_A,Product_B,28.2,0,69
2025-08-22,Store_A,Product_C,28.0,1,42
2025-08-22,Store_B,Product_A,24.5,0,50
2025-08-22,Store_B,Product_B,26.6,0,66
2025-08-22,Store_B,Product_C,25.1,0,39
2025-08-22,Store_C,Product_A,29.4,1,51
2025-08-22,Store_C,Product_B,27.4,1,70
2025-08-22,Store_C,Product_C,28.4,0,30
2025-08-22,Store_D,Product_A,29.6,1,52
2025-08-22,Store_D,Product_B,28.9,0,71
2025-08-22,Store_D,Product_C,29.5,0,38
2025-08-23,Store_A,Product_A,27.0,0,50
2025-08-23,Store_A,Product_B,28.8,0,71
2025-08-23,Store_A,Product_C,27.1,0,37
2025-08-23,Store_B,Product_A,25.5,1,62
2025-08-23,Store_B,Product_B,25.9,0,83
2025-08-23,Store_B,Product_C,27.9,0,41
2025-08-23,Store_C,Product_A,28.1,0,48
2025-08-23,Store_C,Product_B,29.4,0,56
2025-08-23,Store_C,Product_C,29.4,0,35
2025-08-23,Store_D,Product_A,29.7,0,51
2025-08-23,Store_D,Product_B,28.2,0,68
2025-08-23,Store_D,Product_C,25.7,0,43
2025-08-24,Store_A,Product_A,26.5,0,53
2025-08-24,Store_A,Product_B,28.5,0,75
2025-08-24,Store_A,Product_C,27.5,0,41
2025-08-24,Store_B,Product_A,27.2,0,55
2025-08-24,Store_B,Product_B,26.9,0,82
2025-08-24,Store_B,Product_C,26.6,0,40
2025-08-24,Store_C,Product_A,24.9,1,49
2025-08-24,Store_C,Product_B,27.8,0,73
2025-08-24,Store_C,Product_C,27.0,0,35
2025-08-24,Store_D,Product_A,25.0,0,59
2025-08-24,Store_D,Product_B,26.1,1,91
2025-08-24,Store_D,Product_C,26.7,0,40
2025-08-25,Store_A,Product_A,32.6,0,45
2025-08-25,Store_A,Product_B,30.4,0,61
2025-08-25,Store_A,Product_C,28.4,0,33
2025-08-25,Store_B,Product_A,25.6,0,47
2025-08-25,Store_B,Product_B,26.6,0,65
2025-08-25,Store_B,Product_C,28.9,0,40
2025-08-25,Store_C,Product_A,25.9,1,49
2025-08-25,Store_C,Product_B,29.6,0,59
2025-08-25,Store_C,Product_C,25.6,0,30
2025-08-25,Store_D,Product_A,27.6,0,44
2025-08-25,Store_D,Product_B,27.6,0,71
2025-08-25,Store_D,Product_C,30.8,0,35
2025-08-26,Store_A,Product_A,23.2,0,42
2025-08-26,Store_A,Product_B,27.4,0,69
2025-08-26,Store_A,Product_C,26.8,0,37
2025-08-26,Store_B,Product_A,28.1,0,51
2025-08-26,Store_B,Product_B,26.1,0,71
2025-08-26,Store_B,Product_C,25.5,0,40
2025-08-26,Store_C,Product_A,33.6,0,40
2025-08-26,Store_C,Product_B,28.9,1,73
2025-08-26,Store_C,Product_C,28.0,0,26
2025-08-26,Store_D,Product_A,27.2,1,58
2025-08-26,Store_D,Product_B,28.8,0,71
2025-08-26,Store_D,Product_C,29.7,0,28
2025-08-27,Store_A,Product_A,26.6,0,47
2025-08-27,Store_A,Product_B,25.1,1,84
2025-08-27,Store_A,Product_C,26.2,0,34
2025-08-27,Store_B,Product_A,28.4,0,56
2025-08-27,Store_B,Product_B,25.7,0,66
2025-08-27,Store_B,Product_C,28.6,1,47
2025-08-27,Store_C,Product_A,25.3,0,44
2025-08-27,Store_C,Product_B,27.0,0,55
2025-08-27,Store_C,Product_C,25.9,0,32
2025-08-27,Store_D,Product_A,28.9,0,46
2025-08-27,Store_D,Product_B,27.5,0,66
2025-08-27,Store_D,Product_C,29.6,0,40
2025-08-28,Store_A,Product_A,29.4,0,42
2025-08-28,Store_A,Product_B,27.2,0,54
2025-08-28,Store_A,Product_C,28.6,1,41
2025-08-28,Store_B,Product_A,25.5,0,45
2025-08-28,Store_B,Product_B,26.7,0,74
2025-08-28,Store_B,Product_C,27.2,0,42
2025-08-28,Store_C,Product_A,31.1,0,35
2025-08-28,Store_C,Product_B,25.3,0,57
2025-08-28,Store_C,Product_C,28.2,0,31
2025-08-28,Store_D,Product_A,27.3,0,44
2025-08-28,Store_D,Product_B,27.4,1,73
2025-08-28,Store_D,Product_C,25.4,1,51
2025-08-29,Store_A,Product_A,26.1,0,38
2025-08-29,Store_A,Product_B,28.6,0,61
2025-08-29,Store_A,Product_C,25.8,0,30
2025-08-29,Store_B,Product_A,27.0,0,50
2025-08-29,Store_B,Product_B,27.7,0,71
2025-08-29,Store_B,Product_C,27.8,1,44
2025-08-29,Store_C,Product_A,29.0,0,42
2025-08-29,Store_C,Product_B,29.6,0,58
2025-08-29,Store_C,Product_C,25.3,1,34
2025-08-29,Store_D,Product_A,25.9,1,64
2025-08-29,Store_D,Product_B,27.8,0,67
2025-08-29,Store_D,Product_C,30.7,0,36
2025-08-30,Store_A,Product_A,25.1,0,42
2025-08-30,Store_A,Product_B,20.9,0,55
2025-08-30,Store_A,Product_C,28.1,0,32
2025-08-30,Store_B,Product_A,28.5,1,67
2025-08-30,Store_B,Product_B,24.8,0,78
2025-08-30,Store_B,Product_C,29.1,0,39
2025-08-30,Store_C,Product_A,28.3,0,47
2025-08-30,Store_C,Product_B,27.8,0,65
2025-08-30,Store_C,Product_C,28.4,0,35
2025-08-30,Store_D,Product_A,22.4,1,66
2025-08-30,Store_D,Product_B,26.6,0,69
2025-08-30,Store_D,Product_C,30.8,0,43
2025-08-31,Store_A,Product_A,27.9,0,47
2025-08-31,Store_A,Product_B,25.8,0,74
2025-08-31,Store_A,Product_C,25.0,0,42
2025-08-31,Store_B,Product_A,28.0,0,66
2025-08-31,Store_B,Product_B,27.7,0,75
2025-08-31,Store_B,Product_C,22.7,0,41
2025-08-31,Store_C,Product_A,28.8,0,45
2025-08-31,Store_C,Product_B,26.4,0,53
2025-08-31,Store_C,Product_C,24.7,0,29
2025-08-31,Store_D,Product_A,24.8,0,50
2025-08-31,Store_D,Product_B,25.8,0,75
2025-08-31,Store_D,Product_C,25.8,0,37
2025-09-01,Store_A,Product_A,28.5,0,43
2025-09-01,Store_A,Product_B,30.5,0,63
2025-09-01,Store_A,Product_C,26.0,0,32
2025-09-01,Store_B,Product_A,29.5,0,49
2025-09-01,Store_B,Product_B,26.6,1,83
2025-09-01,Store_B,Product_C,25.8,0,40
2025-09-01,Store_C,Product_A,29.4,0,36
2025-09-01,Store_C,Product_B,27.4,0,52
2025-09-01,Store_C,Product_C,25.9,0,36
2025-09-01,Store_D,Product_A,30.9,1,56
2025-09-01,Store_D,Product_B,29.7,0,72
2025-09-01,Store_D,Product_C,23.9,0,36
2025-09-02,Store_A,Product_A,25.0,0,48
2025-09-02,Store_A,Product_B,26.1,0,71
2025-09-02,Store_A,Product_C,24.4,0,31
2025-09-02,Store_B,Product_A,24.0,0,40
2025-09-02,Store_B,Product_B,29.2,0,69
2025-09-02,Store_B,Product_C,25.2,0,35
2025-09-02,Store_C,Product_A,26.7,1,43
2025-09-02,Store_C,Product_B,26.3,0,62
2025-09-02,Store_C,Product_C,28.3,0,27
2025-09-02,Store_D,Product_A,24.3,1,56
2025-09-02,Store_D,Product_B,26.2,0,66
2025-09-02,Store_D,Product_C,22.8,0,36
2025-09-03,Store_A,Product_A,27.0,0,45
2025-09-03,Store_A,Product_B,26.8,1,80
2025-09-03,Store_A,Product_C,26.4,0,24
2025-09-03,Store_B,Product_A,28.6,1,50
2025-09-03,Store_B,Product_B,24.1,0,71
2025-09-03,Store_B,Product_C,25.5,0,41
2025-09-03,Store_C,Product_A,24.8,0,39
2025-09-03,Store_C,Product_B,26.9,1,68
2025-09-03,Store_C,Product_C,28.9,0,29
2025-09-03,Store_D,Product_A,24.5,1,49
2025-09-03,Store_D,Product_B,25.9,0,68
2025-09-03,Store_D,Product_C,28.1,0,38
2025-09-04,Store_A,Product_A,26.5,0,43
2025-09-04,Store_A,Product_B,25.5,0,62
2025-09-04,Store_A,Product_C,26.1,0,35
2025-09-04,Store_B,Product_A,23.1,0,49
2025-09-04,Store_B,Product_B,25.9,0,64
2025-09-04,Store_B,Product_C,26.4,0,38
2025-09-04,Store_C,Product_A,27.5,1,45
2025-09-04,Store_C,Product_B,29.4,0,60
2025-09-04,Store_C,Product_C,26.0,0,26
2025-09-04,Store_D,Product_A,25.9,0,48
2025-09-04,Store_D,Product_B,24.7,0,66
2025-09-04,Store_D,Product_C,25.8,1,48
2025-09-05,Store_A,Product_A,29.4,1,54
2025-09-05,Store_A,Product_B,24.5,0,70
2025-09-05,Store_A,Product_C,21.8,0,32
2025-09-05,Store_B,Product_A,23.9,0,49
2025-09-05,Store_B,Product_B,26.0,0,63
2025-09-05,Store_B,Product_C,22.6,1,49
2025-09-05,Store_C,Product_A,24.3,0,37
2025-09-05,Store_C,Product_B,29.1,0,62
2025-09-05,Store_C,Product_C,28.7,0,23
2025-09-05,Store_D,Product_A,24.7,0,43
2025-09-05,Store_D,Product_B,25.3,0,69
2025-09-05,Store_D,Product_C,29.8,1,39
2025-09-06,Store_A,Product_A,25.5,0,53
2025-09-06,Store_A,Product_B,26.6,0,70
2025-09-06,Store_A,Product_C,24.5,0,39
2025-09-06,Store_B,Product_A,26.1,0,60
2025-09-06,Store_B,Product_B,28.8,0,80
2025-09-06,Store_B,Product_C,25.4,1,47
2025-09-06,Store_C,Product_A,28.4,0,46
2025-09-06,Store_C,Product_B,26.2,0,58
2025-09-06,Store_C,Product_C,25.2,0,33
2025-09-06,Store_D,Product_A,24.9,0,48
2025-09-06,Store_D,Product_B,25.8,0,71
2025-09-06,Store_D,Product_C,27.2,0,45
2025-09-07,Store_A,Product_A,27.1,0,46
2025-09-07,Store_A,Product_B,24.1,0,71
2025-09-07,Store_A,Product_C,24.3,0,39
2025-09-07,Store_B,Product_A,27.9,0,65
2025-09-07,Store_B,Product_B,25.7,0,95
2025-09-07,Store_B,Product_C,25.9,0,46
2025-09-07,Store_C,Product_A,27.0,0,42
2025-09-07,Store_C,Product_B,21.6,0,68
2025-09-07,Store_C,Product_C,28.5,0,31
2025-09-07,Store_D,Product_A,28.1,0,50
2025-09-07,Store_D,Product_B,25.7,1,86
2025-09-07,Store_D,Product_C,22.8,0,42
2025-09-08,Store_A,Product_A,24.7,0,43
2025-09-08,Store_A,Product_B,27.4,1,74
2025-09-08,Store_A,Product_C,30.8,0,31
2025-09-08,Store_B,Product_A,23.4,1,55
2025-09-08,Store_B,Product_B,26.3,0,76
2025-09-08,Store_B,Product_C,27.4,0,36
2025-09-08,Store_C,Product_A,23.0,0,41
2025-09-08,Store_C,Product_B,25.0,0,54
2025-09-08,Store_C,Product_C,24.9,0,26
2025-09-08,Store_D,Product_A,24.6,0,45
2025-09-08,Store_D,Product_B,23.5,0,72
2025-09-08,Store_D,Product_C,24.0,0,33
2025-09-09,Store_A,Product_A,24.2,0,44
2025-09-09,Store_A,Product_B,24.2,0,56
2025-09-09,Store_A,Product_C,26.3,0,38
2025-09-09,Store_B,Product_A,24.0,0,49
2025-09-09,Store_B,Product_B,27.6,0,64
2025-09-09,Store_B,Product_C,26.2,0,34
2025-09-09,Store_C,Product_A,22.6,0,36
2025-09-09,Store_C,Product_B,24.0,0,55
2025-09-09,Store_C,Product_C,28.7,0,29
2025-09-09,Store_D,Product_A,26.0,0,39
2025-09-09,Store_D,Product_B,28.3,0,62
2025-09-09,Store_D,Product_C,23.9,0,36
2025-09-10,Store_A,Product_A,24.3,0,41
2025-09-10,Store_A,Product_B,25.2,0,58
2025-09-10,Store_A,Product_C,25.3,0,36
2025-09-10,Store_B,Product_A,26.2,0,41
2025-09-10,Store_B,Product_B,23.5,0,70
2025-09-10,Store_B,Product_C,28.7,0,37
2025-09-10,Store_C,Product_A,24.1,0,37
2025-09-10,Store_C,Product_B,26.0,0,53
2025-09-10,Store_C,Product_C,22.7,0,31
2025-09-10,Store_D,Product_A,19.3,0,53
2025-09-10,Store_D,Product_B,24.6,0,70
2025-09-10,Store_D,Product_C,21.3,0,34
2025-09-11,Store_A,Product_A,26.9,0,42
2025-09-11,Store_A,Product_B,24.1,0,58
2025-09-11,Store_A,Product_C,23.1,0,28
2025-09-11,Store_B,Product_A,21.9,0,45
2025-09-11,Store_B,Product_B,30.3,0,69
2025-09-11,Store_B,Product_C,27.2,1,47
2025-09-11,Store_C,Product_A,24.5,1,46
2025-09-11,Store_C,Product_B,25.4,0,55
2025-09-11,Store_C,Product_C,26.8,1,33
2025-09-11,Store_D,Product_A,27.5,0,50
2025-09-11,Store_D,Product_B,27.9,0,60
2025-09-11,Store_D,Product_C,27.7,0,37
2025-09-12,Store_A,Product_A,24.3,0,38
2025-09-12,Store_A,Product_B,25.6,0,61
2025-09-12,Store_A,Product_C,27.4,0,32
2025-09-12,Store_B,Product_A,21.8,0,55
2025-09-12,Store_B,Product_B,20.5,0,67
2025-09-12,Store_B,Product_C,23.5,0,33
2025-09-12,Store_C,Product_A,25.3,1,46
2025-09-12,Store_C,Product_B,24.6,0,47
2025-09-12,Store_C,Product_C,28.1,0,26
2025-09-12,Store_D,Product_A,22.1,0,50
2025-09-12,Store_D,Product_B,27.3,0,62
2025-09-12,Store_D,Product_C,21.8,0,35
2025-09-13,Store_A,Product_A,24.4,0,54
2025-09-13,Store_A,Product_B,21.7,1,87
2025-09-13,Store_A,Product_C,22.0,0,40
2025-09-13,Store_B,Product_A,26.9,0,59
2025-09-13,Store_B,Product_B,27.8,0,89
2025-09-13,Store_B,Product_C,24.8,0,45
2025-09-13,Store_C,Product_A,23.2,0,42
2025-09-13,Store_C,Product_B,24.3,1,76
2025-09-13,Store_C,Product_C,21.8,0,36
2025-09-13,Store_D,Product_A,21.7,0,51
2025-09-13,Store_D,Product_B,24.8,0,73
2025-09-13,Store_D,Product_C,25.0,0,34
2025-09-14,Store_A,Product_A,24.4,0,48
2025-09-14,Store_A,Product_B,22.8,0,62
2025-09-14,Store_A,Product_C,24.8,0,39
2025-09-14,Store_B,Product_A,26.9,0,57
2025-09-14,Store_B,Product_B,24.2,0,89
2025-09-14,Store_B,Product_C,25.2,0,43
2025-09-14,Store_C,Product_A,28.6,0,44
2025-09-14,Store_C,Product_B,24.8,0,66
2025-09-14,Store_C,Product_C,23.6,0,31
2025-09-14,Store_D,Product_A,24.7,1,54
2025-09-14,Store_D,Product_B,21.5,0,76
2025-09-14,Store_D,Product_C,22.3,1,56
2025-09-15,Store_A,Product_A,25.9,0,43
2025-09-15,Store_A,Product_B,23.3,0,63
2025-09-15,Store_A,Product_C,28.9,0,28
2025-09-15,Store_B,Product_A,23.6,0,47
2025-09-15,Store_B,Product_B,25.4,0,69
2025-09-15,Store_B,Product_C,23.3,0,37
2025-09-15,Store_C,Product_A,26.9,0,36
2025-09-15,Store_C,Product_B,25.8,0,54
2025-09-15,Store_C,Product_C,26.8,0,29
2025-09-15,Store_D,Product_A,23.1,0,42
2025-09-15,Store_D,Product_B,24.7,0,64
2025-09-15,Store_D,Product_C,23.0,1,51
2025-09-16,Store_A,Product_A,26.8,0,43
2025-09-16,Store_A,Product_B,25.4,0,55
2025-09-16,Store_A,Product_C,23.0,0,34
2025-09-16,Store_B,Product_A,25.6,0,49
2025-09-16,Store_B,Product_B,24.7,0,73
2025-09-16,Store_B,Product_C,25.5,0,36
2025-09-16,Store_C,Product_A,21.0,0,34
2025-09-16,Store_C,Product_B,27.4,0,59
2025-09-16,Store_C,Product_C,23.7,0,31
2025-09-16,Store_D,Product_A,26.8,0,44
2025-09-16,Store_D,Product_B,25.2,1,74
2025-09-16,Store_D,Product_C,21.9,0,37
2025-09-17,Store_A,Product_A,24.4,0,43
2025-09-17,Store_A,Product_B,25.1,0,59
2025-09-17,Store_A,Product_C,22.2,0,34
2025-09-17,Store_B,Product_A,21.8,1,55
2025-09-17,Store_B,Product_B,21.4,1,78
2025-09-17,Store_B,Product_C,25.6,0,35
2025-09-17,Store_C,Product_A,22.3,0,41
2025-09-17,Store_C,Product_B,23.0,0,57
2025-09-17,Store_C,Product_C,28.0,0,29
2025-09-17,Store_D,Product_A,25.2,0,46
2025-09-17,Store_D,Product_B,28.7,1,75
2025-09-17,Store_D,Product_C,25.7,1,43
2025-09-18,Store_A,Product_A,26.1,0,42
2025-09-18,Store_A,Product_B,26.8,0,57
2025-09-18,Store_A,Product_C,26.0,0,28
2025-09-18,Store_B,Product_A,30.6,0,48
2025-09-18,Store_B,Product_B,21.5,0,68
2025-09-18,Store_B,Product_C,22.5,1,48
2025-09-18,Store_C,Product_A,21.5,0,39
2025-09-18,Store_C,Product_B,22.7,1,61
2025-09-18,Store_C,Product_C,24.0,1,36
2025-09-18,Store_D,Product_A,23.3,0,43
2025-09-18,Store_D,Product_B,23.0,1,70
2025-09-18,Store_D,Product_C,22.9,0,31
2025-09-19,Store_A,Product_A,26.2,0,37
2025-09-19,Store_A,Product_B,25.3,0,56
2025-09-19,Store_A,Product_C,22.2,0,29
2025-09-19,Store_B,Product_A,23.2,0,55
2025-09-19,Store_B,Product_B,20.7,1,92
2025-09-19,Store_B,Product_C,24.3,0,39
2025-09-19,Store_C,Product_A,21.4,0,37
2025-09-19,Store_C,Product_B,25.3,0,50
2025-09-19,Store_C,Product_C,25.3,0,29
2025-09-19,Store_D,Product_A,23.8,1,57
2025-09-19,Store_D,Product_B,23.2,0,67
2025-09-19,Store_D,Product_C,22.5,0,40
2025-09-20,Store_A,Product_A,24.2,0,47
2025-09-20,Store_A,Product_B,24.3,1,81
2025-09-20,Store_A,Product_C,23.8,0,41
2025-09-20,Store_B,Product_A,24.0,0,53
2025-09-20,Store_B,Product_B,25.8,0,67
2025-09-20,Store_B,Product_C,21.8,0,45
2025-09-20,Store_C,Product_A,25.3,0,46
2025-09-20,Store_C,Product_B,22.4,0,60
2025-09-20,Store_C,Product_C,23.9,1,36
2025-09-20,Store_D,Product_A,26.0,1,55
2025-09-20,Store_D,Product_B,21.1,1,100
2025-09-20,Store_D,Product_C,24.2,0,35
2025-09-21,Store_A,Product_A,22.3,0,45
2025-09-21,Store_A,Product_B,23.1,0,67
2025-09-21,Store_A,Product_C,25.9,1,46
2025-09-21,Store_B,Product_A,25.0,0,61
2025-09-21,Store_B,Product_B,24.1,0,74
2025-09-21,Store_B,Product_C,22.9,0,45
2025-09-21,Store_C,Product_A,24.7,0,42
2025-09-21,Store_C,Product_B,19.4,0,59
2025-09-21,Store_C,Product_C,25.4,0,40
2025-09-21,Store_D,Product_A,21.6,0,52
2025-09-21,Store_D,Product_B,24.7,0,80
2025-09-21,Store_D,Product_C,23.1,0,39
2025-09-22,Store_A,Product_A,22.5,1,54
2025-09-22,Store_A,Product_B,22.3,0,61
2025-09-22,Store_A,Product_C,24.5,0,30
2025-09-22,Store_B,Product_A,26.1,0,40
2025-09-22,Store_B,Product_B,22.8,0,64
2025-09-22,Store_B,Product_C,23.1,0,38
2025-09-22,Store_C,Product_A,19.9,0,36
2025-09-22,Store_C,Product_B,25.3,0,50
2025-09-22,Store_C,Product_C,24.1,0,27
2025-09-22,Store_D,Product_A,22.9,0,40
2025-09-22,Store_D,Product_B,27.0,1,82
2025-09-22,Store_D,Product_C,26.4,0,38
2025-09-23,Store_A,Product_A,22.3,0,40
2025-09-23,Store_A,Product_B,23.0,0,57
2025-09-23,Store_A,Product_C,22.2,1,44
2025-09-23,Store_B,Product_A,21.2,0,49
2025-09-23,Store_B,Product_B,23.3,0,58
2025-09-23,Store_B,Product_C,23.0,0,38
2025-09-23,Store_C,Product_A,23.3,0,40
2025-09-23,Store_C,Product_B,23.6,0,47
2025-09-23,Store_C,Product_C,24.6,0,28
2025-09-23,Store_D,Product_A,26.9,0,48
2025-09-23,Store_D,Product_B,22.0,0,57
2025-09-23,Store_D,Product_C,25.1,0,32
2025-09-24,Store_A,Product_A,22.5,0,44
2025-09-24,Store_A,Product_B,22.4,0,64
2025-09-24,Store_A,Product_C,24.5,0,35
2025-09-24,Store_B,Product_A,25.0,0,44
2025-09-24,Store_B,Product_B,22.7,0,76
2025-09-24,Store_B,Product_C,20.7,0,35
2025-09-24,Store_C,Product_A,24.5,0,36
2025-09-24,Store_C,Product_B,25.2,1,67
2025-09-24,Store_C,Product_C,24.3,0,27
2025-09-24,Store_D,Product_A,26.0,0,42
2025-09-24,Store_D,Product_B,22.0,0,62
2025-09-24,Store_D,Product_C,24.2,0,39
2025-09-25,Store_A,Product_A,22.1,0,48
2025-09-25,Store_A,Product_B,21.0,0,62
2025-09-25,Store_A,Product_C,26.5,0,32
2025-09-25,Store_B,Product_A,27.3,0,48
2025-09-25,Store_B,Product_B,21.9,0,72
2025-09-25,Store_B,Product_C,20.0,0,40
2025-09-25,Store_C,Product_A,26.1,0,41
2025-09-25,Store_C,Product_B,23.9,0,50
2025-09-25,Store_C,Product_C,19.2,0,27
2025-09-25,Store_D,Product_A,26.4,0,44
2025-09-25,Store_D,Product_B,23.1,1,84
2025-09-25,Store_D,Product_C,21.2,0,36
2025-09-26,Store_A,Product_A,23.9,1,48
2025-09-26,Store_A,Product_B,27.2,0,62
2025-09-26,Store_A,Product_C,21.8,0,29
2025-09-26,Store_B,Product_A,25.3,0,48
2025-09-26,Store_B,Product_B,26.4,0,67
2025-09-26,Store_B,Product_C,20.8,0,37
2025-09-26,Store_C,Product_A,21.6,1,48
2025-09-26,Store_C,Product_B,21.0,0,51
2025-09-26,Store_C,Product_C,25.5,0,26
2025-09-26,Store_D,Product_A,22.7,1,52
2025-09-26,Store_D,Product_B,21.3,0,65
2025-09-26,Store_D,Product_C,23.4,1,42
2025-09-27,Store_A,Product_A,23.4,0,43
2025-09-27,Store_A,Product_B,24.6,0,68
2025-09-27,Store_A,Product_C,21.4,0,39
2025-09-27,Store_B,Product_A,19.2,0,54
2025-09-27,Store_B,Product_B,22.6,0,77
2025-09-27,Store_B,Product_C,21.4,0,39
2025-09-27,Store_C,Product_A,19.1,1,52
2025-09-27,Store_C,Product_B,25.9,1,77
2025-09-27,Store_C,Product_C,22.5,0,30
2025-09-27,Store_D,Product_A,20.7,0,52
2025-09-27,Store_D,Product_B,21.2,1,84
2025-09-27,Store_D,Product_C,21.2,1,40
2025-09-28,Store_A,Product_A,23.2,0,44
2025-09-28,Store_A,Product_B,25.3,1,82
2025-09-28,Store_A,Product_C,18.2,0,31
2025-09-28,Store_B,Product_A,24.7,0,60
2025-09-28,Store_B,Product_B,24.4,1,86
2025-09-28,Store_B,Product_C,24.8,0,38
2025-09-28,Store_C,Product_A,25.7,0,34
2025-09-28,Store_C,Product_B,22.5,0,56
2025-09-28,Store_C,Product_C,24.9,0,31
2025-09-28,Store_D,Product_A,24.3,1,65
2025-09-28,Store_D,Product_B,19.9,0,80
2025-09-28,Store_D,Product_C,24.2,1,48
2025-09-29,Store_A,Product_A,23.3,1,53
2025-09-29,Store_A,Product_B,22.6,0,60
2025-09-29,Store_A,Product_C,24.0,1,42
2025-09-29,Store_B,Product_A,19.4,0,42
2025-09-29,Store_B,Product_B,26.2,0,67
2025-09-29,Store_B,Product_C,19.7,0,36
2025-09-29,Store_C,Product_A,23.0,0,36
2025-09-29,Store_C,Product_B,27.8,0,52
2025-09-29,Store_C,Product_C,25.3,0,31
2025-09-29,Store_D,Product_A,19.2,0,49
2025-09-29,Store_D,Product_B,21.1,0,63
2025-09-29,Store_D,Product_C,20.8,0,36
2025-09-30,Store_A,Product_A,21.9,0,42
2025-09-30,Store_A,Product_B,22.8,0,60
2025-09-30,Store_A,Product_C,22.4,1,36
2025-09-30,Store_B,Product_A,23.8,0,46
2025-09-30,Store_B,Product_B,24.0,0,64
2025-09-30,Store_B,Product_C,23.4,1,49
2025-09-30,Store_C,Product_A,22.5,1,41
2025-09-30,Store_C,Product_B,19.8,0,56
2025-09-30,Store_C,Product_C,24.0,1,32
2025-09-30,Store_D,Product_A,24.1,0,43
2025-09-30,Store_D,Product_B,22.8,0,54
2025-09-30,Store_D,Product_C,22.4,0,37
2025-10-01,Store_A,Product_A,19.9,0,55
2025-10-01,Store_A,Product_B,26.3,1,90
2025-10-01,Store_A,Product_C,22.0,0,36
2025-10-01,Store_B,Product_A,20.7,0,54
2025-10-01,Store_B,Product_B,22.4,0,84
2025-10-01,Store_B,Product_C,22.6,1,58
2025-10-01,Store_C,Product_A,23.5,0,44
2025-10-01,Store_C,Product_B,23.5,0,63
2025-10-01,Store_C,Product_C,21.6,0,34
2025-10-01,Store_D,Product_A,23.0,0,54
2025-10-01,Store_D,Product_B,22.7,0,84
2025-10-01,Store_D,Product_C,25.0,0,42
2025-10-02,Store_A,Product_A,17.8,0,45
2025-10-02,Store_A,Product_B,22.3,0,51
2025-10-02,Store_A,Product_C,22.7,0,31
2025-10-02,Store_B,Product_A,21.9,0,51
2025-10-02,Store_B,Product_B,20.1,0,68
2025-10-02,Store_B,Product_C,22.0,0,35
2025-10-02,Store_C,Product_A,22.3,0,37
2025-10-02,Store_C,Product_B,22.6,0,58
2025-10-02,Store_C,Product_C,22.0,0,31
2025-10-02,Store_D,Product_A,24.6,0,46
2025-10-02,Store_D,Product_B,19.6,0,67
2025-10-02,Store_D,Product_C,24.0,0,36
2025-10-03,Store_A,Product_A,23.3,0,38
2025-10-03,Store_A,Product_B,26.2,0,65
2025-10-03,Store_A,Product_C,20.9,0,34
2025-10-03,Store_B,Product_A,21.2,0,50
2025-10-03,Store_B,Product_B,22.4,0,64
2025-10-03,Store_B,Product_C,24.5,0,40
2025-10-03,Store_C,Product_A,21.6,1,49
2025-10-03,Store_C,Product_B,25.6,0,47
2025-10-03,Store_C,Product_C,18.6,1,37
2025-10-03,Store_D,Product_A,27.0,1,58
2025-10-03,Store_D,Product_B,21.5,0,72
2025-10-03,Store_D,Product_C,19.9,0,36
2025-10-04,Store_A,Product_A,24.1,0,45
2025-10-04,Store_A,Product_B,21.4,0,66
2025-10-04,Store_A,Product_C,25.1,0,40
2025-10-04,Store_B,Product_A,21.8,0,58
2025-10-04,Store_B,Product_B,22.9,0,80
2025-10-04,Store_B,Product_C,19.8,0,38
2025-10-04,Store_C,Product_A,19.7,1,61
2025-10-04,Store_C,Product_B,18.8,0,59
2025-10-04,Store_C,Product_C,24.3,0,34
2025-10-04,Store_D,Product_A,21.7,0,54
2025-10-04,Store_D,Product_B,21.6,0,56
2025-10-04,Store_D,Product_C,22.5,0,34
2025-10-05,Store_A,Product_A,21.9,1,58
2025-10-05,Store_A,Product_B,20.0,0,74
2025-10-05,Store_A,Product_C,21.8,0,37
2025-10-05,Store_B,Product_A,19.9,0,51
2025-10-05,Store_B,Product_B,21.5,1,111
2025-10-05,Store_B,Product_C,23.3,0,43
2025-10-05,Store_C,Product_A,20.7,0,42
2025-10-05,Store_C,Product_B,22.2,0,69
2025-10-05,Store_C,Product_C,21.8,0,33
2025-10-05,Store_D,Product_A,18.9,0,54
2025-10-05,Store_D,Product_B,23.5,0,65
2025-10-05,Store_D,Product_C,20.8,0,45
2025-10-06,Store_A,Product_A,21.8,0,46
2025-10-06,Store_A,Product_B,21.2,1,78
2025-10-06,Store_A,Product_C,18.8,0,32
2025-10-06,Store_B,Product_A,20.3,0,46
2025-10-06,Store_B,Product_B,23.4,1,78
2025-10-06,Store_B,Product_C,20.9,0,39
2025-10-06,Store_C,Product_A,23.0,1,40
2025-10-06,Store_C,Product_B,22.8,0,56
2025-10-06,Store_C,Product_C,20.4,0,32
2025-10-06,Store_D,Product_A,22.0,1,54
2025-10-06,Store_D,Product_B,24.7,1,81
2025-10-06,Store_D,Product_C,22.7,0,30
2025-10-07,Store_A,Product_A,20.5,0,46
2025-10-07,Store_A,Product_B,19.8,0,58
2025-10-07,Store_A,Product_C,25.7,0,33
2025-10-07,Store_B,Product_A,24.5,0,54
2025-10-07,Store_B,Product_B,24.6,0,65
2025-10-07,Store_B,Product_C,21.1,0,42
2025-10-07,Store_C,Product_A,22.1,0,38
2025-10-07,Store_C,Product_B,26.2,0,53
2025-10-07,Store_C,Product_C,21.5,0,30
2025-10-07,Store_D,Product_A,21.8,0,44
2025-10-07,Store_D,Product_B,18.9,0,61
2025-10-07,Store_D,Product_C,21.2,0,30
2025-10-08,Store_A,Product_A,22.0,0,43
2025-10-08,Store_A,Product_B,25.1,1,77
2025-10-08,Store_A,Product_C,20.8,0,33
2025-10-08,Store_B,Product_A,21.9,1,59
2025-10-08,Store_B,Product_B,25.8,0,69
2025-10-08,Store_B,Product_C,19.6,1,54
2025-10-08,Store_C,Product_A,21.5,0,37
2025-10-08,Store_C,Product_B,24.8,0,50
2025-10-08,Store_C,Product_C,22.3,0,28
2025-10-08,Store_D,Product_A,21.7,1,52
2025-10-08,Store_D,Product_B,20.7,1,88
2025-10-08,Store_D,Product_C,17.7,0,32
2025-10-09,Store_A,Product_A,20.2,1,42
2025-10-09,Store_A,Product_B,17.1,0,56
2025-10-09,Store_A,Product_C,24.4,1,38
2025-10-09,Store_B,Product_A,23.9,0,47
2025-10-09,Store_B,Product_B,23.2,0,59
2025-10-09,Store_B,Product_C,21.2,1,44
2025-10-09,Store_C,Product_A,18.6,0,41
2025-10-09,Store_C,Product_B,20.5,0,48
2025-10-09,Store_C,Product_C,20.7,0,27
2025-10-09,Store_D,Product_A,21.7,0,40
2025-10-09,Store_D,Product_B,23.3,0,62
2025-10-09,Store_D,Product_C,20.8,1,40
2025-10-10,Store_A,Product_A,21.2,0,37
2025-10-10,Store_A,Product_B,22.9,0,48
2025-10-10,Store_A,Product_C,21.6,1,36
2025-10-10,Store_B,Product_A,22.1,0,45
2025-10-10,Store_B,Product_B,22.8,0,66
2025-10-10,Store_B,Product_C,18.4,0,43
2025-10-10,Store_C,Product_A,18.2,0,43
2025-10-10,Store_C,Product_B,21.1,0,54
2025-10-10,Store_C,Product_C,22.1,0,29
2025-10-10,Store_D,Product_A,24.5,0,38
2025-10-10,Store_D,Product_B,18.5,0,73
2025-10-10,Store_D,Product_C,21.7,0,34
2025-10-11,Store_A,Product_A,22.1,0,50
2025-10-11,Store_A,Product_B,19.8,0,64
2025-10-11,Store_A,Product_C,19.8,0,33
2025-10-11,Store_B,Product_A,18.5,0,67
2025-10-11,Store_B,Product_B,16.7,0,81
2025-10-11,Store_B,Product_C,21.7,0,37
2025-10-11,Store_C,Product_A,18.2,0,42
2025-10-11,Store_C,Product_B,22.0,0,52
2025-10-11,Store_C,Product_C,19.7,0,33
2025-10-11,Store_D,Product_A,20.4,0,46
2025-10-11,Store_D,Product_B,22.6,0,72
2025-10-11,Store_D,Product_C,21.5,0,40
2025-10-12,Store_A,Product_A,20.3,1,55
2025-10-12,Store_A,Product_B,19.3,0,64
2025-10-12,Store_A,Product_C,20.5,0,35
2025-10-12,Store_B,Product_A,21.1,0,60
2025-10-12,Store_B,Product_B,23.4,1,89
2025-10-12,Store_B,Product_C,26.1,0,53
2025-10-12,Store_C,Product_A,23.1,0,42
2025-10-12,Store_C,Product_B,21.5,0,65
2025-10-12,Store_C,Product_C,18.7,0,34
2025-10-12,Store_D,Product_A,19.4,1,55
2025-10-12,Store_D,Product_B,21.8,0,61
2025-10-12,Store_D,Product_C,21.8,0,45
2025-10-13,Store_A,Product_A,22.1,0,42
2025-10-13,Store_A,Product_B,20.2,0,66
2025-10-13,Store_A,Product_C,19.5,0,31
2025-10-13,Store_B,Product_A,22.4,1,51
2025-10-13,Store_B,Product_B,22.7,0,71
2025-10-13,Store_B,Product_C,18.9,1,43
2025-10-13,Store_C,Product_A,20.1,1,39
2025-10-13,Store_C,Product_B,22.3,1,66
2025-10-13,Store_C,Product_C,25.6,0,26
2025-10-13,Store_D,Product_A,19.5,0,48
2025-10-13,Store_D,Product_B,21.2,0,60
2025-10-13,Store_D,Product_C,20.0,0,33
2025-10-14,Store_A,Product_A,15.9,0,42
2025-10-14,Store_A,Product_B,23.7,0,61
2025-10-14,Store_A,Product_C,20.8,0,36
2025-10-14,Store_B,Product_A,16.7,0,49
2025-10-14,Store_B,Product_B,19.9,0,70
2025-10-14,Store_B,Product_C,19.0,0,41
2025-10-14,Store_C,Product_A,20.7,0,33
2025-10-14,Store_C,Product_B,15.7,0,54
2025-10-14,Store_C,Product_C,21.6,1,37
2025-10-14,Store_D,Product_A,21.5,0,44
2025-10-14,Store_D,Product_B,22.5,1,80
2025-10-14,Store_D,Product_C,19.0,0,38
2025-10-15,Store_A,Product_A,22.9,0,54
2025-10-15,Store_A,Product_B,18.4,0,64
2025-10-15,Store_A,Product_C,22.7,0,41
2025-10-15,Store_B,Product_A,21.7,0,62
2025-10-15,Store_B,Product_B,24.0,0,81
2025-10-15,Store_B,Product_C,25.1,0,50
2025-10-15,Store_C,Product_A,19.8,0,46
2025-10-15,Store_C,Product_B,26.1,0,70
2025-10-15,Store_C,Product_C,19.3,1,49
2025-10-15,Store_D,Product_A,18.5,0,55
2025-10-15,Store_D,Product_B,16.7,0,89
2025-10-15,Store_D,Product_C,19.8,0,40
2025-10-16,Store_A,Product_A,22.4,0,42
2025-10-16,Store_A,Product_B,17.8,0,59
2025-10-16,Store_A,Product_C,18.2,0,30
2025-10-16,Store_B,Product_A,18.7,0,48
2025-10-16,Store_B,Product_B,15.4,0,61
2025-10-16,Store_B,Product_C,20.4,0,41
2025-10-16,Store_C,Product_A,22.6,0,32
2025-10-16,Store_C,Product_B,19.4,0,50
2025-10-16,Store_C,Product_C,21.6,0,28
2025-10-16,Store_D,Product_A,24.1,0,37
2025-10-16,Store_D,Product_B,19.6,0,65
2025-10-16,Store_D,Product_C,19.3,0,32
2025-10-17,Store_A,Product_A,21.3,0,46
2025-10-17,Store_A,Product_B,18.9,0,61
2025-10-17,Store_A,Product_C,16.5,0,33
2025-10-17,Store_B,Product_A,21.1,0,50
2025-10-17,Store_B,Product_B,21.6,0,76
2025-10-17,Store_B,Product_C,17.4,0,35
2025-10-17,Store_C,Product_A,22.8,0,37
2025-10-17,Store_C,Product_B,22.3,0,54
2025-10-17,Store_C,Product_C,20.0,0,31
2025-10-17,Store_D,Product_A,22.4,0,47
2025-10-17,Store_D,Product_B,18.6,0,63
2025-10-17,Store_D,Product_C,20.3,0,31
2025-10-18,Store_A,Product_A,18.7,0,55
2025-10-18,Store_A,Product_B,22.0,0,62
2025-10-18,Store_A,Product_C,20.0,0,40
2025-10-18,Store_B,Product_A,19.7,0,55
2025-10-18,Store_B,Product_B,15.5,0,76
2025-10-18,Store_B,Product_C,21.3,1,56
2025-10-18,Store_C,Product_A,16.9,0,42
2025-10-18,Store_C,Product_B,22.1,0,65
2025-10-18,Store_C,Product_C,20.4,0,36
2025-10-18,Store_D,Product_A,20.9,0,61
2025-10-18,Store_D,Product_B,22.9,0,72
2025-10-18,Store_D,Product_C,21.0,0,40
2025-10-19,Store_A,Product_A,18.6,1,52
2025-10-19,Store_A,Product_B,24.1,1,85
2025-10-19,Store_A,Product_C,19.0,0,39
2025-10-19,Store_B,Product_A,18.5,0,59
2025-10-19,Store_B,Product_B,18.2,0,85
2025-10-19,Store_B,Product_C,21.5,0,44
2025-10-19,Store_C,Product_A,24.4,0,39
2025-10-19,Store_C,Product_B,16.1,0,67
2025-10-19,Store_C,Product_C,22.3,1,37
2025-10-19,Store_D,Product_A,20.3,0,48
2025-10-19,Store_D,Product_B,21.3,1,106
2025-10-19,Store_D,Product_C,20.1,0,39
2025-10-20,Store_A,Product_A,22.3,1,51
2025-10-20,Store_A,Product_B,22.5,0,58
2025-10-20,Store_A,Product_C,17.5,0,29
2025-10-20,Store_B,Product_A,19.3,0,53
2025-10-20,Store_B,Product_B,20.2,0,60
2025-10-20,Store_B,Product_C,20.4,0,37
2025-10-20,Store_C,Product_A,20.4,1,45
2025-10-20,Store_C,Product_B,20.2,0,58
2025-10-20,Store_C,Product_C,21.6,0,32
2025-10-20,Store_D,Product_A,17.6,1,67
2025-10-20,Store_D,Product_B,18.7,0,64
2025-10-20,Store_D,Product_C,20.3,0,31
2025-10-21,Store_A,Product_A,21.0,0,42
2025-10-21,Store_A,Product_B,18.7,0,52
2025-10-21,Store_A,Product_C,17.9,0,36
2025-10-21,Store_B,Product_A,20.2,0,51
2025-10-21,Store_B,Product_B,21.5,1,79
2025-10-21,Store_B,Product_C,23.5,1,39
2025-10-21,Store_C,Product_A,19.5,0,41
2025-10-21,Store_C,Product_B,20.4,1,67
2025-10-21,Store_C,Product_C,21.3,1,33
2025-10-21,Store_D,Product_A,16.9,0,41
2025-10-21,Store_D,Product_B,20.7,1,79
2025-10-21,Store_D,Product_C,20.1,0,30
2025-10-22,Store_A,Product_A,16.0,0,46
2025-10-22,Store_A,Product_B,19.2,0,63
2025-10-22,Store_A,Product_C,18.4,0,33
2025-10-22,Store_B,Product_A,22.4,0,55
2025-10-22,Store_B,Product_B,15.1,0,62
2025-10-22,Store_B,Product_C,18.0,0,40
2025-10-22,Store_C,Product_A,19.7,0,41
2025-10-22,Store_C,Product_B,22.0,1,67
2025-10-22,Store_C,Product_C,18.0,0,28
2025-10-22,Store_D,Product_A,20.0,0,45
2025-10-22,Store_D,Product_B,19.3,0,63
2025-10-22,Store_D,Product_C,16.4,0,38
2025-10-23,Store_A,Product_A,20.3,0,37
2025-10-23,Store_A,Product_B,19.1,0,66
2025-10-23,Store_A,Product_C,17.7,0,33
2025-10-23,Store_B,Product_A,18.3,0,52
2025-10-23,Store_B,Product_B,13.8,1,87
2025-10-23,Store_B,Product_C,17.3,0,42
2025-10-23,Store_C,Product_A,21.1,0,36
2025-10-23,Store_C,Product_B,16.1,0,57
2025-10-23,Store_C,Product_C,21.6,0,29
2025-10-23,Store_D,Product_A,20.6,0,50
2025-10-23,Store_D,Product_B,21.2,0,65
2025-10-23,Store_D,Product_C,22.2,0,43
2025-10-24,Store_A,Product_A,17.6,0,45
2025-10-24,Store_A,Product_B,19.8,0,65
2025-10-24,Store_A,Product_C,18.3,0,35
2025-10-24,Store_B,Product_A,16.3,0,49
2025-10-24,Store_B,Product_B,19.2,0,69
2025-10-24,Store_B,Product_C,19.8,0,41
2025-10-24,Store_C,Product_A,18.6,0,36
2025-10-24,Store_C,Product_B,18.2,0,55
2025-10-24,Store_C,Product_C,22.3,0,31
2025-10-24,Store_D,Product_A,19.3,1,50
2025-10-24,Store_D,Product_B,17.6,0,56
2025-10-24,Store_D,Product_C,21.2,0,32
2025-10-25,Store_A,Product_A,18.3,1,75
2025-10-25,Store_A,Product_B,21.0,0,79
2025-10-25,Store_A,Product_C,15.4,1,60
2025-10-25,Store_B,Product_A,18.7,0,64
2025-10-25,Store_B,Product_B,20.8,0,91
2025-10-25,Store_B,Product_C,19.5,0,60
2025-10-25,Store_C,Product_A,22.8,0,60
2025-10-25,Store_C,Product_B,18.4,0,78
2025-10-25,Store_C,Product_C,22.6,0,41
2025-10-25,Store_D,Product_A,16.9,0,64
2025-10-25,Store_D,Product_B,20.3,1,120
2025-10-25,Store_D,Product_C,17.5,0,48
2025-10-26,Store_A,Product_A,22.4,0,45
2025-10-26,Store_A,Product_B,20.0,1,88
2025-10-26,Store_A,Product_C,17.4,0,43
2025-10-26,Store_B,Product_A,18.4,0,60
2025-10-26,Store_B,Product_B,20.6,0,68
2025-10-26,Store_B,Product_C,18.4,0,45
2025-10-26,Store_C,Product_A,20.0,0,39
2025-10-26,Store_C,Product_B,20.5,1,76
2025-10-26,Store_C,Product_C,19.8,1,45
2025-10-26,Store_D,Product_A,16.6,0,60
2025-10-26,Store_D,Product_B,21.1,0,80
2025-10-26,Store_D,Product_C,21.3,0,40
2025-10-27,Store_A,Product_A,18.3,0,43
2025-10-27,Store_A,Product_B,19.7,0,56
2025-10-27,Store_A,Product_C,19.5,0,34
2025-10-27,Store_B,Product_A,19.7,0,48
2025-10-27,Store_B,Product_B,20.8,0,81
2025-10-27,Store_B,Product_C,18.9,0,36
2025-10-27,Store_C,Product_A,21.4,1,52
2025-10-27,Store_C,Product_B,19.2,0,60
2025-10-27,Store_C,Product_C,17.7,1,37
2025-10-27,Store_D,Product_A,21.0,1,56
2025-10-27,Store_D,Product_B,17.4,0,67
2025-10-27,Store_D,Product_C,21.9,0,37
2025-10-28,Store_A,Product_A,20.7,1,51
2025-10-28,Store_A,Product_B,19.7,0,60
2025-10-28,Store_A,Product_C,18.1,1,43
2025-10-28,Store_B,Product_A,17.4,0,55
2025-10-28,Store_B,Product_B,20.6,1,78
2025-10-28,Store_B,Product_C,20.4,0,39
2025-10-28,Store_C,Product_A,20.3,0,36
2025-10-28,Store_C,Product_B,17.1,0,51
2025-10-28,Store_C,Product_C,17.0,0,27
2025-10-28,Store_D,Product_A,18.1,0,40
2025-10-28,Store_D,Product_B,21.1,0,62
2025-10-28,Store_D,Product_C,17.1,0,32
2025-10-29,Store_A,Product_A,20.9,1,46
2025-10-29,Store_A,Product_B,18.6,0,55
2025-10-29,Store_A,Product_C,20.5,0,33
2025-10-29,Store_B,Product_A,21.6,0,46
2025-10-29,Store_B,Product_B,19.4,0,67
2025-10-29,Store_B,Product_C,22.4,0,38
2025-10-29,Store_C,Product_A,19.9,0,40
2025-10-29,Store_C,Product_B,21.0,1,73
2025-10-29,Store_C,Product_C,21.0,0,29
2025-10-29,Store_D,Product_A,19.6,0,45
2025-10-29,Store_D,Product_B,20.6,0,57
2025-10-29,Store_D,Product_C,19.2,0,34
2025-10-30,Store_A,Product_A,19.6,1,49
2025-10-30,Store_A,Product_B,18.0,0,59
2025-10-30,Store_A,Product_C,25.4,0,36
2025-10-30,Store_B,Product_A,17.3,0,52
2025-10-30,Store_B,Product_B,18.7,0,66
2025-10-30,Store_B,Product_C,18.3,0,36
2025-10-30,Store_C,Product_A,19.4,0,37
2025-10-30,Store_C,Product_B,19.5,0,60
2025-10-30,Store_C,Product_C,20.5,0,27
2025-10-30,Store_D,Product_A,18.4,0,49
2025-10-30,Store_D,Product_B,19.8,0,70
2025-10-30,Store_D,Product_C,20.5,0,34
2025-10-31,Store_A,Product_A,21.0,0,42
2025-10-31,Store_A,Product_B,17.8,0,72
2025-10-31,Store_A,Product_C,18.7,0,32
2025-10-31,Store_B,Product_A,21.2,0,49
2025-10-31,Store_B,Product_B,18.3,0,76
2025-10-31,Store_B,Product_C,18.8,0,41
2025-10-31,Store_C,Product_A,18.3,0,36
2025-10-31,Store_C,Product_B,24.0,0,61
2025-10-31,Store_C,Product_C,18.6,0,32
2025-10-31,Store_D,Product_A,20.6,0,44
2025-10-31,Store_D,Product_B,19.8,0,59
2025-10-31,Store_D,Product_C,23.0,0,35
2025-11-01,Store_A,Product_A,20.6,0,56
2025-11-01,Store_A,Product_B,17.3,0,90
2025-11-01,Store_A,Product_C,15.8,0,48
2025-11-01,Store_B,Product_A,20.2,0,71
2025-11-01,Store_B,Product_B,17.3,1,121
2025-11-01,Store_B,Product_C,18.0,0,56
2025-11-01,Store_C,Product_A,20.7,0,59
2025-11-01,Store_C,Product_B,16.2,0,86
2025-11-01,Store_C,Product_C,19.1,0,36
2025-11-01,Store_D,Product_A,14.9,1,81
2025-11-01,Store_D,Product_B,17.3,0,102
2025-11-01,Store_D,Product_C,19.0,0,56
2025-11-02,Store_A,Product_A,18.0,0,52
2025-11-02,Store_A,Product_B,21.3,0,78
2025-11-02,Store_A,Product_C,18.9,0,35
2025-11-02,Store_B,Product_A,18.5,0,62
2025-11-02,Store_B,Product_B,20.8,1,88
2025-11-02,Store_B,Product_C,19.6,0,48
2025-11-02,Store_C,Product_A,21.8,0,48
2025-11-02,Store_C,Product_B,14.8,0,62
2025-11-02,Store_C,Product_C,16.7,0,36
2025-11-02,Store_D,Product_A,15.3,0,49
2025-11-02,Store_D,Product_B,18.9,0,79
2025-11-02,Store_D,Product_C,19.4,0,37
2025-11-03,Store_A,Product_A,15.5,0,43
2025-11-03,Store_A,Product_B,17.8,0,53
2025-11-03,Store_A,Product_C,17.9,0,36
2025-11-03,Store_B,Product_A,19.4,0,50
2025-11-03,Store_B,Product_B,21.5,0,71
2025-11-03,Store_B,Product_C,20.3,0,31
2025-11-03,Store_C,Product_A,17.7,0,38
2025-11-03,Store_C,Product_B,17.8,0,52
2025-11-03,Store_C,Product_C,19.9,0,31
2025-11-03,Store_D,Product_A,16.7,0,41
2025-11-03,Store_D,Product_B,16.7,0,62
2025-11-03,Store_D,Product_C,21.7,0,32
2025-11-04,Store_A,Product_A,19.3,0,41
2025-11-04,Store_A,Product_B,17.8,0,61
2025-11-04,Store_A,Product_C,18.5,0,38
2025-11-04,Store_B,Product_A,22.7,1,57
2025-11-04,Store_B,Product_B,15.0,0,74
2025-11-04,Store_B,Product_C,19.3,0,35
2025-11-04,Store_C,Product_A,22.2,0,38
2025-11-04,Store_C,Product_B,20.1,0,64
2025-11-04,Store_C,Product_C,19.0,0,32
2025-11-04,Store_D,Product_A,19.6,0,49
2025-11-04,Store_D,Product_B,15.8,0,75
2025-11-04,Store_D,Product_C,16.6,0,37
2025-11-05,Store_A,Product_A,21.1,0,38
2025-11-05,Store_A,Product_B,21.7,0,63
2025-11-05,Store_A,Product_C,17.9,1,40
2025-11-05,Store_B,Product_A,16.0,1,56
2025-11-05,Store_B,Product_B,17.3,0,69
2025-11-05,Store_B,Product_C,19.4,0,39
2025-11-05,Store_C,Product_A,18.8,0,35
2025-11-05,Store_C,Product_B,14.6,0,55
2025-11-05,Store_C,Product_C,17.2,0,28
2025-11-05,Store_D,Product_A,19.1,0,48
2025-11-05,Store_D,Product_B,18.1,0,60
2025-11-05,Store_D,Product_C,15.8,0,36
2025-11-06,Store_A,Product_A,19.1,0,42
2025-11-06,Store_A,Product_B,14.7,1,66
2025-11-06,Store_A,Product_C,18.4,0,32
2025-11-06,Store_B,Product_A,19.9,0,47
2025-11-06,Store_B,Product_B,17.5,0,67
2025-11-06,Store_B,Product_C,19.6,0,36
2025-11-06,Store_C,Product_A,18.5,0,41
2025-11-06,Store_C,Product_B,17.5,0,53
2025-11-06,Store_C,Product_C,18.2,0,32
2025-11-06,Store_D,Product_A,17.6,0,41
2025-11-06,Store_D,Product_B,21.9,0,70
2025-11-06,Store_D,Product_C,16.7,0,38
2025-11-07,Store_A,Product_A,17.2,0,47
2025-11-07,Store_A,Product_B,17.9,0,65
2025-11-07,Store_A,Product_C,15.6,0,37
2025-11-07,Store_B,Product_A,13.6,0,54
2025-11-07,Store_B,Product_B,17.4,0,73
2025-11-07,Store_B,Product_C,18.1,0,40
2025-11-07,Store_C,Product_A,14.9,0,40
2025-11-07,Store_C,Product_B,20.0,0,58
2025-11-07,Store_C,Product_C,17.7,0,30
2025-11-07,Store_D,Product_A,19.6,1,63
2025-11-07,Store_D,Product_B,19.9,0,65
2025-11-07,Store_D,Product_C,15.0,0,36
2025-11-08,Store_A,Product_A,17.3,0,53
2025-11-08,Store_A,Product_B,20.2,0,68
2025-11-08,Store_A,Product_C,16.2,0,33
2025-11-08,Store_B,Product_A,15.0,0,57
2025-11-08,Store_B,Product_B,14.7,0,81
2025-11-08,Store_B,Product_C,18.3,1,55
2025-11-08,Store_C,Product_A,21.1,0,43
2025-11-08,Store_C,Product_B,20.1,1,76
2025-11-08,Store_C,Product_C,18.4,0,36
2025-11-08,Store_D,Product_A,19.9,0,55
2025-11-08,Store_D,Product_B,19.1,1,90
2025-11-08,Store_D,Product_C,20.3,0,40
2025-11-09,Store_A,Product_A,18.2,0,51
2025-11-09,Store_A,Product_B,19.1,1,92
2025-11-09,Store_A,Product_C,18.0,1,47
2025-11-09,Store_B,Product_A,15.9,0,50
2025-11-09,Store_B,Product_B,16.5,0,91
2025-11-09,Store_B,Product_C,17.5,0,43
2025-11-09,Store_C,Product_A,18.3,0,49
2025-11-09,Store_C,Product_B,16.3,0,65
2025-11-09,Store_C,Product_C,12.7,0,35
2025-11-09,Store_D,Product_A,18.3,0,55
2025-11-09,Store_D,Product_B,21.4,0,82
2025-11-09,Store_D,Product_C,17.6,0,43
2025-11-10,Store_A,Product_A,21.1,1,58
2025-11-10,Store_A,Product_B,19.9,0,59
2025-11-10,Store_A,Product_C,17.5,1,39
2025-11-10,Store_B,Product_A,17.4,0,42
2025-11-10,Store_B,Product_B,19.6,0,74
2025-11-10,Store_B,Product_C,12.3,0,39
2025-11-10,Store_C,Product_A,18.5,0,37
2025-11-10,Store_C,Product_B,19.4,0,59
2025-11-10,Store_C,Product_C,17.1,0,30
2025-11-10,Store_D,Product_A,19.1,0,45
2025-11-10,Store_D,Product_B,18.3,0,64
2025-11-10,Store_D,Product_C,22.6,0,34
2025-11-11,Store_A,Product_A,17.9,1,52
2025-11-11,Store_A,Product_B,17.5,0,61
2025-11-11,Store_A,Product_C,20.5,0,39
2025-11-11,Store_B,Product_A,17.5,0,52
2025-11-11,Store_B,Product_B,19.3,0,82
2025-11-11,Store_B,Product_C,20.7,0,43
2025-11-11,Store_C,Product_A,17.8,1,42
2025-11-11,Store_C,Product_B,18.5,0,59
2025-11-11,Store_C,Product_C,17.5,0,28
2025-11-11,Store_D,Product_A,16.6,0,50
2025-11-11,Store_D,Product_B,18.5,0,76
2025-11-11,Store_D,Product_C,15.8,0,35
2025-11-12,Store_A,Product_A,18.7,0,41
2025-11-12,Store_A,Product_B,17.5,0,64
2025-11-12,Store_A,Product_C,20.1,0,33
2025-11-12,Store_B,Product_A,18.6,0,54
2025-11-12,Store_B,Product_B,18.3,0,71
2025-11-12,Store_B,Product_C,20.7,0,42
2025-11-12,Store_C,Product_A,19.2,0,38
2025-11-12,Store_C,Product_B,22.6,0,58
2025-11-12,Store_C,Product_C,16.1,1,35
2025-11-12,Store_D,Product_A,16.8,0,48
2025-11-12,Store_D,Product_B,20.2,0,68
2025-11-12,Store_D,Product_C,18.7,0,36
2025-11-13,Store_A,Product_A,18.1,0,54
2025-11-13,Store_A,Product_B,17.1,0,59
2025-11-13,Store_A,Product_C,22.4,0,33
2025-11-13,Store_B,Product_A,13.2,0,54
2025-11-13,Store_B,Product_B,16.6,1,78
2025-11-13,Store_B,Product_C,16.8,0,35
2025-11-13,Store_C,Product_A,15.8,0,38
2025-11-13,Store_C,Product_B,18.2,0,60
2025-11-13,Store_C,Product_C,19.2,0,31
2025-11-13,Store_D,Product_A,20.5,0,45
2025-11-13,Store_D,Product_B,16.0,0,64
2025-11-13,Store_D,Product_C,18.8,0,37
2025-11-14,Store_A,Product_A,14.5,0,42
2025-11-14,Store_A,Product_B,19.4,0,66
2025-11-14,Store_A,Product_C,21.1,0,35
2025-11-14,Store_B,Product_A,20.1,0,47
2025-11-14,Store_B,Product_B,15.2,0,78
2025-11-14,Store_B,Product_C,18.2,0,39
2025-11-14,Store_C,Product_A,17.2,1,52
2025-11-14,Store_C,Product_B,16.9,1,76
2025-11-14,Store_C,Product_C,18.2,1,39
2025-11-14,Store_D,Product_A,20.3,0,46
2025-11-14,Store_D,Product_B,19.2,0,72
2025-11-14,Store_D,Product_C,16.9,0,40
2025-11-15,Store_A,Product_A,19.1,0,73
2025-11-15,Store_A,Product_B,15.9,0,83
2025-11-15,Store_A,Product_C,16.1,0,50
2025-11-15,Store_B,Product_A,19.1,0,66
2025-11-15,Store_B,Product_B,18.0,0,119
2025-11-15,Store_B,Product_C,17.3,0,56
2025-11-15,Store_C,Product_A,14.9,0,61
2025-11-15,Store_C,Product_B,16.9,0,86
2025-11-15,Store_C,Product_C,15.3,0,47
2025-11-15,Store_D,Product_A,14.3,1,76
2025-11-15,Store_D,Product_B,15.9,0,84
2025-11-15,Store_D,Product_C,17.8,0,60
2025-11-16,Store_A,Product_A,19.0,0,55
2025-11-16,Store_A,Product_B,18.9,0,67
2025-11-16,Store_A,Product_C,15.7,1,54
2025-11-16,Store_B,Product_A,17.8,0,61
2025-11-16,Store_B,Product_B,16.8,0,95
2025-11-16,Store_B,Product_C,14.8,0,48
2025-11-16,Store_C,Product_A,17.1,0,40
2025-11-16,Store_C,Product_B,17.6,0,71
2025-11-16,Store_C,Product_C,19.3,0,37
2025-11-16,Store_D,Product_A,16.9,1,66
2025-11-16,Store_D,Product_B,15.3,1,100
2025-11-16,Store_D,Product_C,17.9,1,56
2025-11-17,Store_A,Product_A,20.2,0,44
2025-11-17,Store_A,Product_B,16.1,0,72
2025-11-17,Store_A,Product_C,16.6,0,34
2025-11-17,Store_B,Product_A,21.0,0,53
2025-11-17,Store_B,Product_B,13.2,0,77
2025-11-17,Store_B,Product_C,17.2,0,37
2025-11-17,Store_C,Product_A,18.5,0,40
2025-11-17,Store_C,Product_B,15.3,0,54
2025-11-17,Store_C,Product_C,15.0,0,31
2025-11-17,Store_D,Product_A,17.6,0,48
2025-11-17,Store_D,Product_B,17.2,0,62
2025-11-17,Store_D,Product_C,14.8,0,45
2025-11-18,Store_A,Product_A,15.4,1,53
2025-11-18,Store_A,Product_B,15.2,0,68
2025-11-18,Store_A,Product_C,14.8,0,35
2025-11-18,Store_B,Product_A,18.6,0,52
2025-11-18,Store_B,Product_B,21.0,0,81
2025-11-18,Store_B,Product_C,18.7,1,53
2025-11-18,Store_C,Product_A,18.5,0,44
2025-11-18,Store_C,Product_B,16.7,1,74
2025-11-18,Store_C,Product_C,15.0,1,37
2025-11-18,Store_D,Product_A,18.4,0,50
2025-11-18,Store_D,Product_B,17.7,0,75
2025-11-18,Store_D,Product_C,17.7,0,39
2025-11-19,Store_A,Product_A,21.6,1,56
2025-11-19,Store_A,Product_B,18.9,0,61
2025-11-19,Store_A,Product_C,19.9,0,36
2025-11-19,Store_B,Product_A,18.0,0,56
2025-11-19,Store_B,Product_B,19.0,0,79
2025-11-19,Store_B,Product_C,20.6,0,44
2025-11-19,Store_C,Product_A,16.6,0,47
2025-11-19,Store_C,Product_B,20.2,0,60
2025-11-19,Store_C,Product_C,14.4,0,27
2025-11-19,Store_D,Product_A,14.6,1,57
2025-11-19,Store_D,Product_B,15.1,0,69
2025-11-19,Store_D,Product_C,17.1,0,43
2025-11-20,Store_A,Product_A,16.2,0,41
2025-11-20,Store_A,Product_B,19.3,0,54
2025-11-20,Store_A,Product_C,17.1,0,42
2025-11-20,Store_B,Product_A,16.2,0,49
2025-11-20,Store_B,Product_B,18.8,0,78
2025-11-20,Store_B,Product_C,14.3,0,43
2025-11-20,Store_C,Product_A,16.0,1,50
2025-11-20,Store_C,Product_B,17.0,0,54
2025-11-20,Store_C,Product_C,17.3,0,33
2025-11-20,Store_D,Product_A,17.0,1,55
2025-11-20,Store_D,Product_B,15.5,0,69
2025-11-20,Store_D,Product_C,14.0,0,36
2025-11-21,Store_A,Product_A,14.5,0,41
2025-11-21,Store_A,Product_B,17.7,0,68
2025-11-21,Store_A,Product_C,13.9,1,48
2025-11-21,Store_B,Product_A,17.4,0,49
2025-11-21,Store_B,Product_B,17.5,0,78
2025-11-21,Store_B,Product_C,20.4,0,38
2025-11-21,Store_C,Product_A,20.9,0,37
2025-11-21,Store_C,Product_B,13.3,0,56
2025-11-21,Store_C,Product_C,20.0,0,31
2025-11-21,Store_D,Product_A,16.6,1,55
2025-11-21,Store_D,Product_B,17.4,1,93
2025-11-21,Store_D,Product_C,15.7,0,40
2025-11-22,Store_A,Product_A,14.9,0,49
2025-11-22,Store_A,Product_B,20.4,0,84
2025-11-22,Store_A,Product_C,16.3,0,45
2025-11-22,Store_B,Product_A,20.1,1,67
2025-11-22,Store_B,Product_B,17.7,1,100
2025-11-22,Store_B,Product_C,13.6,0,44
2025-11-22,Store_C,Product_A,15.6,1,50
2025-11-22,Store_C,Product_B,15.2,0,68
2025-11-22,Store_C,Product_C,16.2,0,43
2025-11-22,Store_D,Product_A,16.7,1,77
2025-11-22,Store_D,Product_B,15.1,0,74
2025-11-22,Store_D,Product_C,15.5,0,37
2025-11-23,Store_A,Product_A,16.8,0,49
2025-11-23,Store_A,Product_B,14.1,1,96
2025-11-23,Store_A,Product_C,20.1,1,48
2025-11-23,Store_B,Product_A,19.9,0,58
2025-11-23,Store_B,Product_B,20.4,0,91
2025-11-23,Store_B,Product_C,19.7,0,45
2025-11-23,Store_C,Product_A,14.1,0,44
2025-11-23,Store_C,Product_B,16.0,0,66
2025-11-23,Store_C,Product_C,16.0,0,41
2025-11-23,Store_D,Product_A,15.8,0,50
2025-11-23,Store_D,Product_B,18.7,0,92
2025-11-23,Store_D,Product_C,16.2,0,49
2025-11-24,Store_A,Product_A,17.8,0,36
2025-11-24,Store_A,Product_B,13.1,0,72
2025-11-24,Store_A,Product_C,15.5,0,35
2025-11-24,Store_B,Product_A,16.7,1,58
2025-11-24,Store_B,Product_B,14.9,1,98
2025-11-24,Store_B,Product_C,16.2,0,45
2025-11-24,Store_C,Product_A,15.0,1,46
2025-11-24,Store_C,Product_B,16.6,0,59
2025-11-24,Store_C,Product_C,17.0,0,34
2025-11-24,Store_D,Product_A,15.2,1,63
2025-11-24,Store_D,Product_B,15.0,0,71
2025-11-24,Store_D,Product_C,13.4,0,41
2025-11-25,Store_A,Product_A,17.3,0,58
2025-11-25,Store_A,Product_B,13.4,0,82
2025-11-25,Store_A,Product_C,17.4,1,53
2025-11-25,Store_B,Product_A,17.4,0,63
2025-11-25,Store_B,Product_B,16.7,0,97
2025-11-25,Store_B,Product_C,15.2,0,51
2025-11-25,Store_C,Product_A,16.0,0,48
2025-11-25,Store_C,Product_B,18.6,1,97
2025-11-25,Store_C,Product_C,17.5,0,39
2025-11-25,Store_D,Product_A,20.9,0,61
2025-11-25,Store_D,Product_B,17.8,0,83
2025-11-25,Store_D,Product_C,19.0,1,63
2025-11-26,Store_A,Product_A,15.9,1,57
2025-11-26,Store_A,Product_B,17.5,0,57
2025-11-26,Store_A,Product_C,14.0,1,39
2025-11-26,Store_B,Product_A,16.9,0,59
2025-11-26,Store_B,Product_B,16.6,0,77
2025-11-26,Store_B,Product_C,18.1,0,41
2025-11-26,Store_C,Product_A,16.5,0,41
2025-11-26,Store_C,Product_B,17.2,0,69
2025-11-26,Store_C,Product_C,19.1,1,39
2025-11-26,Store_D,Product_A,14.7,0,44
2025-11-26,Store_D,Product_B,16.9,0,62
2025-11-26,Store_D,Product_C,17.3,1,46
2025-11-27,Store_A,Product_A,18.7,0,46
2025-11-27,Store_A,Product_B,16.2,0,68
2025-11-27,Store_A,Product_C,14.8,0,39
2025-11-27,Store_B,Product_A,19.1,0,52
2025-11-27,Store_B,Product_B,19.5,0,82
2025-11-27,Store_B,Product_C,16.9,0,43
2025-11-27,Store_C,Product_A,19.7,0,43
2025-11-27,Store_C,Product_B,19.2,0,67
2025-11-27,Store_C,Product_C,17.8,1,38
2025-11-27,Store_D,Product_A,16.3,1,59
2025-11-27,Store_D,Product_B,18.3,0,66
2025-11-27,Store_D,Product_C,15.8,0,36
2025-11-28,Store_A,Product_A,18.7,0,40
2025-11-28,Store_A,Product_B,18.0,0,51
2025-11-28,Store_A,Product_C,16.2,0,32
2025-11-28,Store_B,Product_A,15.6,0,49
2025-11-28,Store_B,Product_B,15.8,0,72
2025-11-28,Store_B,Product_C,15.2,0,39
2025-11-28,Store_C,Product_A,15.8,0,39
2025-11-28,Store_C,Product_B,15.3,0,57
2025-11-28,Store_C,Product_C,19.0,0,32
2025-11-28,Store_D,Product_A,20.7,0,52
2025-11-28,Store_D,Product_B,16.2,0,68
2025-11-28,Store_D,Product_C,15.4,0,36
2025-11-29,Store_A,Product_A,21.6,0,46
2025-11-29,Store_A,Product_B,16.3,0,83
2025-11-29,Store_A,Product_C,14.4,0,43
2025-11-29,Store_B,Product_A,15.2,0,59
2025-11-29,Store_B,Product_B,21.2,0,67
2025-11-29,Store_B,Product_C,19.1,0,52
2025-11-29,Store_C,Product_A,13.8,0,51
2025-11-29,Store_C,Product_B,13.3,0,63
2025-11-29,Store_C,Product_C,16.5,0,34
2025-11-29,Store_D,Product_A,18.5,0,58
2025-11-29,Store_D,Product_B,16.4,0,89
2025-11-29,Store_D,Product_C,17.8,0,42
2025-11-30,Store_A,Product_A,19.2,0,59
2025-11-30,Store_A,Product_B,18.6,0,83
2025-11-30,Store_A,Product_C,19.0,0,41
2025-11-30,Store_B,Product_A,13.8,0,69
2025-11-30,Store_B,Product_B,16.5,0,88
2025-11-30,Store_B,Product_C,18.1,0,53
2025-11-30,Store_C,Product_A,15.5,0,57
2025-11-30,Store_C,Product_B,17.4,0,74
2025-11-30,Store_C,Product_C,17.7,0,37
2025-11-30,Store_D,Product_A,18.0,0,57
2025-11-30,Store_D,Product_B,19.1,0,60
2025-11-30,Store_D,Product_C,12.8,0,38
2025-12-01,Store_A,Product_A,14.0,0,45
2025-12-01,Store_A,Product_B,18.7,0,84
2025-12-01,Store_A,Product_C,19.4,0,38
2025-12-01,Store_B,Product_A,19.6,0,61
2025-12-01,Store_B,Product_B,16.9,0,102
2025-12-01,Store_B,Product_C,19.6,0,51
2025-12-01,Store_C,Product_A,17.1,0,54
2025-12-01,Store_C,Product_B,17.0,0,70
2025-12-01,Store_C,Product_C,19.1,0,42
2025-12-01,Store_D,Product_A,20.0,0,57
2025-12-01,Store_D,Product_B,18.3,0,98
2025-12-01,Store_D,Product_C,18.2,0,46
2025-12-02,Store_A,Product_A,17.3,0,52
2025-12-02,Store_A,Product_B,20.6,0,69
2025-12-02,Store_A,Product_C,15.1,0,34
2025-12-02,Store_B,Product_A,15.1,0,55
2025-12-02,Store_B,Product_B,11.7,0,80
2025-12-02,Store_B,Product_C,12.4,0,42
2025-12-02,Store_C,Product_A,17.8,0,46
2025-12-02,Store_C,Product_B,18.1,0,63
2025-12-02,Store_C,Product_C,16.4,0,33
2025-12-02,Store_D,Product_A,17.8,1,70
2025-12-02,Store_D,Product_B,15.6,0,64
2025-12-02,Store_D,Product_C,17.5,0,36
2025-12-03,Store_A,Product_A,16.9,0,50
2025-12-03,Store_A,Product_B,14.7,1,79
2025-12-03,Store_A,Product_C,14.4,0,40
2025-12-03,Store_B,Product_A,14.3,0,51
2025-12-03,Store_B,Product_B,16.3,1,108
2025-12-03,Store_B,Product_C,15.9,0,37
2025-12-03,Store_C,Product_A,16.0,0,40
2025-12-03,Store_C,Product_B,15.7,0,49
2025-12-03,Store_C,Product_C,14.7,0,32
2025-12-03,Store_D,Product_A,13.7,1,62
2025-12-03,Store_D,Product_B,15.4,1,96
2025-12-03,Store_D,Product_C,13.9,0,39
2025-12-04,Store_A,Product_A,15.1,0,47
2025-12-04,Store_A,Product_B,18.6,0,59
2025-12-04,Store_A,Product_C,15.6,0,40
2025-12-04,Store_B,Product_A,19.6,0,53
2025-12-04,Store_B,Product_B,16.4,0,69
2025-12-04,Store_B,Product_C,17.8,0,37
2025-12-04,Store_C,Product_A,14.7,1,57
2025-12-04,Store_C,Product_B,14.7,0,66
2025-12-04,Store_C,Product_C,13.4,1,37
2025-12-04,Store_D,Product_A,17.6,0,47
2025-12-04,Store_D,Product_B,15.5,0,62
2025-12-04,Store_D,Product_C,17.7,0,41
2025-12-05,Store_A,Product_A,13.1,0,43
2025-12-05,Store_A,Product_B,16.8,0,60
2025-12-05,Store_A,Product_C,14.0,0,34
2025-12-05,Store_B,Product_A,15.8,0,49
2025-12-05,Store_B,Product_B,19.3,0,91
2025-12-05,Store_B,Product_C,16.9,0,38
2025-12-05,Store_C,Product_A,15.5,0,45
2025-12-05,Store_C,Product_B,17.4,0,59
2025-12-05,Store_C,Product_C,20.7,0,29
2025-12-05,Store_D,Product_A,12.0,0,48
2025-12-05,Store_D,Product_B,15.2,0,72
2025-12-05,Store_D,Product_C,15.2,1,45
2025-12-06,Store_A,Product_A,17.2,0,54
2025-12-06,Store_A,Product_B,19.4,0,74
2025-12-06,Store_A,Product_C,21.3,0,45
2025-12-06,Store_B,Product_A,17.7,1,83
2025-12-06,Store_B,Product_B,16.0,0,94
2025-12-06,Store_B,Product_C,15.8,0,46
2025-12-06,Store_C,Product_A,13.9,0,50
2025-12-06,Store_C,Product_B,15.2,1,94
2025-12-06,Store_C,Product_C,17.2,0,36
2025-12-06,Store_D,Product_A,15.0,0,57
2025-12-06,Store_D,Product_B,16.8,0,91
2025-12-06,Store_D,Product_C,14.3,0,45
2025-12-07,Store_A,Product_A,16.0,0,58
2025-12-07,Store_A,Product_B,15.9,0,82
2025-12-07,Store_A,Product_C,17.2,0,36
2025-12-07,Store_B,Product_A,17.2,1,84
2025-12-07,Store_B,Product_B,14.5,0,85
2025-12-07,Store_B,Product_C,16.6,0,47
2025-12-07,Store_C,Product_A,14.8,0,47
2025-12-07,Store_C,Product_B,13.3,0,70
2025-12-07,Store_C,Product_C,16.5,0,43
2025-12-07,Store_D,Product_A,17.6,0,59
2025-12-07,Store_D,Product_B,14.4,0,78
2025-12-07,Store_D,Product_C,13.9,0,48
2025-12-08,Store_A,Product_A,16.3,1,58
2025-12-08,Store_A,Product_B,15.5,0,75
2025-12-08,Store_A,Product_C,13.3,0,40
2025-12-08,Store_B,Product_A,17.5,0,54
2025-12-08,Store_B,Product_B,17.0,1,86
2025-12-08,Store_B,Product_C,16.4,0,45
2025-12-08,Store_C,Product_A,17.5,0,42
2025-12-08,Store_C,Product_B,14.3,0,66
2025-12-08,Store_C,Product_C,18.5,1,41
2025-12-08,Store_D,Product_A,16.5,0,56
2025-12-08,Store_D,Product_B,16.3,1,94
2025-12-08,Store_D,Product_C,15.0,0,41
2025-12-09,Store_A,Product_A,13.5,0,44
2025-12-09,Store_A,Product_B,13.7,0,79
2025-12-09,Store_A,Product_C,16.0,1,46
2025-12-09,Store_B,Product_A,17.2,0,50
2025-12-09,Store_B,Product_B,15.6,0,82
2025-12-09,Store_B,Product_C,15.4,0,45
2025-12-09,Store_C,Product_A,13.8,0,42
2025-12-09,Store_C,Product_B,13.2,0,58
2025-12-09,Store_C,Product_C,18.8,1,39
2025-12-09,Store_D,Product_A,16.5,1,65
2025-12-09,Store_D,Product_B,18.1,0,71
2025-12-09,Store_D,Product_C,18.5,0,36
2025-12-10,Store_A,Product_A,15.2,0,46
2025-12-10,Store_A,Product_B,16.6,0,79
2025-12-10,Store_A,Product_C,15.6,1,40
2025-12-10,Store_B,Product_A,16.9,1,71
2025-12-10,Store_B,Product_B,14.1,0,77
2025-12-10,Store_B,Product_C,15.0,1,54
2025-12-10,Store_C,Product_A,19.2,0,44
2025-12-10,Store_C,Product_B,16.6,1,71
2025-12-10,Store_C,Product_C,16.9,0,35
2025-12-10,Store_D,Product_A,16.6,0,50
2025-12-10,Store_D,Product_B,16.8,0,86
2025-12-10,Store_D,Product_C,17.4,1,48
2025-12-11,Store_A,Product_A,15.6,0,52
2025-12-11,Store_A,Product_B,12.6,0,69
2025-12-11,Store_A,Product_C,17.4,1,44
2025-12-11,Store_B,Product_A,14.7,0,54
2025-12-11,Store_B,Product_B,18.2,0,84
2025-12-11,Store_B,Product_C,14.2,0,39
2025-12-11,Store_C,Product_A,17.2,0,41
2025-12-11,Store_C,Product_B,19.1,0,59
2025-12-11,Store_C,Product_C,16.8,0,35
2025-12-11,Store_D,Product_A,16.0,0,55
2025-12-11,Store_D,Product_B,13.2,0,71
2025-12-11,Store_D,Product_C,15.3,0,44
2025-12-12,Store_A,Product_A,15.0,1,53
2025-12-12,Store_A,Product_B,15.3,1,87
2025-12-12,Store_A,Product_C,13.8,1,43
2025-12-12,Store_B,Product_A,16.5,0,59
2025-12-12,Store_B,Product_B,16.4,0,74
2025-12-12,Store_B,Product_C,20.7,0,42
2025-12-12,Store_C,Product_A,16.3,0,44
2025-12-12,Store_C,Product_B,15.5,0,52
2025-12-12,Store_C,Product_C,18.2,1,40
2025-12-12,Store_D,Product_A,18.4,0,59
2025-12-12,Store_D,Product_B,18.4,0,78
2025-12-12,Store_D,Product_C,15.0,0,41
2025-12-13,Store_A,Product_A,16.6,1,75
2025-12-13,Store_A,Product_B,15.7,0,72
2025-12-13,Store_A,Product_C,16.9,1,55
2025-12-13,Store_B,Product_A,16.2,0,59
2025-12-13,Store_B,Product_B,14.5,0,94
2025-12-13,Store_B,Product_C,11.6,1,57
2025-12-13,Store_C,Product_A,16.6,0,55
2025-12-13,Store_C,Product_B,16.6,0,69
2025-12-13,Store_C,Product_C,15.1,0,38
2025-12-13,Store_D,Product_A,17.7,0,61
2025-12-13,Store_D,Product_B,16.9,0,73
2025-12-13,Store_D,Product_C,19.8,0,53
2025-12-14,Store_A,Product_A,16.4,0,54
2025-12-14,Store_A,Product_B,16.1,0,77
2025-12-14,Store_A,Product_C,16.1,0,41
2025-12-14,Store_B,Product_A,16.2,0,63
2025-12-14,Store_B,Product_B,14.8,0,99
2025-12-14,Store_B,Product_C,16.2,0,50
2025-12-14,Store_C,Product_A,13.1,1,69
2025-12-14,Store_C,Product_B,13.9,0,62
2025-12-14,Store_C,Product_C,14.7,1,50
2025-12-14,Store_D,Product_A,18.5,0,60
2025-12-14,Store_D,Product_B,16.3,0,96
2025-12-14,Store_D,Product_C,16.7,0,45
2025-12-15,Store_A,Product_A,15.5,0,59
2025-12-15,Store_A,Product_B,13.5,0,93
2025-12-15,Store_A,Product_C,16.0,0,39
2025-12-15,Store_B,Product_A,15.9,0,57
2025-12-15,Store_B,Product_B,15.3,0,105
2025-12-15,Store_B,Product_C,12.8,0,51
2025-12-15,Store_C,Product_A,15.5,0,61
2025-12-15,Store_C,Product_B,15.4,0,85
2025-12-15,Store_C,Product_C,18.3,0,39
2025-12-15,Store_D,Product_A,14.7,1,79
2025-12-15,Store_D,Product_B,16.9,0,98
2025-12-15,Store_D,Product_C,17.2,1,53
2025-12-16,Store_A,Product_A,15.8,0,49
2025-12-16,Store_A,Product_B,14.2,0,74
2025-12-16,Store_A,Product_C,17.2,1,43
2025-12-16,Store_B,Product_A,16.7,0,59
2025-12-16,Store_B,Product_B,17.8,0,83
2025-12-16,Store_B,Product_C,17.6,1,52
2025-12-16,Store_C,Product_A,18.1,0,43
2025-12-16,Store_C,Product_B,16.2,0,61
2025-12-16,Store_C,Product_C,15.2,0,31
2025-12-16,Store_D,Product_A,14.3,1,67
2025-12-16,Store_D,Product_B,17.6,0,80
2025-12-16,Store_D,Product_C,17.4,0,41
2025-12-17,Store_A,Product_A,15.9,1,54
2025-12-17,Store_A,Product_B,10.9,0,68
2025-12-17,Store_A,Product_C,15.5,0,36
2025-12-17,Store_B,Product_A,12.1,0,58
2025-12-17,Store_B,Product_B,13.1,0,76
2025-12-17,Store_B,Product_C,17.6,0,45
2025-12-17,Store_C,Product_A,16.8,0,45
2025-12-17,Store_C,Product_B,17.6,1,70
2025-12-17,Store_C,Product_C,13.4,1,39
2025-12-17,Store_D,Product_A,17.3,0,48
2025-12-17,Store_D,Product_B,15.9,0,74
2025-12-17,Store_D,Product_C,16.8,0,39
2025-12-18,Store_A,Product_A,12.2,0,50
2025-12-18,Store_A,Product_B,16.2,0,70
2025-12-18,Store_A,Product_C,13.5,1,46
2025-12-18,Store_B,Product_A,18.1,0,57
2025-12-18,Store_B,Product_B,12.0,0,74
2025-12-18,Store_B,Product_C,15.6,0,49
2025-12-18,Store_C,Product_A,17.6,0,41
2025-12-18,Store_C,Product_B,17.8,0,64
2025-12-18,Store_C,Product_C,16.6,0,38
2025-12-18,Store_D,Product_A,15.2,1,60
2025-12-18,Store_D,Product_B,17.2,0,83
2025-12-18,Store_D,Product_C,15.8,0,42
2025-12-19,Store_A,Product_A,15.3,0,50
2025-12-19,Store_A,Product_B,14.5,0,73
2025-12-19,Store_A,Product_C,15.0,0,33
2025-12-19,Store_B,Product_A,15.6,1,69
2025-12-19,Store_B,Product_B,14.2,1,113
2025-12-19,Store_B,Product_C,14.8,0,41
2025-12-19,Store_C,Product_A,16.6,0,43
2025-12-19,Store_C,Product_B,13.0,0,64
2025-12-19,Store_C,Product_C,12.9,0,38
2025-12-19,Store_D,Product_A,14.8,0,55
2025-12-19,Store_D,Product_B,15.4,0,76
2025-12-19,Store_D,Product_C,14.4,0,40
2025-12-20,Store_A,Product_A,12.5,0,59
2025-12-20,Store_A,Product_B,16.5,0,88
2025-12-20,Store_A,Product_C,15.2,0,46
2025-12-20,Store_B,Product_A,16.4,0,66
2025-12-20,Store_B,Product_B,15.2,0,93
2025-12-20,Store_B,Product_C,14.7,0,48
2025-12-20,Store_C,Product_A,14.3,0,50
2025-12-20,Store_C,Product_B,15.7,0,73
2025-12-20,Store_C,Product_C,12.9,0,41
2025-12-20,Store_D,Product_A,18.7,0,58
2025-12-20,Store_D,Product_B,16.3,0,96
2025-12-20,Store_D,Product_C,17.0,1,61
2025-12-21,Store_A,Product_A,16.4,0,53
2025-12-21,Store_A,Product_B,19.9,0,84
2025-12-21,Store_A,Product_C,14.0,0,40
2025-12-21,Store_B,Product_A,14.3,0,62
2025-12-21,Store_B,Product_B,19.1,0,92
2025-12-21,Store_B,Product_C,12.9,1,61
2025-12-21,Store_C,Product_A,13.3,0,51
2025-12-21,Store_C,Product_B,17.3,0,62
2025-12-21,Store_C,Product_C,17.8,0,41
2025-12-21,Store_D,Product_A,14.6,0,59
2025-12-21,Store_D,Product_B,17.5,0,98
2025-12-21,Store_D,Product_C,15.7,0,47
2025-12-22,Store_A,Product_A,17.1,1,60
2025-12-22,Store_A,Product_B,14.7,0,76
2025-12-22,Store_A,Product_C,18.5,1,43
2025-12-22,Store_B,Product_A,16.7,0,62
2025-12-22,Store_B,Product_B,15.9,1,90
2025-12-22,Store_B,Product_C,17.4,0,38
2025-12-22,Store_C,Product_A,15.4,1,50
2025-12-22,Store_C,Product_B,16.2,0,67
2025-12-22,Store_C,Product_C,17.5,0,32
2025-12-22,Store_D,Product_A,18.1,1,63
2025-12-22,Store_D,Product_B,18.4,0,82
2025-12-22,Store_D,Product_C,19.4,0,42
2025-12-23,Store_A,Product_A,16.5,0,48
2025-12-23,Store_A,Product_B,15.9,0,66
2025-12-23,Store_A,Product_C,18.9,0,43
2025-12-23,Store_B,Product_A,16.6,0,55
2025-12-23,Store_B,Product_B,17.5,0,86
2025-12-23,Store_B,Product_C,17.8,0,46
2025-12-23,Store_C,Product_A,13.6,0,41
2025-12-23,Store_C,Product_B,15.5,0,67
2025-12-23,Store_C,Product_C,16.5,0,36
2025-12-23,Store_D,Product_A,16.0,0,50
2025-12-23,Store_D,Product_B,14.1,0,76
2025-12-23,Store_D,Product_C,17.9,1,53
2025-12-24,Store_A,Product_A,15.0,0,52
2025-12-24,Store_A,Product_B,12.2,0,68
2025-12-24,Store_A,Product_C,11.8,0,39
2025-12-24,Store_B,Product_A,17.8,1,62
2025-12-24,Store_B,Product_B,14.9,0,93
2025-12-24,Store_B,Product_C,14.9,0,48
2025-12-24,Store_C,Product_A,18.6,0,44
2025-12-24,Store_C,Product_B,16.3,0,68
2025-12-24,Store_C,Product_C,12.4,0,32
2025-12-24,Store_D,Product_A,15.6,0,52
2025-12-24,Store_D,Product_B,13.8,0,79
2025-12-24,Store_D,Product_C,16.1,0,38
2025-12-25,Store_A,Product_A,15.4,0,54
2025-12-25,Store_A,Product_B,12.1,1,104
2025-12-25,Store_A,Product_C,21.1,1,64
2025-12-25,Store_B,Product_A,18.4,0,60
2025-12-25,Store_B,Product_B,14.4,0,104
2025-12-25,Store_B,Product_C,14.8,0,59
2025-12-25,Store_C,Product_A,15.7,0,56
2025-12-25,Store_C,Product_B,17.7,0,81
2025-12-25,Store_C,Product_C,15.4,1,50
2025-12-25,Store_D,Product_A,17.3,0,76
2025-12-25,Store_D,Product_B,19.0,0,84
2025-12-25,Store_D,Product_C,15.4,0,46
2025-12-26,Store_A,Product_A,11.8,0,54
2025-12-26,Store_A,Product_B,16.0,0,74
2025-12-26,Store_A,Product_C,14.0,0,39
2025-12-26,Store_B,Product_A,15.2,1,59
2025-12-26,Store_B,Product_B,16.9,0,75
2025-12-26,Store_B,Product_C,15.5,0,38
2025-12-26,Store_C,Product_A,12.3,1,57
2025-12-26,Store_C,Product_B,13.4,0,69
2025-12-26,Store_C,Product_C,17.7,0,36
2025-12-26,Store_D,Product_A,12.6,0,49
2025-12-26,Store_D,Product_B,17.3,0,68
2025-12-26,Store_D,Product_C,16.3,0,39
2025-12-27,Store_A,Product_A,16.8,0,61
2025-12-27,Store_A,Product_B,18.7,0,88
2025-12-27,Store_A,Product_C,13.8,0,46
2025-12-27,Store_B,Product_A,14.3,0,74
2025-12-27,Store_B,Product_B,16.8,0,86
2025-12-27,Store_B,Product_C,14.0,1,63
2025-12-27,Store_C,Product_A,16.0,0,49
2025-12-27,Store_C,Product_B,16.2,0,76
2025-12-27,Store_C,Product_C,16.9,0,47
2025-12-27,Store_D,Product_A,15.9,0,72
2025-12-27,Store_D,Product_B,13.9,0,107
2025-12-27,Store_D,Product_C,17.4,0,43
2025-12-28,Store_A,Product_A,17.9,0,46
2025-12-28,Store_A,Product_B,16.9,0,88
2025-12-28,Store_A,Product_C,16.5,1,57
2025-12-28,Store_B,Product_A,10.9,0,59
2025-12-28,Store_B,Product_B,18.2,1,132
2025-12-28,Store_B,Product_C,17.1,0,58
2025-12-28,Store_C,Product_A,14.3,0,58
2025-12-28,Store_C,Product_B,12.8,0,77
2025-12-28,Store_C,Product_C,16.1,0,36
2025-12-28,Store_D,Product_A,16.1,0,61
2025-12-28,Store_D,Product_B,17.6,0,96
2025-12-28,Store_D,Product_C,16.4,0,47
2025-12-29,Store_A,Product_A,13.8,0,48
2025-12-29,Store_A,Product_B,15.4,0,62
2025-12-29,Store_A,Product_C,12.4,1,52
2025-12-29,Store_B,Product_A,10.6,0,57
2025-12-29,Store_B,Product_B,19.3,0,94
2025-12-29,Store_B,Product_C,16.7,1,57
2025-12-29,Store_C,Product_A,15.8,0,44
2025-12-29,Store_C,Product_B,14.8,0,76
2025-12-29,Store_C,Product_C,13.5,0,34
2025-12-29,Store_D,Product_A,15.1,0,52
2025-12-29,Store_D,Product_B,15.5,0,78
2025-12-29,Store_D,Product_C,16.1,1,56
2025-12-30,Store_A,Product_A,17.2,0,51
2025-12-30,Store_A,Product_B,18.2,1,82
2025-12-30,Store_A,Product_C,16.5,0,43
2025-12-30,Store_B,Product_A,14.7,0,57
2025-12-30,Store_B,Product_B,14.8,1,91
2025-12-30,Store_B,Product_C,15.2,0,42
2025-12-30,Store_C,Product_A,14.2,0,41
2025-12-30,Store_C,Product_B,15.9,0,69
2025-12-30,Store_C,Product_C,13.4,0,35
2025-12-30,Store_D,Product_A,14.8,0,53
2025-12-30,Store_D,Product_B,15.2,0,87
2025-12-30,Store_D,Product_C,13.9,0,41
