Date,Product,Category,Units_Sold,Unit_Price,Discount,Sales
2024-01-01,Laptop,Electronics,7,64775.32,0.05,430755.88
2024-01-01,Smartphone,Electronics,11,35279.04,0.0,388069.44
2024-01-01,Headphones,Accessories,29,2547.96,0.0,73890.84
2024-01-01,Monitor,Electronics,9,14803.06,0.0,133227.54
2024-01-01,Keyboard,Accessories,23,1713.9,0.0,39419.7
2024-01-02,Laptop,Electronics,8,62523.7,0.0,500189.6
2024-01-02,Smartphone,Electronics,11,33764.23,0.05,352836.2
2024-01-02,Headphones,Accessories,24,2537.36,0.05,57851.81
2024-01-02,Monitor,Electronics,9,15041.6,0.05,128605.68
2024-01-02,Keyboard,Accessories,21,1842.63,0.0,38695.23
2024-01-03,Laptop,Electronics,7,68009.95,0.0,476069.65
2024-01-03,Smartphone,Electronics,11,34995.16,0.1,346452.08
2024-01-03,Headphones,Accessories,27,2423.7,0.0,65439.9
2024-01-03,Monitor,Electronics,13,15447.61,0.0,200818.93
2024-01-03,Keyboard,Accessories,24,1807.71,0.0,43385.04
2024-01-04,Laptop,Electronics,6,62427.15,0.0,374562.9
2024-01-04,Smartphone,Electronics,12,35924.98,0.0,431099.76
2024-01-04,Headphones,Accessories,22,2508.4,0.1,49666.32
2024-01-04,Monitor,Electronics,9,15229.38,0.0,137064.42
2024-01-04,Keyboard,Accessories,23,1839.95,0.05,40202.91
2024-01-05,Laptop,Electronics,6,64497.53,0.1,348286.66
2024-01-05,Smartphone,Electronics,10,35962.19,0.0,359621.9
2024-01-05,Headphones,Accessories,22,2425.24,0.05,50687.52
2024-01-05,Monitor,Electronics,11,15111.21,0.05,157912.14
2024-01-05,Keyboard,Accessories,23,1770.97,0.1,36659.08
2024-01-06,Laptop,Electronics,9,65549.54,0.05,560448.57
2024-01-06,Smartphone,Electronics,10,35719.16,0.0,357191.6
2024-01-06,Headphones,Accessories,23,2565.16,0.05,56048.75
2024-01-06,Monitor,Electronics,11,15133.92,0.0,166473.12
2024-01-06,Keyboard,Accessories,22,1833.47,0.0,40336.34
2024-01-07,Laptop,Electronics,7,64184.64,0.1,404363.23
2024-01-07,Smartphone,Electronics,14,36013.41,0.1,453768.97
2024-01-07,Headphones,Accessories,26,2532.08,0.1,59250.67
2024-01-07,Monitor,Electronics,12,15065.83,0.1,162710.96
2024-01-07,Keyboard,Accessories,22,1785.26,0.0,39275.72
2024-01-08,Laptop,Electronics,8,64525.58,0.1,464584.18
2024-01-08,Smartphone,Electronics,12,34794.74,0.0,417536.88
2024-01-08,Headphones,Accessories,24,2481.93,0.0,59566.32
2024-01-08,Monitor,Electronics,10,15151.52,0.05,143939.44
2024-01-08,Keyboard,Accessories,20,1863.18,0.15,31674.06
2024-01-09,Laptop,Electronics,6,64956.91,0.0,389741.46
2024-01-09,Smartphone,Electronics,12,34621.47,0.05,394684.76
2024-01-09,Headphones,Accessories,25,2518.85,0.0,62971.25
2024-01-09,Monitor,Electronics,11,14997.23,0.0,164969.53
2024-01-09,Keyboard,Accessories,25,1833.84,0.0,45846.0
2024-01-10,Laptop,Electronics,7,67249.03,0.05,447206.05
2024-01-10,Smartphone,Electronics,13,36916.65,0.0,479916.45
2024-01-10,Headphones,Accessories,24,2557.7,0.0,61384.8
2024-01-10,Monitor,Electronics,10,14811.2,0.05,140706.4
2024-01-10,Keyboard,Accessories,23,1783.55,0.0,41021.65
2024-01-11,Laptop,Electronics,6,65769.59,0.05,374886.66
2024-01-11,Smartphone,Electronics,13,34859.18,0.0,453169.34
2024-01-11,Headphones,Accessories,24,2479.87,0.1,53565.19
2024-01-11,Monitor,Electronics,10,15208.55,0.05,144481.22
2024-01-11,Keyboard,Accessories,23,1858.82,0.05,40615.22
2024-01-12,Laptop,Electronics,7,64665.47,0.1,407392.46
2024-01-12,Smartphone,Electronics,13,35684.1,0.0,463893.3
2024-01-12,Headphones,Accessories,29,2445.8,0.1,63835.38
2024-01-12,Monitor,Electronics,11,15129.92,0.05,158107.66
2024-01-12,Keyboard,Accessories,23,1838.13,0.0,42276.99
2024-01-13,Laptop,Electronics,8,63839.18,0.0,510713.44
2024-01-13,Smartphone,Electronics,14,33935.25,0.05,451338.82
2024-01-13,Headphones,Accessories,24,2541.03,0.05,57935.48
2024-01-13,Monitor,Electronics,10,14576.09,0.05,138472.85
2024-01-13,Keyboard,Accessories,27,1818.58,0.05,46646.58
2024-01-14,Laptop,Electronics,7,65237.03,0.0,456659.21
2024-01-14,Smartphone,Electronics,12,34286.17,0.15,349718.93
2024-01-14,Headphones,Accessories,30,2485.03,0.05,70823.36
2024-01-14,Monitor,Electronics,11,15545.08,0.05,162446.09
2024-01-14,Keyboard,Accessories,21,1798.45,0.05,35879.08
2024-01-15,Laptop,Electronics,6,65784.02,0.1,355233.71
2024-01-15,Smartphone,Electronics,12,35647.8,0.15,363607.56
2024-01-15,Headphones,Accessories,24,2405.32,0.1,51954.91
2024-01-15,Monitor,Electronics,9,14807.64,0.05,126605.32
2024-01-15,Keyboard,Accessories,23,1817.34,0.05,39708.88
2024-01-16,Laptop,Electronics,7,63685.48,0.15,378928.61
2024-01-16,Smartphone,Electronics,13,33999.9,0.1,397798.83
2024-01-16,Headphones,Accessories,28,2566.64,0.05,68272.62
2024-01-16,Monitor,Electronics,9,14648.32,0.1,118651.39
2024-01-16,Keyboard,Accessories,23,1811.57,0.1,37499.5
2024-01-17,Laptop,Electronics,8,71260.69,0.1,513076.97
2024-01-17,Smartphone,Electronics,14,35864.68,0.1,451894.97
2024-01-17,Headphones,Accessories,25,2547.44,0.0,63686.0
2024-01-17,Monitor,Electronics,11,14679.03,0.0,161469.33
2024-01-17,Keyboard,Accessories,28,1715.97,0.0,48047.16
2024-01-18,Laptop,Electronics,7,65130.32,0.0,455912.24
2024-01-18,Smartphone,Electronics,12,35952.83,0.0,431433.96
2024-01-18,Headphones,Accessories,30,2508.03,0.0,75240.9
2024-01-18,Monitor,Electronics,10,15081.17,0.0,150811.7
2024-01-18,Keyboard,Accessories,28,1882.95,0.05,50086.47
2024-01-19,Laptop,Electronics,6,65302.99,0.1,352636.15
2024-01-19,Smartphone,Electronics,12,33539.51,0.0,402474.12
2024-01-19,Headphones,Accessories,27,2554.11,0.0,68960.97
2024-01-19,Monitor,Electronics,10,14880.81,0.0,148808.1
2024-01-19,Keyboard,Accessories,27,1818.22,0.05,46637.34
2024-01-20,Laptop,Electronics,8,67683.45,0.05,514394.22
2024-01-20,Smartphone,Electronics,11,34576.3,0.0,380339.3
2024-01-20,Headphones,Accessories,28,2617.0,0.0,73276.0
2024-01-20,Monitor,Electronics,8,14615.85,0.0,116926.8
2024-01-20,Keyboard,Accessories,20,1741.49,0.05,33088.31
2024-01-21,Laptop,Electronics,8,65212.45,0.0,521699.6
2024-01-21,Smartphone,Electronics,14,37054.5,0.1,466886.7
2024-01-21,Headphones,Accessories,26,2528.88,0.0,65750.88
2024-01-21,Monitor,Electronics,11,15022.84,0.05,156988.68
2024-01-21,Keyboard,Accessories,25,1829.8,0.0,45745.0
2024-01-22,Laptop,Electronics,7,68430.89,0.05,455065.42
2024-01-22,Smartphone,Electronics,12,35514.78,0.15,362250.76
2024-01-22,Headphones,Accessories,25,2512.97,0.0,62824.25
2024-01-22,Monitor,Electronics,10,15318.6,0.0,153186.0
2024-01-22,Keyboard,Accessories,25,1865.36,0.1,41970.6
2024-01-23,Laptop,Electronics,8,66023.15,0.0,528185.2
2024-01-23,Smartphone,Electronics,13,34378.64,0.1,402230.09
2024-01-23,Headphones,Accessories,26,2507.33,0.0,65190.58
2024-01-23,Monitor,Electronics,10,15435.73,0.1,138921.57
2024-01-23,Keyboard,Accessories,23,1849.44,0.1,38283.41
2024-01-24,Laptop,Electronics,7,65425.14,0.1,412178.38
2024-01-24,Smartphone,Electronics,14,35018.38,0.0,490257.32
2024-01-24,Headphones,Accessories,26,2553.37,0.0,66387.62
2024-01-24,Monitor,Electronics,11,14951.2,0.15,139793.72
2024-01-24,Keyboard,Accessories,28,1847.94,0.0,51742.32
2024-01-25,Laptop,Electronics,7,63026.94,0.05,419129.15
2024-01-25,Smartphone,Electronics,14,35583.67,0.1,448354.24
2024-01-25,Headphones,Accessories,26,2443.92,0.0,63541.92
2024-01-25,Monitor,Electronics,8,15663.91,0.1,112780.15
2024-01-25,Keyboard,Accessories,21,1785.54,0.0,37496.34
2024-01-26,Laptop,Electronics,8,67206.56,0.0,537652.48
2024-01-26,Smartphone,Electronics,13,34556.42,0.0,449233.46
2024-01-26,Headphones,Accessories,28,2554.53,0.0,71526.84
2024-01-26,Monitor,Electronics,9,14472.2,0.1,117224.82
2024-01-26,Keyboard,Accessories,22,1861.21,0.0,40946.62
2024-01-27,Laptop,Electronics,8,67397.45,0.0,539179.6
2024-01-27,Smartphone,Electronics,13,34996.01,0.05,432200.72
2024-01-27,Headphones,Accessories,30,2448.3,0.05,69776.55
2024-01-27,Monitor,Electronics,12,15033.33,0.0,180399.96
2024-01-27,Keyboard,Accessories,27,1781.95,0.0,48112.65
2024-01-28,Laptop,Electronics,8,66598.19,0.15,452867.69
2024-01-28,Smartphone,Electronics,14,34323.62,0.15,408451.08
2024-01-28,Headphones,Accessories,35,2525.39,0.05,83969.22
2024-01-28,Monitor,Electronics,14,14712.24,0.05,195672.79
2024-01-28,Keyboard,Accessories,25,1843.93,0.05,43793.34
2024-01-29,Laptop,Electronics,7,64025.99,0.05,425772.83
2024-01-29,Smartphone,Electronics,14,33416.14,0.0,467825.96
2024-01-29,Headphones,Accessories,28,2617.26,0.0,73283.28
2024-01-29,Monitor,Electronics,11,15363.95,0.0,169003.45
2024-01-29,Keyboard,Accessories,20,1882.42,0.1,33883.56
2024-01-30,Laptop,Electronics,7,64541.39,0.1,406610.76
2024-01-30,Smartphone,Electronics,11,36184.64,0.15,338326.38
2024-01-30,Headphones,Accessories,27,2517.42,0.05,64571.82
2024-01-30,Monitor,Electronics,9,14775.23,0.0,132977.07
2024-01-30,Keyboard,Accessories,24,1813.61,0.15,36997.64
2024-01-31,Laptop,Electronics,7,65076.34,0.1,409980.94
2024-01-31,Smartphone,Electronics,12,33600.77,0.0,403209.24
2024-01-31,Headphones,Accessories,27,2532.15,0.0,68368.05
2024-01-31,Monitor,Electronics,12,15578.01,0.0,186936.12
2024-01-31,Keyboard,Accessories,24,1766.32,0.05,40272.1
2024-02-01,Laptop,Electronics,8,67520.8,0.1,486149.76
2024-02-01,Smartphone,Electronics,16,36535.92,0.1,526117.25
2024-02-01,Headphones,Accessories,24,2483.18,0.0,59596.32
2024-02-01,Monitor,Electronics,11,15513.24,0.05,162113.36
2024-02-01,Keyboard,Accessories,23,1784.6,0.0,41045.8
2024-02-02,Laptop,Electronics,8,62142.05,0.0,497136.4
2024-02-02,Smartphone,Electronics,14,34880.06,0.0,488320.84
2024-02-02,Headphones,Accessories,31,2504.63,0.0,77643.53
2024-02-02,Monitor,Electronics,12,15124.01,0.1,163339.31
2024-02-02,Keyboard,Accessories,20,1797.5,0.05,34152.5
2024-02-03,Laptop,Electronics,8,65655.07,0.0,525240.56
2024-02-03,Smartphone,Electronics,12,35585.96,0.0,427031.52
2024-02-03,Headphones,Accessories,26,2530.48,0.0,65792.48
2024-02-03,Monitor,Electronics,12,15358.18,0.05,175083.25
2024-02-03,Keyboard,Accessories,24,1778.59,0.0,42686.16
2024-02-04,Laptop,Electronics,8,63711.58,0.0,509692.64
2024-02-04,Smartphone,Electronics,12,34832.41,0.0,417988.92
2024-02-04,Headphones,Accessories,35,2502.2,0.0,87577.0
2024-02-04,Monitor,Electronics,12,15451.74,0.0,185420.88
2024-02-04,Keyboard,Accessories,25,1790.06,0.1,40276.35
2024-02-05,Laptop,Electronics,7,65941.69,0.0,461591.83
2024-02-05,Smartphone,Electronics,13,32985.82,0.05,407374.88
2024-02-05,Headphones,Accessories,25,2362.99,0.05,56121.01
2024-02-05,Monitor,Electronics,11,15116.72,0.05,157969.72
2024-02-05,Keyboard,Accessories,21,1803.58,0.0,37875.18
2024-02-06,Laptop,Electronics,6,65330.63,0.0,391983.78
2024-02-06,Smartphone,Electronics,13,34958.18,0.0,454456.34
2024-02-06,Headphones,Accessories,25,2432.4,0.0,60810.0
2024-02-06,Monitor,Electronics,11,15341.46,0.05,160318.26
2024-02-06,Keyboard,Accessories,24,1866.6,0.0,44798.4
2024-02-07,Laptop,Electronics,9,66648.62,0.05,569845.7
2024-02-07,Smartphone,Electronics,12,34833.45,0.0,418001.4
2024-02-07,Headphones,Accessories,31,2418.15,0.05,71214.52
2024-02-07,Monitor,Electronics,9,15211.11,0.0,136899.99
2024-02-07,Keyboard,Accessories,23,1771.83,0.0,40752.09
2024-02-08,Laptop,Electronics,7,63596.01,0.0,445172.07
2024-02-08,Smartphone,Electronics,10,35599.06,0.15,302592.01
2024-02-08,Headphones,Accessories,26,2443.28,0.15,53996.49
2024-02-08,Monitor,Electronics,11,15102.59,0.0,166128.49
2024-02-08,Keyboard,Accessories,25,1756.01,0.1,39510.22
2024-02-09,Laptop,Electronics,9,67631.87,0.0,608686.83
2024-02-09,Smartphone,Electronics,12,35499.27,0.0,425991.24
2024-02-09,Headphones,Accessories,28,2328.69,0.0,65203.32
2024-02-09,Monitor,Electronics,11,14660.88,0.0,161269.68
2024-02-09,Keyboard,Accessories,21,1812.05,0.05,36150.4
2024-02-10,Laptop,Electronics,8,65077.02,0.0,520616.16
2024-02-10,Smartphone,Electronics,13,35665.22,0.05,440465.47
2024-02-10,Headphones,Accessories,31,2590.1,0.05,76278.44
2024-02-10,Monitor,Electronics,10,14612.76,0.1,131514.84
2024-02-10,Keyboard,Accessories,27,1772.82,0.1,43079.53
2024-02-11,Laptop,Electronics,9,67567.72,0.1,547298.53
2024-02-11,Smartphone,Electronics,15,34639.61,0.0,519594.15
2024-02-11,Headphones,Accessories,29,2480.06,0.1,64729.57
2024-02-11,Monitor,Electronics,12,15778.28,0.0,189339.36
2024-02-11,Keyboard,Accessories,25,1842.64,0.1,41459.4
2024-02-12,Laptop,Electronics,6,63361.86,0.05,361162.6
2024-02-12,Smartphone,Electronics,14,34261.9,0.05,455683.27
2024-02-12,Headphones,Accessories,28,2486.31,0.0,69616.68
2024-02-12,Monitor,Electronics,12,15035.86,0.05,171408.8
2024-02-12,Keyboard,Accessories,20,1851.47,0.0,37029.4
2024-02-13,Laptop,Electronics,8,67026.91,0.05,509404.52
2024-02-13,Smartphone,Electronics,13,35217.19,0.0,457823.47
2024-02-13,Headphones,Accessories,24,2448.94,0.05,55835.83
2024-02-13,Monitor,Electronics,11,14820.88,0.1,146726.71
2024-02-13,Keyboard,Accessories,23,1837.31,0.1,38032.32
2024-02-14,Laptop,Electronics,7,63409.51,0.1,399479.91
2024-02-14,Smartphone,Electronics,13,34516.43,0.05,426277.91
2024-02-14,Headphones,Accessories,30,2584.73,0.05,73664.8
2024-02-14,Monitor,Electronics,9,15105.36,0.0,135948.24
2024-02-14,Keyboard,Accessories,20,1867.32,0.05,35479.08
2024-02-15,Laptop,Electronics,8,69295.8,0.05,526648.08
2024-02-15,Smartphone,Electronics,13,35635.05,0.05,440092.87
2024-02-15,Headphones,Accessories,28,2527.63,0.0,70773.64
2024-02-15,Monitor,Electronics,13,15504.53,0.0,201558.89
2024-02-15,Keyboard,Accessories,25,1804.5,0.1,40601.25
2024-02-16,Laptop,Electronics,7,64795.6,0.15,385533.82
2024-02-16,Smartphone,Electronics,17,35458.46,0.0,602793.82
2024-02-16,Headphones,Accessories,27,2473.32,0.1,60101.68
2024-02-16,Monitor,Electronics,12,14129.72,0.1,152600.98
2024-02-16,Keyboard,Accessories,21,1741.72,0.05,34747.31
2024-02-17,Laptop,Electronics,7,64576.31,0.05,429432.46
2024-02-17,Smartphone,Electronics,14,34761.37,0.05,462326.22
2024-02-17,Headphones,Accessories,32,2490.17,0.0,79685.44
2024-02-17,Monitor,Electronics,14,15422.46,0.0,215914.44
2024-02-17,Keyboard,Accessories,23,1823.25,0.15,35644.54
2024-02-18,Laptop,Electronics,8,63201.9,0.0,505615.2
2024-02-18,Smartphone,Electronics,14,35138.47,0.05,467341.65
2024-02-18,Headphones,Accessories,30,2498.49,0.0,74954.7
2024-02-18,Monitor,Electronics,12,15058.14,0.0,180697.68
2024-02-18,Keyboard,Accessories,26,1775.55,0.05,43856.08
2024-02-19,Laptop,Electronics,9,60678.55,0.0,546106.95
2024-02-19,Smartphone,Electronics,15,33185.78,0.0,497786.7
2024-02-19,Headphones,Accessories,28,2484.07,0.1,62598.56
2024-02-19,Monitor,Electronics,9,14708.32,0.05,125756.14
2024-02-19,Keyboard,Accessories,23,1796.87,0.0,41328.01
2024-02-20,Laptop,Electronics,8,67066.28,0.0,536530.24
2024-02-20,Smartphone,Electronics,12,34362.72,0.05,391735.01
2024-02-20,Headphones,Accessories,26,2530.59,0.05,62505.57
2024-02-20,Monitor,Electronics,11,14914.04,0.0,164054.44
2024-02-20,Keyboard,Accessories,26,1819.99,0.1,42587.77
2024-02-21,Laptop,Electronics,9,63363.48,0.0,570271.32
2024-02-21,Smartphone,Electronics,14,34729.15,0.0,486208.1
2024-02-21,Headphones,Accessories,23,2610.29,0.1,54033.0
2024-02-21,Monitor,Electronics,10,15393.38,0.0,153933.8
2024-02-21,Keyboard,Accessories,28,1721.11,0.0,48191.08
2024-02-22,Laptop,Electronics,7,67851.54,0.05,451212.74
2024-02-22,Smartphone,Electronics,11,34523.19,0.1,341779.58
2024-02-22,Headphones,Accessories,26,2524.95,0.1,59083.83
2024-02-22,Monitor,Electronics,12,14988.39,0.1,161874.61
2024-02-22,Keyboard,Accessories,24,1797.44,0.0,43138.56
2024-02-23,Laptop,Electronics,9,66092.42,0.0,594831.78
2024-02-23,Smartphone,Electronics,14,34839.01,0.15,414584.22
2024-02-23,Headphones,Accessories,24,2506.3,0.0,60151.2
2024-02-23,Monitor,Electronics,11,14633.11,0.0,160964.21
2024-02-23,Keyboard,Accessories,29,1832.29,0.1,47822.77
2024-02-24,Laptop,Electronics,9,66596.87,0.05,569403.24
2024-02-24,Smartphone,Electronics,13,35446.51,0.1,414724.17
2024-02-24,Headphones,Accessories,25,2420.03,0.05,57475.71
2024-02-24,Monitor,Electronics,12,15074.46,0.05,171848.84
2024-02-24,Keyboard,Accessories,25,1736.7,0.0,43417.5
2024-02-25,Laptop,Electronics,10,63563.86,0.0,635638.6
2024-02-25,Smartphone,Electronics,13,37303.33,0.05,460696.13
2024-02-25,Headphones,Accessories,30,2511.19,0.0,75335.7
2024-02-25,Monitor,Electronics,11,15045.75,0.05,157228.09
2024-02-25,Keyboard,Accessories,22,1844.42,0.1,36519.52
2024-02-26,Laptop,Electronics,8,67877.55,0.05,515869.38
2024-02-26,Smartphone,Electronics,11,34649.67,0.1,343031.73
2024-02-26,Headphones,Accessories,30,2560.78,0.0,76823.4
2024-02-26,Monitor,Electronics,9,15429.05,0.0,138861.45
2024-02-26,Keyboard,Accessories,24,1827.93,0.0,43870.32
2024-02-27,Laptop,Electronics,9,65194.36,0.05,557411.78
2024-02-27,Smartphone,Electronics,14,35945.68,0.05,478077.54
2024-02-27,Headphones,Accessories,27,2539.56,0.05,65139.71
2024-02-27,Monitor,Electronics,12,15077.88,0.0,180934.56
2024-02-27,Keyboard,Accessories,27,1806.02,0.0,48762.54
2024-02-28,Laptop,Electronics,7,66711.37,0.1,420281.63
2024-02-28,Smartphone,Electronics,15,34929.64,0.1,471550.14
2024-02-28,Headphones,Accessories,31,2467.75,0.0,76500.25
2024-02-28,Monitor,Electronics,10,15187.89,0.0,151878.9
2024-02-28,Keyboard,Accessories,25,1778.46,0.0,44461.5
2024-02-29,Laptop,Electronics,8,65219.35,0.0,521754.8
2024-02-29,Smartphone,Electronics,15,35171.99,0.0,527579.85
2024-02-29,Headphones,Accessories,30,2517.69,0.05,71754.16
2024-02-29,Monitor,Electronics,11,15399.56,0.1,152455.64
2024-02-29,Keyboard,Accessories,28,1769.25,0.0,49539.0
2024-03-01,Laptop,Electronics,10,64410.39,0.1,579693.51
2024-03-01,Smartphone,Electronics,11,33461.23,0.05,349669.85
2024-03-01,Headphones,Accessories,27,2482.39,0.0,67024.53
2024-03-01,Monitor,Electronics,10,14605.91,0.0,146059.1
2024-03-01,Keyboard,Accessories,25,1810.54,0.0,45263.5
2024-03-02,Laptop,Electronics,8,66109.26,0.1,475986.67
2024-03-02,Smartphone,Electronics,16,34812.76,0.1,501303.74
2024-03-02,Headphones,Accessories,37,2458.51,0.0,90964.87
2024-03-02,Monitor,Electronics,12,15184.67,0.05,173105.24
2024-03-02,Keyboard,Accessories,22,1803.33,0.0,39673.26
2024-03-03,Laptop,Electronics,8,64097.35,0.1,461500.92
2024-03-03,Smartphone,Electronics,14,34852.9,0.15,414749.51
2024-03-03,Headphones,Accessories,35,2464.33,0.05,81938.97
2024-03-03,Monitor,Electronics,13,14858.79,0.0,193164.27
2024-03-03,Keyboard,Accessories,27,1731.79,0.05,44420.41
2024-03-04,Laptop,Electronics,7,65267.63,0.1,411186.07
2024-03-04,Smartphone,Electronics,13,34660.76,0.1,405530.89
2024-03-04,Headphones,Accessories,30,2567.73,0.05,73180.3
2024-03-04,Monitor,Electronics,11,14700.64,0.0,161707.04
2024-03-04,Keyboard,Accessories,27,1757.22,0.05,45072.69
2024-03-05,Laptop,Electronics,7,65363.66,0.1,411791.06
2024-03-05,Smartphone,Electronics,9,34238.55,0.05,292739.6
2024-03-05,Headphones,Accessories,27,2565.26,0.05,65798.92
2024-03-05,Monitor,Electronics,9,15173.46,0.1,122905.03
2024-03-05,Keyboard,Accessories,26,1849.89,0.1,43287.43
2024-03-06,Laptop,Electronics,8,66161.89,0.1,476365.61
2024-03-06,Smartphone,Electronics,15,36023.13,0.05,513329.6
2024-03-06,Headphones,Accessories,26,2530.04,0.1,59202.94
2024-03-06,Monitor,Electronics,11,15055.02,0.0,165605.22
2024-03-06,Keyboard,Accessories,23,1822.27,0.1,37720.99
2024-03-07,Laptop,Electronics,8,67077.48,0.0,536619.84
2024-03-07,Smartphone,Electronics,15,33696.78,0.15,429633.94
2024-03-07,Headphones,Accessories,24,2546.64,0.05,58063.39
2024-03-07,Monitor,Electronics,13,15080.11,0.0,196041.43
2024-03-07,Keyboard,Accessories,25,1870.99,0.15,39758.54
2024-03-08,Laptop,Electronics,9,62657.57,0.1,507526.32
2024-03-08,Smartphone,Electronics,13,35169.83,0.0,457207.79
2024-03-08,Headphones,Accessories,27,2510.91,0.05,64404.84
2024-03-08,Monitor,Electronics,13,14428.8,0.0,187574.4
2024-03-08,Keyboard,Accessories,26,1776.34,0.0,46184.84
2024-03-09,Laptop,Electronics,10,64893.16,0.05,616485.02
2024-03-09,Smartphone,Electronics,12,34644.32,0.15,353372.06
2024-03-09,Headphones,Accessories,26,2362.57,0.0,61426.82
2024-03-09,Monitor,Electronics,13,15370.24,0.0,199813.12
2024-03-09,Keyboard,Accessories,28,1774.62,0.05,47204.89
2024-03-10,Laptop,Electronics,8,63136.19,0.1,454580.57
2024-03-10,Smartphone,Electronics,17,34063.68,0.0,579082.56
2024-03-10,Headphones,Accessories,33,2487.09,0.0,82073.97
2024-03-10,Monitor,Electronics,11,15541.41,0.1,153859.96
2024-03-10,Keyboard,Accessories,28,1798.7,0.0,50363.6
2024-03-11,Laptop,Electronics,8,65742.22,0.1,473343.98
2024-03-11,Smartphone,Electronics,14,35531.58,0.05,472570.01
2024-03-11,Headphones,Accessories,29,2544.31,0.1,66406.49
2024-03-11,Monitor,Electronics,10,14981.34,0.0,149813.4
2024-03-11,Keyboard,Accessories,23,1881.04,0.0,43263.92
2024-03-12,Laptop,Electronics,7,64976.78,0.05,432095.59
2024-03-12,Smartphone,Electronics,15,34428.95,0.0,516434.25
2024-03-12,Headphones,Accessories,28,2498.41,0.0,69955.48
2024-03-12,Monitor,Electronics,11,14091.05,0.05,147251.47
2024-03-12,Keyboard,Accessories,27,1750.79,0.1,42544.2
2024-03-13,Laptop,Electronics,7,64922.47,0.0,454457.29
2024-03-13,Smartphone,Electronics,17,34980.22,0.05,564930.55
2024-03-13,Headphones,Accessories,28,2501.68,0.0,70047.04
2024-03-13,Monitor,Electronics,10,15014.12,0.0,150141.2
2024-03-13,Keyboard,Accessories,22,1787.35,0.05,37355.62
2024-03-14,Laptop,Electronics,9,66012.88,0.0,594115.92
2024-03-14,Smartphone,Electronics,16,35809.05,0.0,572944.8
2024-03-14,Headphones,Accessories,34,2522.37,0.1,77184.52
2024-03-14,Monitor,Electronics,12,15238.19,0.0,182858.28
2024-03-14,Keyboard,Accessories,25,1842.76,0.1,41462.1
2024-03-15,Laptop,Electronics,10,63880.07,0.05,606860.66
2024-03-15,Smartphone,Electronics,13,35178.98,0.0,457326.74
2024-03-15,Headphones,Accessories,27,2469.76,0.1,60015.17
2024-03-15,Monitor,Electronics,10,14801.51,0.1,133213.59
2024-03-15,Keyboard,Accessories,25,1896.4,0.05,45039.5
2024-03-16,Laptop,Electronics,8,66224.15,0.15,450324.22
2024-03-16,Smartphone,Electronics,15,35105.03,0.0,526575.45
2024-03-16,Headphones,Accessories,29,2513.22,0.0,72883.38
2024-03-16,Monitor,Electronics,12,14374.28,0.1,155242.22
2024-03-16,Keyboard,Accessories,30,1839.29,0.0,55178.7
2024-03-17,Laptop,Electronics,8,62620.39,0.15,425818.65
2024-03-17,Smartphone,Electronics,12,36751.52,0.05,418967.33
2024-03-17,Headphones,Accessories,34,2497.59,0.1,76426.25
2024-03-17,Monitor,Electronics,10,14785.21,0.05,140459.49
2024-03-17,Keyboard,Accessories,31,1862.1,0.05,54838.84
2024-03-18,Laptop,Electronics,8,63885.88,0.1,459978.34
2024-03-18,Smartphone,Electronics,13,34412.33,0.15,380256.25
2024-03-18,Headphones,Accessories,29,2481.78,0.05,68373.04
2024-03-18,Monitor,Electronics,12,14861.02,0.0,178332.24
2024-03-18,Keyboard,Accessories,19,1810.58,0.05,32680.97
2024-03-19,Laptop,Electronics,8,63180.54,0.15,429627.67
2024-03-19,Smartphone,Electronics,15,33909.95,0.0,508649.25
2024-03-19,Headphones,Accessories,27,2521.66,0.15,57872.1
2024-03-19,Monitor,Electronics,10,14897.85,0.0,148978.5
2024-03-19,Keyboard,Accessories,25,1742.27,0.0,43556.75
2024-03-20,Laptop,Electronics,8,67004.74,0.0,536037.92
2024-03-20,Smartphone,Electronics,16,35743.94,0.0,571903.04
2024-03-20,Headphones,Accessories,31,2576.41,0.05,75875.27
2024-03-20,Monitor,Electronics,12,15161.27,0.05,172838.48
2024-03-20,Keyboard,Accessories,24,1817.09,0.0,43610.16
2024-03-21,Laptop,Electronics,8,64939.51,0.05,493540.28
2024-03-21,Smartphone,Electronics,14,34094.41,0.1,429589.57
2024-03-21,Headphones,Accessories,29,2375.11,0.0,68878.19
2024-03-21,Monitor,Electronics,12,15169.7,0.1,163832.76
2024-03-21,Keyboard,Accessories,28,1669.67,0.05,44413.22
2024-03-22,Laptop,Electronics,7,65655.51,0.0,459588.57
2024-03-22,Smartphone,Electronics,15,34090.08,0.0,511351.2
2024-03-22,Headphones,Accessories,29,2459.33,0.0,71320.57
2024-03-22,Monitor,Electronics,11,15081.54,0.05,157602.09
2024-03-22,Keyboard,Accessories,25,1890.15,0.05,44891.06
2024-03-23,Laptop,Electronics,9,66707.31,0.0,600365.79
2024-03-23,Smartphone,Electronics,15,35393.07,0.05,504351.25
2024-03-23,Headphones,Accessories,33,2428.56,0.0,80142.48
2024-03-23,Monitor,Electronics,11,15111.24,0.05,157912.46
2024-03-23,Keyboard,Accessories,27,1814.79,0.1,44099.4
2024-03-24,Laptop,Electronics,9,67332.17,0.05,575690.05
2024-03-24,Smartphone,Electronics,14,35843.58,0.0,501810.12
2024-03-24,Headphones,Accessories,34,2535.62,0.1,77589.97
2024-03-24,Monitor,Electronics,12,15515.89,0.1,167571.61
2024-03-24,Keyboard,Accessories,27,1753.71,0.0,47350.17
2024-03-25,Laptop,Electronics,7,62659.92,0.0,438619.44
2024-03-25,Smartphone,Electronics,12,36358.49,0.0,436301.88
2024-03-25,Headphones,Accessories,27,2417.31,0.0,65267.37
2024-03-25,Monitor,Electronics,12,14737.46,0.05,168007.04
2024-03-25,Keyboard,Accessories,23,1901.36,0.0,43731.28
2024-03-26,Laptop,Electronics,8,66829.94,0.05,507907.54
2024-03-26,Smartphone,Electronics,12,33560.28,0.05,382587.19
2024-03-26,Headphones,Accessories,35,2545.32,0.1,80177.58
2024-03-26,Monitor,Electronics,12,15320.03,0.15,156264.31
2024-03-26,Keyboard,Accessories,25,1817.64,0.1,40896.9
2024-03-27,Laptop,Electronics,7,64543.9,0.05,429216.94
2024-03-27,Smartphone,Electronics,13,34138.76,0.0,443803.88
2024-03-27,Headphones,Accessories,29,2587.0,0.0,75023.0
2024-03-27,Monitor,Electronics,13,15289.91,0.0,198768.83
2024-03-27,Keyboard,Accessories,23,1789.89,0.0,41167.47
2024-03-28,Laptop,Electronics,7,65895.44,0.05,438204.68
2024-03-28,Smartphone,Electronics,13,35279.81,0.05,435705.65
2024-03-28,Headphones,Accessories,33,2495.3,0.05,78227.66
2024-03-28,Monitor,Electronics,12,14838.97,0.15,151357.49
2024-03-28,Keyboard,Accessories,28,1817.28,0.1,45795.46
2024-03-29,Laptop,Electronics,7,63922.79,0.05,425086.55
2024-03-29,Smartphone,Electronics,15,34736.71,0.1,468945.58
2024-03-29,Headphones,Accessories,25,2456.69,0.1,55275.52
2024-03-29,Monitor,Electronics,12,14789.83,0.0,177477.96
2024-03-29,Keyboard,Accessories,23,1812.55,0.05,39604.22
2024-03-30,Laptop,Electronics,11,62988.54,0.0,692873.94
2024-03-30,Smartphone,Electronics,16,35362.07,0.0,565793.12
2024-03-30,Headphones,Accessories,35,2601.46,0.05,86498.54
2024-03-30,Monitor,Electronics,12,14486.32,0.05,165144.05
2024-03-30,Keyboard,Accessories,28,1799.91,0.0,50397.48
2024-03-31,Laptop,Electronics,8,67663.56,0.0,541308.48
2024-03-31,Smartphone,Electronics,16,35966.04,0.15,489138.14
2024-03-31,Headphones,Accessories,33,2601.77,0.0,85858.41
2024-03-31,Monitor,Electronics,11,14733.26,0.0,162065.86
2024-03-31,Keyboard,Accessories,27,1765.35,0.0,47664.45
2024-04-01,Laptop,Electronics,8,66139.73,0.05,502661.95
2024-04-01,Smartphone,Electronics,14,35729.34,0.05,475200.22
2024-04-01,Headphones,Accessories,25,2422.91,0.05,57544.11
2024-04-01,Monitor,Electronics,13,15157.13,0.05,187190.56
2024-04-01,Keyboard,Accessories,25,1769.36,0.15,37598.9
2024-04-02,Laptop,Electronics,8,63503.91,0.0,508031.28
2024-04-02,Smartphone,Electronics,12,35071.12,0.05,399810.77
2024-04-02,Headphones,Accessories,27,2577.26,0.05,66106.72
2024-04-02,Monitor,Electronics,11,14472.32,0.0,159195.52
2024-04-02,Keyboard,Accessories,28,1806.38,0.05,48049.71
2024-04-03,Laptop,Electronics,7,65366.18,0.1,411806.93
2024-04-03,Smartphone,Electronics,14,34866.59,0.1,439319.03
2024-04-03,Headphones,Accessories,26,2444.39,0.0,63554.14
2024-04-03,Monitor,Electronics,9,15190.5,0.0,136714.5
2024-04-03,Keyboard,Accessories,31,1749.08,0.05,51510.41
2024-04-04,Laptop,Electronics,8,66362.55,0.15,451265.34
2024-04-04,Smartphone,Electronics,13,35405.98,0.1,414249.97
2024-04-04,Headphones,Accessories,29,2493.82,0.0,72320.78
2024-04-04,Monitor,Electronics,12,15224.85,0.0,182698.2
2024-04-04,Keyboard,Accessories,25,1765.99,0.0,44149.75
2024-04-05,Laptop,Electronics,7,67133.74,0.15,399445.75
2024-04-05,Smartphone,Electronics,15,35415.36,0.0,531230.4
2024-04-05,Headphones,Accessories,36,2481.24,0.1,80392.18
2024-04-05,Monitor,Electronics,11,14508.06,0.0,159588.66
2024-04-05,Keyboard,Accessories,24,1755.35,0.0,42128.4
2024-04-06,Laptop,Electronics,9,65860.75,0.15,503834.74
2024-04-06,Smartphone,Electronics,12,34434.29,0.05,392550.91
2024-04-06,Headphones,Accessories,28,2490.99,0.05,66260.33
2024-04-06,Monitor,Electronics,13,14519.06,0.05,179310.39
2024-04-06,Keyboard,Accessories,27,1867.08,0.0,50411.16
2024-04-07,Laptop,Electronics,8,64332.24,0.0,514657.92
2024-04-07,Smartphone,Electronics,14,34735.34,0.05,461980.02
2024-04-07,Headphones,Accessories,31,2454.45,0.15,64674.76
2024-04-07,Monitor,Electronics,13,15446.49,0.0,200804.37
2024-04-07,Keyboard,Accessories,29,1902.99,0.0,55186.71
2024-04-08,Laptop,Electronics,7,64634.76,0.0,452443.32
2024-04-08,Smartphone,Electronics,15,34722.93,0.05,494801.75
2024-04-08,Headphones,Accessories,27,2338.06,0.0,63127.62
2024-04-08,Monitor,Electronics,12,14701.33,0.0,176415.96
2024-04-08,Keyboard,Accessories,21,1808.25,0.0,37973.25
2024-04-09,Laptop,Electronics,7,64949.72,0.05,431915.64
2024-04-09,Smartphone,Electronics,15,34861.29,0.0,522919.35
2024-04-09,Headphones,Accessories,25,2497.49,0.0,62437.25
2024-04-09,Monitor,Electronics,11,15641.89,0.0,172060.79
2024-04-09,Keyboard,Accessories,23,1697.56,0.1,35139.49
2024-04-10,Laptop,Electronics,7,66689.85,0.05,443487.5
2024-04-10,Smartphone,Electronics,12,34644.12,0.1,374156.5
2024-04-10,Headphones,Accessories,35,2462.14,0.05,81866.15
2024-04-10,Monitor,Electronics,12,15299.81,0.05,174417.83
2024-04-10,Keyboard,Accessories,25,1766.1,0.0,44152.5
2024-04-11,Laptop,Electronics,8,67798.46,0.05,515268.3
2024-04-11,Smartphone,Electronics,13,35161.6,0.0,457100.8
2024-04-11,Headphones,Accessories,26,2581.18,0.0,67110.68
2024-04-11,Monitor,Electronics,13,14753.66,0.05,182207.7
2024-04-11,Keyboard,Accessories,24,1780.38,0.0,42729.12
2024-04-12,Laptop,Electronics,9,66168.3,0.0,595514.7
2024-04-12,Smartphone,Electronics,15,36147.26,0.0,542208.9
2024-04-12,Headphones,Accessories,28,2484.32,0.05,66082.91
2024-04-12,Monitor,Electronics,12,15459.24,0.05,176235.34
2024-04-12,Keyboard,Accessories,24,1841.75,0.15,37571.7
2024-04-13,Laptop,Electronics,10,67923.82,0.05,645276.29
2024-04-13,Smartphone,Electronics,16,35938.44,0.0,575015.04
2024-04-13,Headphones,Accessories,33,2486.85,0.0,82066.05
2024-04-13,Monitor,Electronics,11,14262.62,0.0,156888.82
2024-04-13,Keyboard,Accessories,29,1806.65,0.0,52392.85
2024-04-14,Laptop,Electronics,8,64550.18,0.1,464761.3
2024-04-14,Smartphone,Electronics,13,35798.88,0.1,418846.9
2024-04-14,Headphones,Accessories,30,2517.66,0.1,67976.82
2024-04-14,Monitor,Electronics,14,14947.48,0.05,198801.48
2024-04-14,Keyboard,Accessories,29,1852.81,0.0,53731.49
2024-04-15,Laptop,Electronics,8,65049.26,0.1,468354.67
2024-04-15,Smartphone,Electronics,14,34430.06,0.1,433818.76
2024-04-15,Headphones,Accessories,29,2406.75,0.1,62816.18
2024-04-15,Monitor,Electronics,12,15638.33,0.05,178276.96
2024-04-15,Keyboard,Accessories,20,1803.53,0.05,34267.07
2024-04-16,Laptop,Electronics,9,65619.38,0.05,561045.7
2024-04-16,Smartphone,Electronics,13,35418.33,0.05,437416.38
2024-04-16,Headphones,Accessories,28,2446.84,0.1,61660.37
2024-04-16,Monitor,Electronics,12,14474.81,0.05,165012.83
2024-04-16,Keyboard,Accessories,22,1820.01,0.0,40040.22
2024-04-17,Laptop,Electronics,8,67364.07,0.0,538912.56
2024-04-17,Smartphone,Electronics,13,35567.25,0.15,393018.11
2024-04-17,Headphones,Accessories,24,2430.86,0.0,58340.64
2024-04-17,Monitor,Electronics,12,14860.19,0.15,151573.94
2024-04-17,Keyboard,Accessories,23,1705.76,0.05,37270.86
2024-04-18,Laptop,Electronics,8,66515.46,0.0,532123.68
2024-04-18,Smartphone,Electronics,16,34342.96,0.0,549487.36
2024-04-18,Headphones,Accessories,24,2578.91,0.1,55704.46
2024-04-18,Monitor,Electronics,12,14686.59,0.05,167427.13
2024-04-18,Keyboard,Accessories,24,1808.3,0.05,41229.24
2024-04-19,Laptop,Electronics,10,68065.75,0.05,646624.62
2024-04-19,Smartphone,Electronics,15,35518.46,0.0,532776.9
2024-04-19,Headphones,Accessories,29,2582.03,0.0,74878.87
2024-04-19,Monitor,Electronics,11,14830.04,0.1,146817.4
2024-04-19,Keyboard,Accessories,28,1830.69,0.05,48696.35
2024-04-20,Laptop,Electronics,8,64685.3,0.0,517482.4
2024-04-20,Smartphone,Electronics,14,34881.66,0.0,488343.24
2024-04-20,Headphones,Accessories,36,2539.43,0.15,77706.56
2024-04-20,Monitor,Electronics,13,15216.28,0.0,197811.64
2024-04-20,Keyboard,Accessories,30,1826.19,0.0,54785.7
2024-04-21,Laptop,Electronics,10,64505.64,0.0,645056.4
2024-04-21,Smartphone,Electronics,18,36350.34,0.0,654306.12
2024-04-21,Headphones,Accessories,27,2426.6,0.0,65518.2
2024-04-21,Monitor,Electronics,13,14336.84,0.0,186378.92
2024-04-21,Keyboard,Accessories,30,1791.23,0.1,48363.21
2024-04-22,Laptop,Electronics,8,64134.36,0.05,487421.14
2024-04-22,Smartphone,Electronics,12,34954.81,0.0,419457.72
2024-04-22,Headphones,Accessories,28,2610.77,0.0,73101.56
2024-04-22,Monitor,Electronics,12,15291.79,0.0,183501.48
2024-04-22,Keyboard,Accessories,23,1813.58,0.1,37541.11
2024-04-23,Laptop,Electronics,8,65197.45,0.0,521579.6
2024-04-23,Smartphone,Electronics,14,34821.79,0.0,487505.06
2024-04-23,Headphones,Accessories,30,2486.18,0.0,74585.4
2024-04-23,Monitor,Electronics,12,14698.81,0.0,176385.72
2024-04-23,Keyboard,Accessories,24,1799.37,0.0,43184.88
2024-04-24,Laptop,Electronics,6,66436.57,0.0,398619.42
2024-04-24,Smartphone,Electronics,14,35076.41,0.05,466516.25
2024-04-24,Headphones,Accessories,24,2466.93,0.05,56246.0
2024-04-24,Monitor,Electronics,10,15212.65,0.05,144520.17
2024-04-24,Keyboard,Accessories,26,1798.4,0.05,44420.48
2024-04-25,Laptop,Electronics,7,64487.69,0.0,451413.83
2024-04-25,Smartphone,Electronics,13,34291.03,0.1,401205.05
2024-04-25,Headphones,Accessories,31,2666.45,0.0,82659.95
2024-04-25,Monitor,Electronics,12,15259.91,0.0,183118.92
2024-04-25,Keyboard,Accessories,26,1881.52,0.0,48919.52
2024-04-26,Laptop,Electronics,7,60252.81,0.0,421769.67
2024-04-26,Smartphone,Electronics,13,36758.76,0.0,477863.88
2024-04-26,Headphones,Accessories,30,2628.59,0.0,78857.7
2024-04-26,Monitor,Electronics,13,15021.38,0.05,185514.04
2024-04-26,Keyboard,Accessories,23,1764.04,0.0,40572.92
2024-04-27,Laptop,Electronics,10,63751.41,0.05,605638.4
2024-04-27,Smartphone,Electronics,15,34779.19,0.1,469519.07
2024-04-27,Headphones,Accessories,30,2531.96,0.05,72160.86
2024-04-27,Monitor,Electronics,13,14970.81,0.05,184889.5
2024-04-27,Keyboard,Accessories,24,1799.76,0.05,41034.53
2024-04-28,Laptop,Electronics,8,66866.22,0.1,481436.78
2024-04-28,Smartphone,Electronics,12,35175.57,0.1,379896.16
2024-04-28,Headphones,Accessories,37,2567.5,0.1,85497.75
2024-04-28,Monitor,Electronics,13,14928.07,0.05,184361.66
2024-04-28,Keyboard,Accessories,28,1761.91,0.1,44400.13
2024-04-29,Laptop,Electronics,9,64304.9,0.1,520869.69
2024-04-29,Smartphone,Electronics,13,34646.81,0.0,450408.53
2024-04-29,Headphones,Accessories,29,2547.56,0.0,73879.24
2024-04-29,Monitor,Electronics,14,14599.68,0.0,204395.52
2024-04-29,Keyboard,Accessories,26,1810.86,0.05,44728.24
2024-04-30,Laptop,Electronics,8,65735.1,0.15,446998.68
2024-04-30,Smartphone,Electronics,15,36253.3,0.0,543799.5
2024-04-30,Headphones,Accessories,28,2561.61,0.0,71725.08
2024-04-30,Monitor,Electronics,11,14899.91,0.05,155704.06
2024-04-30,Keyboard,Accessories,26,1814.66,0.0,47181.16
2024-05-01,Laptop,Electronics,7,65969.22,0.1,415606.09
2024-05-01,Smartphone,Electronics,14,36152.9,0.05,480833.57
2024-05-01,Headphones,Accessories,28,2377.8,0.1,59920.56
2024-05-01,Monitor,Electronics,9,14772.07,0.05,126301.2
2024-05-01,Keyboard,Accessories,24,1844.67,0.0,44272.08
2024-05-02,Laptop,Electronics,9,65888.44,0.0,592995.96
2024-05-02,Smartphone,Electronics,13,34640.63,0.0,450328.19
2024-05-02,Headphones,Accessories,33,2479.85,0.05,77743.3
2024-05-02,Monitor,Electronics,10,15466.44,0.1,139197.96
2024-05-02,Keyboard,Accessories,26,1798.91,0.05,44433.08
2024-05-03,Laptop,Electronics,8,63716.14,0.0,509729.12
2024-05-03,Smartphone,Electronics,13,35176.01,0.0,457288.13
2024-05-03,Headphones,Accessories,27,2532.77,0.1,61546.31
2024-05-03,Monitor,Electronics,12,14495.26,0.05,165245.96
2024-05-03,Keyboard,Accessories,20,1805.66,0.0,36113.2
2024-05-04,Laptop,Electronics,9,65291.82,0.1,528863.74
2024-05-04,Smartphone,Electronics,16,35584.03,0.05,540877.26
2024-05-04,Headphones,Accessories,32,2484.92,0.05,75541.57
2024-05-04,Monitor,Electronics,11,15056.3,0.0,165619.3
2024-05-04,Keyboard,Accessories,30,1794.58,0.05,51145.53
2024-05-05,Laptop,Electronics,9,64896.9,0.0,584072.1
2024-05-05,Smartphone,Electronics,14,34920.78,0.05,464446.37
2024-05-05,Headphones,Accessories,30,2526.36,0.1,68211.72
2024-05-05,Monitor,Electronics,13,14902.67,0.1,174361.24
2024-05-05,Keyboard,Accessories,29,1776.3,0.0,51512.7
2024-05-06,Laptop,Electronics,8,67987.05,0.0,543896.4
2024-05-06,Smartphone,Electronics,11,34740.77,0.05,363041.05
2024-05-06,Headphones,Accessories,25,2433.26,0.05,57789.92
2024-05-06,Monitor,Electronics,12,15337.18,0.05,174843.85
2024-05-06,Keyboard,Accessories,25,1792.4,0.1,40329.0
2024-05-07,Laptop,Electronics,8,64240.96,0.15,436838.53
2024-05-07,Smartphone,Electronics,14,36016.64,0.0,504232.96
2024-05-07,Headphones,Accessories,29,2572.72,0.0,74608.88
2024-05-07,Monitor,Electronics,12,15187.91,0.1,164029.43
2024-05-07,Keyboard,Accessories,27,1920.94,0.0,51865.38
2024-05-08,Laptop,Electronics,7,62025.22,0.1,390758.89
2024-05-08,Smartphone,Electronics,15,35201.26,0.0,528018.9
2024-05-08,Headphones,Accessories,33,2582.18,0.05,80951.34
2024-05-08,Monitor,Electronics,10,15293.58,0.05,145289.01
2024-05-08,Keyboard,Accessories,24,1762.05,0.05,40174.74
2024-05-09,Laptop,Electronics,8,65232.93,0.05,495770.27
2024-05-09,Smartphone,Electronics,14,36483.17,0.05,485226.16
2024-05-09,Headphones,Accessories,28,2488.48,0.0,69677.44
2024-05-09,Monitor,Electronics,11,14986.11,0.0,164847.21
2024-05-09,Keyboard,Accessories,24,1706.95,0.0,40966.8
2024-05-10,Laptop,Electronics,7,66235.09,0.0,463645.63
2024-05-10,Smartphone,Electronics,13,35006.01,0.0,455078.13
2024-05-10,Headphones,Accessories,27,2452.99,0.1,59607.66
2024-05-10,Monitor,Electronics,12,16024.08,0.0,192288.96
2024-05-10,Keyboard,Accessories,24,1830.21,0.0,43925.04
2024-05-11,Laptop,Electronics,8,65436.57,0.0,523492.56
2024-05-11,Smartphone,Electronics,16,35018.65,0.05,532283.48
2024-05-11,Headphones,Accessories,29,2459.19,0.0,71316.51
2024-05-11,Monitor,Electronics,10,14405.95,0.1,129653.55
2024-05-11,Keyboard,Accessories,29,1868.91,0.0,54198.39
2024-05-12,Laptop,Electronics,8,65238.54,0.0,521908.32
2024-05-12,Smartphone,Electronics,15,34462.07,0.05,491084.5
2024-05-12,Headphones,Accessories,30,2444.3,0.05,69662.55
2024-05-12,Monitor,Electronics,11,14884.92,0.0,163734.12
2024-05-12,Keyboard,Accessories,26,1803.46,0.0,46889.96
2024-05-13,Laptop,Electronics,8,64726.5,0.05,491921.4
2024-05-13,Smartphone,Electronics,12,36234.57,0.05,413074.1
2024-05-13,Headphones,Accessories,29,2547.43,0.1,66487.92
2024-05-13,Monitor,Electronics,11,15135.56,0.1,149842.04
2024-05-13,Keyboard,Accessories,25,1766.48,0.0,44162.0
2024-05-14,Laptop,Electronics,8,64661.81,0.0,517294.48
2024-05-14,Smartphone,Electronics,17,34575.06,0.0,587776.02
2024-05-14,Headphones,Accessories,29,2435.77,0.0,70637.33
2024-05-14,Monitor,Electronics,12,15482.75,0.1,167213.7
2024-05-14,Keyboard,Accessories,23,1879.89,0.05,41075.6
2024-05-15,Laptop,Electronics,7,63221.3,0.1,398294.19
2024-05-15,Smartphone,Electronics,15,34781.21,0.1,469546.34
2024-05-15,Headphones,Accessories,23,2456.68,0.05,53678.46
2024-05-15,Monitor,Electronics,13,14376.57,0.05,177550.64
2024-05-15,Keyboard,Accessories,22,1866.69,0.0,41067.18
2024-05-16,Laptop,Electronics,7,64650.75,0.1,407299.72
2024-05-16,Smartphone,Electronics,12,34623.61,0.0,415483.32
2024-05-16,Headphones,Accessories,32,2587.23,0.0,82791.36
2024-05-16,Monitor,Electronics,11,14732.34,0.0,162055.74
2024-05-16,Keyboard,Accessories,27,1872.7,0.0,50562.9
2024-05-17,Laptop,Electronics,9,64249.09,0.0,578241.81
2024-05-17,Smartphone,Electronics,13,34987.35,0.05,432093.77
2024-05-17,Headphones,Accessories,28,2525.58,0.0,70716.24
2024-05-17,Monitor,Electronics,11,14861.25,0.0,163473.75
2024-05-17,Keyboard,Accessories,20,1784.03,0.1,32112.54
2024-05-18,Laptop,Electronics,9,64457.54,0.05,551111.97
2024-05-18,Smartphone,Electronics,12,33699.51,0.0,404394.12
2024-05-18,Headphones,Accessories,27,2508.93,0.05,64354.05
2024-05-18,Monitor,Electronics,14,15093.92,0.1,190183.39
2024-05-18,Keyboard,Accessories,22,1775.58,0.0,39062.76
2024-05-19,Laptop,Electronics,7,63594.31,0.15,378386.14
2024-05-19,Smartphone,Electronics,12,35654.42,0.05,406460.39
2024-05-19,Headphones,Accessories,30,2430.74,0.05,69276.09
2024-05-19,Monitor,Electronics,9,14892.75,0.15,113929.54
2024-05-19,Keyboard,Accessories,27,1840.48,0.05,47208.31
2024-05-20,Laptop,Electronics,7,65807.14,0.0,460649.98
2024-05-20,Smartphone,Electronics,13,34503.26,0.05,426115.26
2024-05-20,Headphones,Accessories,29,2529.23,0.05,69680.29
2024-05-20,Monitor,Electronics,11,15105.05,0.1,149540.0
2024-05-20,Keyboard,Accessories,26,1783.37,0.1,41730.86
2024-05-21,Laptop,Electronics,8,63094.54,0.15,429042.87
2024-05-21,Smartphone,Electronics,15,34955.03,0.05,498109.18
2024-05-21,Headphones,Accessories,24,2447.33,0.0,58735.92
2024-05-21,Monitor,Electronics,10,15515.41,0.05,147396.39
2024-05-21,Keyboard,Accessories,31,1787.86,0.1,49881.29
2024-05-22,Laptop,Electronics,8,65464.03,0.1,471341.02
2024-05-22,Smartphone,Electronics,14,36305.43,0.15,432034.62
2024-05-22,Headphones,Accessories,27,2490.55,0.1,60520.37
2024-05-22,Monitor,Electronics,12,14923.33,0.1,161171.96
2024-05-22,Keyboard,Accessories,26,1667.68,0.05,41191.7
2024-05-23,Laptop,Electronics,9,64607.7,0.05,552395.84
2024-05-23,Smartphone,Electronics,12,35356.17,0.0,424274.04
2024-05-23,Headphones,Accessories,31,2466.78,0.0,76470.18
2024-05-23,Monitor,Electronics,12,15192.41,0.0,182308.92
2024-05-23,Keyboard,Accessories,26,1832.2,0.0,47637.2
2024-05-24,Laptop,Electronics,8,66225.72,0.05,503315.47
2024-05-24,Smartphone,Electronics,14,35393.45,0.05,470732.88
2024-05-24,Headphones,Accessories,28,2444.88,0.0,68456.64
2024-05-24,Monitor,Electronics,9,14387.79,0.0,129490.11
2024-05-24,Keyboard,Accessories,23,1786.14,0.1,36973.1
2024-05-25,Laptop,Electronics,8,65988.99,0.0,527911.92
2024-05-25,Smartphone,Electronics,14,34285.05,0.1,431991.63
2024-05-25,Headphones,Accessories,29,2505.16,0.0,72649.64
2024-05-25,Monitor,Electronics,10,14713.98,0.0,147139.8
2024-05-25,Keyboard,Accessories,29,1771.65,0.1,46240.07
2024-05-26,Laptop,Electronics,9,64685.03,0.0,582165.27
2024-05-26,Smartphone,Electronics,12,34884.05,0.05,397678.17
2024-05-26,Headphones,Accessories,30,2517.34,0.0,75520.2
2024-05-26,Monitor,Electronics,11,15125.64,0.1,149743.84
2024-05-26,Keyboard,Accessories,18,1808.27,0.05,30921.42
2024-05-27,Laptop,Electronics,7,65307.28,0.05,434293.41
2024-05-27,Smartphone,Electronics,14,34148.15,0.1,430266.69
2024-05-27,Headphones,Accessories,28,2585.61,0.05,68777.23
2024-05-27,Monitor,Electronics,11,14809.14,0.0,162900.54
2024-05-27,Keyboard,Accessories,20,1798.74,0.0,35974.8
2024-05-28,Laptop,Electronics,7,65247.58,0.05,433896.41
2024-05-28,Smartphone,Electronics,12,35013.46,0.0,420161.52
2024-05-28,Headphones,Accessories,27,2509.7,0.1,60985.71
2024-05-28,Monitor,Electronics,10,15422.1,0.0,154221.0
2024-05-28,Keyboard,Accessories,21,1763.13,0.1,33323.16
2024-05-29,Laptop,Electronics,9,63921.45,0.1,517763.74
2024-05-29,Smartphone,Electronics,14,34879.8,0.0,488317.2
2024-05-29,Headphones,Accessories,27,2623.86,0.0,70844.22
2024-05-29,Monitor,Electronics,13,15347.33,0.0,199515.29
2024-05-29,Keyboard,Accessories,26,1763.26,0.05,43552.52
2024-05-30,Laptop,Electronics,8,65320.64,0.0,522565.12
2024-05-30,Smartphone,Electronics,13,34750.9,0.05,429173.62
2024-05-30,Headphones,Accessories,27,2471.86,0.15,56729.19
2024-05-30,Monitor,Electronics,8,15006.33,0.05,114048.11
2024-05-30,Keyboard,Accessories,23,1745.07,0.0,40136.61
2024-05-31,Laptop,Electronics,9,64479.85,0.1,522286.78
2024-05-31,Smartphone,Electronics,14,34003.52,0.05,452246.82
2024-05-31,Headphones,Accessories,27,2522.82,0.05,64710.33
2024-05-31,Monitor,Electronics,9,15306.71,0.0,137760.39
2024-05-31,Keyboard,Accessories,27,1836.45,0.0,49584.15
2024-06-01,Laptop,Electronics,7,67669.34,0.05,450001.11
2024-06-01,Smartphone,Electronics,15,34870.3,0.0,523054.5
2024-06-01,Headphones,Accessories,28,2489.83,0.0,69715.24
2024-06-01,Monitor,Electronics,10,15044.63,0.1,135401.67
2024-06-01,Keyboard,Accessories,26,1755.25,0.05,43354.68
2024-06-02,Laptop,Electronics,9,61083.93,0.05,522267.6
2024-06-02,Smartphone,Electronics,14,34769.97,0.15,413762.64
2024-06-02,Headphones,Accessories,36,2513.52,0.0,90486.72
2024-06-02,Monitor,Electronics,13,15269.32,0.05,188576.1
2024-06-02,Keyboard,Accessories,25,1808.65,0.0,45216.25
2024-06-03,Laptop,Electronics,8,67517.16,0.0,540137.28
2024-06-03,Smartphone,Electronics,14,33817.48,0.15,402428.01
2024-06-03,Headphones,Accessories,28,2515.25,0.1,63384.3
2024-06-03,Monitor,Electronics,8,14648.89,0.0,117191.12
2024-06-03,Keyboard,Accessories,24,1726.06,0.05,39354.17
2024-06-04,Laptop,Electronics,7,64933.1,0.15,386351.94
2024-06-04,Smartphone,Electronics,13,35201.86,0.15,388980.55
2024-06-04,Headphones,Accessories,27,2459.37,0.0,66402.99
2024-06-04,Monitor,Electronics,11,14880.86,0.05,155504.99
2024-06-04,Keyboard,Accessories,25,1863.58,0.0,46589.5
2024-06-05,Laptop,Electronics,8,66852.74,0.0,534821.92
2024-06-05,Smartphone,Electronics,12,35742.49,0.0,428909.88
2024-06-05,Headphones,Accessories,27,2529.15,0.05,64872.7
2024-06-05,Monitor,Electronics,11,15232.47,0.0,167557.17
2024-06-05,Keyboard,Accessories,22,1894.03,0.0,41668.66
2024-06-06,Laptop,Electronics,8,65949.93,0.0,527599.44
2024-06-06,Smartphone,Electronics,16,35005.95,0.0,560095.2
2024-06-06,Headphones,Accessories,30,2461.4,0.05,70149.9
2024-06-06,Monitor,Electronics,8,15575.04,0.0,124600.32
2024-06-06,Keyboard,Accessories,24,1744.55,0.0,41869.2
2024-06-07,Laptop,Electronics,7,65956.4,0.15,392440.58
2024-06-07,Smartphone,Electronics,13,35290.36,0.0,458774.68
2024-06-07,Headphones,Accessories,33,2414.8,0.0,79688.4
2024-06-07,Monitor,Electronics,11,15015.52,0.0,165170.72
2024-06-07,Keyboard,Accessories,25,1800.86,0.1,40519.35
2024-06-08,Laptop,Electronics,8,62979.6,0.05,478644.96
2024-06-08,Smartphone,Electronics,15,33868.39,0.05,482624.56
2024-06-08,Headphones,Accessories,30,2424.8,0.1,65469.6
2024-06-08,Monitor,Electronics,11,14999.73,0.0,164997.03
2024-06-08,Keyboard,Accessories,27,1790.66,0.0,48347.82
2024-06-09,Laptop,Electronics,7,65982.34,0.0,461876.38
2024-06-09,Smartphone,Electronics,15,35624.84,0.0,534372.6
2024-06-09,Headphones,Accessories,28,2495.87,0.05,66390.14
2024-06-09,Monitor,Electronics,11,15127.12,0.0,166398.32
2024-06-09,Keyboard,Accessories,28,1791.84,0.15,42645.79
2024-06-10,Laptop,Electronics,7,62394.7,0.1,393086.61
2024-06-10,Smartphone,Electronics,11,35881.57,0.1,355227.54
2024-06-10,Headphones,Accessories,28,2401.27,0.0,67235.56
2024-06-10,Monitor,Electronics,10,15274.04,0.0,152740.4
2024-06-10,Keyboard,Accessories,20,1801.47,0.0,36029.4
2024-06-11,Laptop,Electronics,7,66115.27,0.15,393385.86
2024-06-11,Smartphone,Electronics,11,36735.46,0.05,383885.56
2024-06-11,Headphones,Accessories,31,2506.52,0.0,77702.12
2024-06-11,Monitor,Electronics,12,14891.03,0.1,160823.12
2024-06-11,Keyboard,Accessories,23,1841.47,0.1,38118.43
2024-06-12,Laptop,Electronics,7,59358.93,0.0,415512.51
2024-06-12,Smartphone,Electronics,11,35318.18,0.0,388499.98
2024-06-12,Headphones,Accessories,26,2527.74,0.0,65721.24
2024-06-12,Monitor,Electronics,8,15074.61,0.1,108537.19
2024-06-12,Keyboard,Accessories,23,1843.1,0.05,40271.73
2024-06-13,Laptop,Electronics,8,66937.82,0.0,535502.56
2024-06-13,Smartphone,Electronics,13,35920.96,0.0,466972.48
2024-06-13,Headphones,Accessories,26,2494.9,0.0,64867.4
2024-06-13,Monitor,Electronics,12,14040.61,0.0,168487.32
2024-06-13,Keyboard,Accessories,21,1751.14,0.0,36773.94
2024-06-14,Laptop,Electronics,8,66333.4,0.1,477600.48
2024-06-14,Smartphone,Electronics,11,34407.13,0.0,378478.43
2024-06-14,Headphones,Accessories,29,2536.23,0.0,73550.67
2024-06-14,Monitor,Electronics,12,14905.67,0.1,160981.24
2024-06-14,Keyboard,Accessories,27,1722.6,0.05,44184.69
2024-06-15,Laptop,Electronics,8,63686.57,0.05,484017.93
2024-06-15,Smartphone,Electronics,15,34501.79,0.05,491650.51
2024-06-15,Headphones,Accessories,31,2406.06,0.0,74587.86
2024-06-15,Monitor,Electronics,13,15301.26,0.0,198916.38
2024-06-15,Keyboard,Accessories,31,1939.95,0.0,60138.45
2024-06-16,Laptop,Electronics,9,66617.74,0.05,569581.68
2024-06-16,Smartphone,Electronics,14,35435.53,0.05,471292.55
2024-06-16,Headphones,Accessories,28,2542.29,0.1,64065.71
2024-06-16,Monitor,Electronics,11,14587.44,0.0,160461.84
2024-06-16,Keyboard,Accessories,28,1842.19,0.05,49002.25
2024-06-17,Laptop,Electronics,7,66086.71,0.0,462606.97
2024-06-17,Smartphone,Electronics,13,34532.11,0.05,426471.56
2024-06-17,Headphones,Accessories,26,2495.53,0.1,58395.4
2024-06-17,Monitor,Electronics,11,15170.55,0.0,166876.05
2024-06-17,Keyboard,Accessories,26,1825.88,0.05,45099.24
2024-06-18,Laptop,Electronics,9,65064.9,0.1,527025.69
2024-06-18,Smartphone,Electronics,13,34539.72,0.05,426565.54
2024-06-18,Headphones,Accessories,24,2482.51,0.1,53622.22
2024-06-18,Monitor,Electronics,10,14676.46,0.0,146764.6
2024-06-18,Keyboard,Accessories,24,1836.44,0.1,39667.1
2024-06-19,Laptop,Electronics,8,62780.32,0.05,477130.43
2024-06-19,Smartphone,Electronics,13,34440.21,0.0,447722.73
2024-06-19,Headphones,Accessories,24,2415.46,0.05,55072.49
2024-06-19,Monitor,Electronics,12,14674.33,0.0,176091.96
2024-06-19,Keyboard,Accessories,22,1723.17,0.05,36014.25
2024-06-20,Laptop,Electronics,7,64734.6,0.0,453142.2
2024-06-20,Smartphone,Electronics,13,35439.06,0.05,437672.39
2024-06-20,Headphones,Accessories,23,2532.56,0.0,58248.88
2024-06-20,Monitor,Electronics,10,15097.61,0.0,150976.1
2024-06-20,Keyboard,Accessories,22,1724.92,0.15,32256.0
2024-06-21,Laptop,Electronics,7,63767.45,0.0,446372.15
2024-06-21,Smartphone,Electronics,15,34463.31,0.05,491102.17
2024-06-21,Headphones,Accessories,22,2441.91,0.0,53722.02
2024-06-21,Monitor,Electronics,10,14751.46,0.05,140138.87
2024-06-21,Keyboard,Accessories,21,1754.82,0.05,35008.66
2024-06-22,Laptop,Electronics,8,65643.4,0.0,525147.2
2024-06-22,Smartphone,Electronics,13,34762.3,0.05,429314.4
2024-06-22,Headphones,Accessories,33,2577.98,0.0,85073.34
2024-06-22,Monitor,Electronics,12,14569.4,0.05,166091.16
2024-06-22,Keyboard,Accessories,21,1841.67,0.0,38675.07
2024-06-23,Laptop,Electronics,9,65441.18,0.1,530073.56
2024-06-23,Smartphone,Electronics,13,35242.19,0.05,435241.05
2024-06-23,Headphones,Accessories,32,2573.1,0.0,82339.2
2024-06-23,Monitor,Electronics,11,14904.06,0.0,163944.66
2024-06-23,Keyboard,Accessories,27,1797.2,0.0,48524.4
2024-06-24,Laptop,Electronics,7,65683.24,0.05,436793.55
2024-06-24,Smartphone,Electronics,13,34847.44,0.0,453016.72
2024-06-24,Headphones,Accessories,27,2511.85,0.0,67819.95
2024-06-24,Monitor,Electronics,10,14397.53,0.05,136776.54
2024-06-24,Keyboard,Accessories,23,1796.1,0.05,39244.78
2024-06-25,Laptop,Electronics,6,66120.78,0.05,376888.45
2024-06-25,Smartphone,Electronics,13,35496.95,0.0,461460.35
2024-06-25,Headphones,Accessories,24,2456.84,0.0,58964.16
2024-06-25,Monitor,Electronics,12,14887.2,0.05,169714.08
2024-06-25,Keyboard,Accessories,22,1810.77,0.15,33861.4
2024-06-26,Laptop,Electronics,8,65735.36,0.1,473294.59
2024-06-26,Smartphone,Electronics,13,35649.85,0.0,463448.05
2024-06-26,Headphones,Accessories,30,2542.58,0.05,72463.53
2024-06-26,Monitor,Electronics,10,15014.23,0.0,150142.3
2024-06-26,Keyboard,Accessories,24,1834.49,0.05,41826.37
2024-06-27,Laptop,Electronics,7,62755.8,0.1,395361.54
2024-06-27,Smartphone,Electronics,14,35561.04,0.05,472961.83
2024-06-27,Headphones,Accessories,23,2543.31,0.05,55571.32
2024-06-27,Monitor,Electronics,9,14236.68,0.05,121723.61
2024-06-27,Keyboard,Accessories,22,1838.68,0.0,40450.96
2024-06-28,Laptop,Electronics,7,65006.65,0.05,432294.22
2024-06-28,Smartphone,Electronics,12,36263.18,0.05,413400.25
2024-06-28,Headphones,Accessories,24,2469.23,0.0,59261.52
2024-06-28,Monitor,Electronics,11,15127.52,0.1,149762.45
2024-06-28,Keyboard,Accessories,22,1814.85,0.0,39926.7
2024-06-29,Laptop,Electronics,7,63658.71,0.05,423330.42
2024-06-29,Smartphone,Electronics,11,35466.23,0.0,390128.53
2024-06-29,Headphones,Accessories,30,2534.2,0.0,76026.0
2024-06-29,Monitor,Electronics,10,14488.74,0.05,137643.03
2024-06-29,Keyboard,Accessories,24,1761.69,0.05,40166.53
2024-06-30,Laptop,Electronics,7,65023.29,0.1,409646.73
2024-06-30,Smartphone,Electronics,15,35422.35,0.1,478201.72
2024-06-30,Headphones,Accessories,27,2599.43,0.05,66675.38
2024-06-30,Monitor,Electronics,12,14652.61,0.0,175831.32
2024-06-30,Keyboard,Accessories,22,1833.47,0.0,40336.34
2024-07-01,Laptop,Electronics,8,66492.49,0.05,505342.92
2024-07-01,Smartphone,Electronics,12,35371.85,0.0,424462.2
2024-07-01,Headphones,Accessories,26,2480.72,0.05,61273.78
2024-07-01,Monitor,Electronics,9,15224.95,0.0,137024.55
2024-07-01,Keyboard,Accessories,20,1774.59,0.0,35491.8
2024-07-02,Laptop,Electronics,7,65723.18,0.05,437059.15
2024-07-02,Smartphone,Electronics,11,33355.07,0.05,348560.48
2024-07-02,Headphones,Accessories,29,2565.95,0.0,74412.55
2024-07-02,Monitor,Electronics,8,15001.27,0.1,108009.14
2024-07-02,Keyboard,Accessories,24,1899.86,0.0,45596.64
2024-07-03,Laptop,Electronics,7,65415.0,0.0,457905.0
2024-07-03,Smartphone,Electronics,13,34294.69,0.0,445830.97
2024-07-03,Headphones,Accessories,28,2485.34,0.0,69589.52
2024-07-03,Monitor,Electronics,8,15097.34,0.0,120778.72
2024-07-03,Keyboard,Accessories,29,1749.96,0.05,48211.4
2024-07-04,Laptop,Electronics,6,66362.13,0.0,398172.78
2024-07-04,Smartphone,Electronics,13,36538.79,0.1,427503.84
2024-07-04,Headphones,Accessories,27,2521.15,0.05,64667.5
2024-07-04,Monitor,Electronics,12,14765.37,0.05,168325.22
2024-07-04,Keyboard,Accessories,24,1786.61,0.1,38590.78
2024-07-05,Laptop,Electronics,7,64896.77,0.0,454277.39
2024-07-05,Smartphone,Electronics,12,35823.11,0.05,408383.45
2024-07-05,Headphones,Accessories,24,2513.21,0.0,60317.04
2024-07-05,Monitor,Electronics,10,15504.82,0.15,131790.97
2024-07-05,Keyboard,Accessories,19,1827.89,0.0,34729.91
2024-07-06,Laptop,Electronics,7,62609.77,0.0,438268.39
2024-07-06,Smartphone,Electronics,13,33070.13,0.05,408416.11
2024-07-06,Headphones,Accessories,32,2560.5,0.0,81936.0
2024-07-06,Monitor,Electronics,12,14573.37,0.05,166136.42
2024-07-06,Keyboard,Accessories,25,1868.09,0.0,46702.25
2024-07-07,Laptop,Electronics,8,67365.71,0.1,485033.11
2024-07-07,Smartphone,Electronics,14,35546.06,0.05,472762.6
2024-07-07,Headphones,Accessories,29,2446.18,0.05,67392.26
2024-07-07,Monitor,Electronics,10,15198.31,0.0,151983.1
2024-07-07,Keyboard,Accessories,25,1820.84,0.1,40968.9
2024-07-08,Laptop,Electronics,8,67342.79,0.05,511805.2
2024-07-08,Smartphone,Electronics,13,35823.65,0.05,442422.08
2024-07-08,Headphones,Accessories,26,2423.93,0.05,59871.07
2024-07-08,Monitor,Electronics,9,14755.47,0.0,132799.23
2024-07-08,Keyboard,Accessories,21,1769.07,0.0,37150.47
2024-07-09,Laptop,Electronics,7,66466.2,0.0,465263.4
2024-07-09,Smartphone,Electronics,13,34580.58,0.0,449547.54
2024-07-09,Headphones,Accessories,27,2564.41,0.1,62315.16
2024-07-09,Monitor,Electronics,11,14588.04,0.0,160468.44
2024-07-09,Keyboard,Accessories,23,1824.9,0.0,41972.7
2024-07-10,Laptop,Electronics,7,64009.45,0.05,425662.84
2024-07-10,Smartphone,Electronics,13,33803.75,0.0,439448.75
2024-07-10,Headphones,Accessories,28,2533.57,0.1,63845.96
2024-07-10,Monitor,Electronics,10,15218.26,0.0,152182.6
2024-07-10,Keyboard,Accessories,20,1864.56,0.0,37291.2
2024-07-11,Laptop,Electronics,7,62457.2,0.0,437200.4
2024-07-11,Smartphone,Electronics,11,36019.08,0.1,356588.89
2024-07-11,Headphones,Accessories,25,2545.74,0.1,57279.15
2024-07-11,Monitor,Electronics,10,15241.74,0.05,144796.53
2024-07-11,Keyboard,Accessories,24,1827.56,0.1,39475.3
2024-07-12,Laptop,Electronics,7,64181.34,0.0,449269.38
2024-07-12,Smartphone,Electronics,12,34882.32,0.1,376729.06
2024-07-12,Headphones,Accessories,21,2540.03,0.05,50673.6
2024-07-12,Monitor,Electronics,11,15498.35,0.1,153433.66
2024-07-12,Keyboard,Accessories,25,1890.9,0.05,44908.88
2024-07-13,Laptop,Electronics,8,66698.27,0.05,506906.85
2024-07-13,Smartphone,Electronics,16,34569.37,0.0,553109.92
2024-07-13,Headphones,Accessories,29,2412.54,0.1,62967.29
2024-07-13,Monitor,Electronics,11,15210.18,0.05,158946.38
2024-07-13,Keyboard,Accessories,26,1839.84,0.05,45444.05
2024-07-14,Laptop,Electronics,8,63938.73,0.05,485934.35
2024-07-14,Smartphone,Electronics,12,36296.46,0.1,392001.77
2024-07-14,Headphones,Accessories,28,2420.2,0.05,64377.32
2024-07-14,Monitor,Electronics,12,15503.05,0.0,186036.6
2024-07-14,Keyboard,Accessories,25,1754.01,0.05,41657.74
2024-07-15,Laptop,Electronics,8,63570.3,0.05,483134.28
2024-07-15,Smartphone,Electronics,13,35414.48,0.0,460388.24
2024-07-15,Headphones,Accessories,29,2553.37,0.1,66642.96
2024-07-15,Monitor,Electronics,9,16148.23,0.0,145334.07
2024-07-15,Keyboard,Accessories,23,1748.2,0.0,40208.6
2024-07-16,Laptop,Electronics,7,66243.57,0.05,440519.74
2024-07-16,Smartphone,Electronics,12,34868.02,0.0,418416.24
2024-07-16,Headphones,Accessories,23,2490.69,0.05,54421.58
2024-07-16,Monitor,Electronics,9,15233.52,0.1,123391.51
2024-07-16,Keyboard,Accessories,22,1809.53,0.05,37819.18
2024-07-17,Laptop,Electronics,8,63973.69,0.15,435021.09
2024-07-17,Smartphone,Electronics,13,35065.43,0.05,433058.06
2024-07-17,Headphones,Accessories,24,2487.72,0.15,50749.49
2024-07-17,Monitor,Electronics,10,15115.67,0.1,136041.03
2024-07-17,Keyboard,Accessories,22,1766.4,0.0,38860.8
2024-07-18,Laptop,Electronics,7,63854.59,0.05,424633.02
2024-07-18,Smartphone,Electronics,12,34750.73,0.0,417008.76
2024-07-18,Headphones,Accessories,21,2471.07,0.1,46703.22
2024-07-18,Monitor,Electronics,9,14609.23,0.0,131483.07
2024-07-18,Keyboard,Accessories,21,1773.89,0.0,37251.69
2024-07-19,Laptop,Electronics,7,65294.82,0.0,457063.74
2024-07-19,Smartphone,Electronics,12,35290.56,0.0,423486.72
2024-07-19,Headphones,Accessories,25,2446.97,0.0,61174.25
2024-07-19,Monitor,Electronics,11,15105.82,0.0,166164.02
2024-07-19,Keyboard,Accessories,23,1921.19,0.0,44187.37
2024-07-20,Laptop,Electronics,7,66269.71,0.05,440693.57
2024-07-20,Smartphone,Electronics,13,34271.08,0.0,445524.04
2024-07-20,Headphones,Accessories,24,2354.88,0.05,53691.26
2024-07-20,Monitor,Electronics,13,15305.31,0.1,179072.13
2024-07-20,Keyboard,Accessories,23,1836.27,0.05,40122.5
2024-07-21,Laptop,Electronics,7,66373.38,0.0,464613.66
2024-07-21,Smartphone,Electronics,15,34934.6,0.05,497818.05
2024-07-21,Headphones,Accessories,31,2496.12,0.0,77379.72
2024-07-21,Monitor,Electronics,11,15395.41,0.0,169349.51
2024-07-21,Keyboard,Accessories,28,1787.67,0.0,50054.76
2024-07-22,Laptop,Electronics,7,62960.45,0.05,418686.99
2024-07-22,Smartphone,Electronics,15,34860.84,0.0,522912.6
2024-07-22,Headphones,Accessories,20,2553.99,0.05,48525.81
2024-07-22,Monitor,Electronics,10,14588.51,0.0,145885.1
2024-07-22,Keyboard,Accessories,20,1767.82,0.0,35356.4
2024-07-23,Laptop,Electronics,7,66354.17,0.1,418031.27
2024-07-23,Smartphone,Electronics,12,35389.45,0.0,424673.4
2024-07-23,Headphones,Accessories,28,2467.93,0.0,69102.04
2024-07-23,Monitor,Electronics,10,14683.16,0.1,132148.44
2024-07-23,Keyboard,Accessories,21,1821.77,0.05,36344.31
2024-07-24,Laptop,Electronics,7,63900.15,0.1,402570.94
2024-07-24,Smartphone,Electronics,11,34224.15,0.0,376465.65
2024-07-24,Headphones,Accessories,26,2523.45,0.05,62329.22
2024-07-24,Monitor,Electronics,9,15171.9,0.05,129719.74
2024-07-24,Keyboard,Accessories,20,1788.22,0.05,33976.18
2024-07-25,Laptop,Electronics,6,63914.86,0.0,383489.16
2024-07-25,Smartphone,Electronics,12,35778.74,0.05,407877.64
2024-07-25,Headphones,Accessories,23,2528.61,0.05,55250.13
2024-07-25,Monitor,Electronics,12,14474.62,0.15,147641.12
2024-07-25,Keyboard,Accessories,21,1862.48,0.1,35200.87
2024-07-26,Laptop,Electronics,7,63196.24,0.05,420255.0
2024-07-26,Smartphone,Electronics,13,35188.47,0.05,434577.6
2024-07-26,Headphones,Accessories,23,2500.12,0.0,57502.76
2024-07-26,Monitor,Electronics,8,15646.76,0.1,112656.67
2024-07-26,Keyboard,Accessories,19,1786.43,0.0,33942.17
2024-07-27,Laptop,Electronics,7,65535.45,0.05,435810.74
2024-07-27,Smartphone,Electronics,12,34522.02,0.0,414264.24
2024-07-27,Headphones,Accessories,26,2578.57,0.1,60338.54
2024-07-27,Monitor,Electronics,11,14832.66,0.0,163159.26
2024-07-27,Keyboard,Accessories,25,1883.19,0.1,42371.78
2024-07-28,Laptop,Electronics,7,64729.89,0.0,453109.23
2024-07-28,Smartphone,Electronics,13,36133.89,0.1,422766.51
2024-07-28,Headphones,Accessories,25,2424.71,0.0,60617.75
2024-07-28,Monitor,Electronics,11,15094.59,0.1,149436.44
2024-07-28,Keyboard,Accessories,25,1734.2,0.05,41187.25
2024-07-29,Laptop,Electronics,8,64259.75,0.1,462670.2
2024-07-29,Smartphone,Electronics,12,35466.73,0.0,425600.76
2024-07-29,Headphones,Accessories,27,2592.04,0.15,59487.32
2024-07-29,Monitor,Electronics,9,14520.24,0.0,130682.16
2024-07-29,Keyboard,Accessories,18,1782.34,0.0,32082.12
2024-07-30,Laptop,Electronics,7,63123.62,0.1,397678.81
2024-07-30,Smartphone,Electronics,12,33995.77,0.0,407949.24
2024-07-30,Headphones,Accessories,25,2530.3,0.05,60094.63
2024-07-30,Monitor,Electronics,10,14388.57,0.05,136691.42
2024-07-30,Keyboard,Accessories,24,1836.72,0.05,41877.22
2024-07-31,Laptop,Electronics,6,67839.47,0.0,407036.82
2024-07-31,Smartphone,Electronics,12,35519.69,0.05,404924.47
2024-07-31,Headphones,Accessories,23,2461.96,0.0,56625.08
2024-07-31,Monitor,Electronics,9,14293.21,0.1,115775.0
2024-07-31,Keyboard,Accessories,23,1774.33,0.05,38769.11
2024-08-01,Laptop,Electronics,7,61992.72,0.0,433949.04
2024-08-01,Smartphone,Electronics,10,36738.87,0.0,367388.7
2024-08-01,Headphones,Accessories,25,2436.96,0.1,54831.6
2024-08-01,Monitor,Electronics,11,14682.63,0.05,153433.48
2024-08-01,Keyboard,Accessories,26,1836.45,0.1,42972.93
2024-08-02,Laptop,Electronics,6,63439.92,0.0,380639.52
2024-08-02,Smartphone,Electronics,12,35443.07,0.0,425316.84
2024-08-02,Headphones,Accessories,22,2650.73,0.0,58316.06
2024-08-02,Monitor,Electronics,10,14745.21,0.05,140079.49
2024-08-02,Keyboard,Accessories,22,1790.45,0.05,37420.4
2024-08-03,Laptop,Electronics,6,65946.15,0.1,356109.21
2024-08-03,Smartphone,Electronics,10,34247.16,0.0,342471.6
2024-08-03,Headphones,Accessories,27,2481.15,0.05,63641.5
2024-08-03,Monitor,Electronics,11,14499.19,0.0,159491.09
2024-08-03,Keyboard,Accessories,19,1846.29,0.1,31571.56
2024-08-04,Laptop,Electronics,7,67154.42,0.0,470080.94
2024-08-04,Smartphone,Electronics,14,34546.22,0.0,483647.08
2024-08-04,Headphones,Accessories,23,2322.99,0.1,48085.89
2024-08-04,Monitor,Electronics,10,14512.0,0.1,130608.0
2024-08-04,Keyboard,Accessories,22,1851.93,0.05,38705.34
2024-08-05,Laptop,Electronics,7,64696.44,0.0,452875.08
2024-08-05,Smartphone,Electronics,12,35393.07,0.05,403481.0
2024-08-05,Headphones,Accessories,24,2467.89,0.0,59229.36
2024-08-05,Monitor,Electronics,10,14631.64,0.15,124368.94
2024-08-05,Keyboard,Accessories,25,1822.46,0.0,45561.5
2024-08-06,Laptop,Electronics,6,64664.26,0.05,368586.28
2024-08-06,Smartphone,Electronics,12,35426.49,0.0,425117.88
2024-08-06,Headphones,Accessories,26,2371.88,0.0,61668.88
2024-08-06,Monitor,Electronics,10,15160.36,0.05,144023.42
2024-08-06,Keyboard,Accessories,19,1768.08,0.0,33593.52
2024-08-07,Laptop,Electronics,6,62096.21,0.05,353948.4
2024-08-07,Smartphone,Electronics,11,35178.84,0.0,386967.24
2024-08-07,Headphones,Accessories,24,2478.15,0.1,53528.04
2024-08-07,Monitor,Electronics,10,14801.5,0.0,148015.0
2024-08-07,Keyboard,Accessories,22,1845.82,0.0,40608.04
2024-08-08,Laptop,Electronics,8,65029.9,0.15,442203.32
2024-08-08,Smartphone,Electronics,12,34776.06,0.1,375581.45
2024-08-08,Headphones,Accessories,25,2543.3,0.05,60403.38
2024-08-08,Monitor,Electronics,11,14789.4,0.05,154549.23
2024-08-08,Keyboard,Accessories,20,1881.81,0.05,35754.39
2024-08-09,Laptop,Electronics,7,65445.29,0.1,412305.33
2024-08-09,Smartphone,Electronics,13,35122.81,0.0,456596.53
2024-08-09,Headphones,Accessories,26,2486.66,0.0,64653.16
2024-08-09,Monitor,Electronics,10,15457.11,0.05,146842.55
2024-08-09,Keyboard,Accessories,23,1720.59,0.0,39573.57
2024-08-10,Laptop,Electronics,7,65681.87,0.05,436784.44
2024-08-10,Smartphone,Electronics,14,33968.54,0.1,428003.6
2024-08-10,Headphones,Accessories,26,2536.24,0.1,59348.02
2024-08-10,Monitor,Electronics,11,14873.86,0.05,155431.84
2024-08-10,Keyboard,Accessories,21,1816.26,0.1,34327.31
2024-08-11,Laptop,Electronics,8,63128.21,0.0,505025.68
2024-08-11,Smartphone,Electronics,13,33363.91,0.0,433730.83
2024-08-11,Headphones,Accessories,25,2478.84,0.0,61971.0
2024-08-11,Monitor,Electronics,11,15094.3,0.0,166037.3
2024-08-11,Keyboard,Accessories,21,1789.89,0.0,37587.69
2024-08-12,Laptop,Electronics,8,67690.04,0.0,541520.32
2024-08-12,Smartphone,Electronics,11,34556.14,0.1,342105.79
2024-08-12,Headphones,Accessories,24,2546.23,0.0,61109.52
2024-08-12,Monitor,Electronics,10,14805.01,0.0,148050.1
2024-08-12,Keyboard,Accessories,22,1781.48,0.0,39192.56
2024-08-13,Laptop,Electronics,6,66632.46,0.0,399794.76
2024-08-13,Smartphone,Electronics,10,36308.07,0.15,308618.6
2024-08-13,Headphones,Accessories,20,2521.31,0.05,47904.89
2024-08-13,Monitor,Electronics,10,14899.63,0.0,148996.3
2024-08-13,Keyboard,Accessories,20,1803.15,0.0,36063.0
2024-08-14,Laptop,Electronics,7,65763.82,0.0,460346.74
2024-08-14,Smartphone,Electronics,12,34519.84,0.1,372814.27
2024-08-14,Headphones,Accessories,24,2443.96,0.0,58655.04
2024-08-14,Monitor,Electronics,10,14709.36,0.0,147093.6
2024-08-14,Keyboard,Accessories,15,1783.13,0.0,26746.95
2024-08-15,Laptop,Electronics,7,61148.34,0.0,428038.38
2024-08-15,Smartphone,Electronics,13,35274.04,0.1,412706.27
2024-08-15,Headphones,Accessories,24,2489.4,0.0,59745.6
2024-08-15,Monitor,Electronics,9,14343.06,0.05,122633.16
2024-08-15,Keyboard,Accessories,25,1761.32,0.0,44033.0
2024-08-16,Laptop,Electronics,6,66261.05,0.1,357809.67
2024-08-16,Smartphone,Electronics,11,35533.77,0.0,390871.47
2024-08-16,Headphones,Accessories,21,2468.66,0.05,49249.77
2024-08-16,Monitor,Electronics,10,15364.87,0.1,138283.83
2024-08-16,Keyboard,Accessories,19,1785.11,0.05,32221.24
2024-08-17,Laptop,Electronics,8,63144.78,0.0,505158.24
2024-08-17,Smartphone,Electronics,14,36600.92,0.1,461171.59
2024-08-17,Headphones,Accessories,25,2385.88,0.05,56664.65
2024-08-17,Monitor,Electronics,9,14295.0,0.0,128655.0
2024-08-17,Keyboard,Accessories,26,1809.44,0.0,47045.44
2024-08-18,Laptop,Electronics,7,65691.35,0.1,413855.51
2024-08-18,Smartphone,Electronics,14,35258.5,0.0,493619.0
2024-08-18,Headphones,Accessories,24,2457.69,0.1,53086.1
2024-08-18,Monitor,Electronics,11,14851.45,0.0,163365.95
2024-08-18,Keyboard,Accessories,25,1820.31,0.0,45507.75
2024-08-19,Laptop,Electronics,7,67743.72,0.05,450495.74
2024-08-19,Smartphone,Electronics,12,36559.07,0.0,438708.84
2024-08-19,Headphones,Accessories,26,2452.13,0.0,63755.38
2024-08-19,Monitor,Electronics,9,15284.06,0.05,130678.71
2024-08-19,Keyboard,Accessories,19,1831.95,0.0,34807.05
2024-08-20,Laptop,Electronics,7,63394.71,0.1,399386.67
2024-08-20,Smartphone,Electronics,11,33149.49,0.1,328179.95
2024-08-20,Headphones,Accessories,23,2373.39,0.0,54587.97
2024-08-20,Monitor,Electronics,9,14879.36,0.0,133914.24
2024-08-20,Keyboard,Accessories,19,1886.01,0.05,34042.48
2024-08-21,Laptop,Electronics,6,63585.83,0.05,362439.23
2024-08-21,Smartphone,Electronics,12,35820.68,0.05,408355.75
2024-08-21,Headphones,Accessories,22,2500.03,0.0,55000.66
2024-08-21,Monitor,Electronics,8,15397.02,0.1,110858.54
2024-08-21,Keyboard,Accessories,19,1787.42,0.05,32262.93
2024-08-22,Laptop,Electronics,7,61980.91,0.05,412173.05
2024-08-22,Smartphone,Electronics,12,35133.38,0.05,400520.53
2024-08-22,Headphones,Accessories,25,2509.26,0.0,62731.5
2024-08-22,Monitor,Electronics,10,14573.37,0.05,138447.02
2024-08-22,Keyboard,Accessories,21,1802.07,0.05,35951.3
2024-08-23,Laptop,Electronics,7,62975.91,0.05,418789.8
2024-08-23,Smartphone,Electronics,10,34669.24,0.0,346692.4
2024-08-23,Headphones,Accessories,22,2517.95,0.0,55394.9
2024-08-23,Monitor,Electronics,10,15270.43,0.0,152704.3
2024-08-23,Keyboard,Accessories,18,1765.9,0.0,31786.2
2024-08-24,Laptop,Electronics,8,65218.23,0.15,443483.96
2024-08-24,Smartphone,Electronics,13,37420.23,0.0,486462.99
2024-08-24,Headphones,Accessories,20,2554.78,0.05,48540.82
2024-08-24,Monitor,Electronics,9,14776.84,0.0,132991.56
2024-08-24,Keyboard,Accessories,21,1787.04,0.0,37527.84
2024-08-25,Laptop,Electronics,7,65446.46,0.05,435218.96
2024-08-25,Smartphone,Electronics,14,35295.77,0.0,494140.78
2024-08-25,Headphones,Accessories,24,2397.96,0.05,54673.49
2024-08-25,Monitor,Electronics,9,15426.49,0.0,138838.41
2024-08-25,Keyboard,Accessories,21,1814.7,0.05,36203.26
2024-08-26,Laptop,Electronics,7,66724.73,0.1,420365.8
2024-08-26,Smartphone,Electronics,11,35947.92,0.05,375655.76
2024-08-26,Headphones,Accessories,21,2528.09,0.0,53089.89
2024-08-26,Monitor,Electronics,9,14348.21,0.05,122677.2
2024-08-26,Keyboard,Accessories,20,1818.74,0.0,36374.8
2024-08-27,Laptop,Electronics,8,63956.43,0.05,486068.87
2024-08-27,Smartphone,Electronics,12,34208.94,0.05,389981.92
2024-08-27,Headphones,Accessories,25,2420.6,0.1,54463.5
2024-08-27,Monitor,Electronics,10,14779.02,0.05,140400.69
2024-08-27,Keyboard,Accessories,19,1751.43,0.05,31613.31
2024-08-28,Laptop,Electronics,8,65932.87,0.0,527462.96
2024-08-28,Smartphone,Electronics,11,36893.51,0.0,405828.61
2024-08-28,Headphones,Accessories,25,2612.27,0.0,65306.75
2024-08-28,Monitor,Electronics,9,14941.66,0.1,121027.45
2024-08-28,Keyboard,Accessories,19,1855.35,0.05,33489.07
2024-08-29,Laptop,Electronics,8,64059.05,0.05,486848.78
2024-08-29,Smartphone,Electronics,12,34880.13,0.0,418561.56
2024-08-29,Headphones,Accessories,24,2438.82,0.15,49751.93
2024-08-29,Monitor,Electronics,9,14937.89,0.0,134441.01
2024-08-29,Keyboard,Accessories,18,1800.99,0.05,30796.93
2024-08-30,Laptop,Electronics,6,62258.07,0.0,373548.42
2024-08-30,Smartphone,Electronics,11,35839.96,0.0,394239.56
2024-08-30,Headphones,Accessories,22,2622.08,0.05,54801.47
2024-08-30,Monitor,Electronics,10,15191.57,0.15,129128.34
2024-08-30,Keyboard,Accessories,21,1746.21,0.05,34836.89
2024-08-31,Laptop,Electronics,6,67421.87,0.0,404531.22
2024-08-31,Smartphone,Electronics,12,34156.03,0.0,409872.36
2024-08-31,Headphones,Accessories,23,2542.28,0.0,58472.44
2024-08-31,Monitor,Electronics,12,15446.46,0.1,166821.77
2024-08-31,Keyboard,Accessories,18,1841.39,0.1,29830.52
2024-09-01,Laptop,Electronics,7,65126.98,0.05,433094.42
2024-09-01,Smartphone,Electronics,12,35703.43,0.0,428441.16
2024-09-01,Headphones,Accessories,25,2495.27,0.0,62381.75
2024-09-01,Monitor,Electronics,9,15064.71,0.1,122024.15
2024-09-01,Keyboard,Accessories,24,1867.01,0.1,40327.42
2024-09-02,Laptop,Electronics,7,63649.18,0.05,423267.05
2024-09-02,Smartphone,Electronics,12,35498.54,0.0,425982.48
2024-09-02,Headphones,Accessories,25,2449.15,0.0,61228.75
2024-09-02,Monitor,Electronics,10,14050.41,0.05,133478.89
2024-09-02,Keyboard,Accessories,21,1821.27,0.05,36334.34
2024-09-03,Laptop,Electronics,6,64345.0,0.0,386070.0
2024-09-03,Smartphone,Electronics,10,36338.13,0.0,363381.3
2024-09-03,Headphones,Accessories,26,2512.99,0.0,65337.74
2024-09-03,Monitor,Electronics,9,14456.47,0.0,130108.23
2024-09-03,Keyboard,Accessories,22,1818.82,0.05,38013.34
2024-09-04,Laptop,Electronics,7,64091.09,0.05,426205.75
2024-09-04,Smartphone,Electronics,12,35963.66,0.1,388407.53
2024-09-04,Headphones,Accessories,20,2609.17,0.15,44355.89
2024-09-04,Monitor,Electronics,12,15333.39,0.0,184000.68
2024-09-04,Keyboard,Accessories,23,1887.09,0.0,43403.07
2024-09-05,Laptop,Electronics,7,64002.05,0.1,403212.92
2024-09-05,Smartphone,Electronics,10,35115.74,0.05,333599.53
2024-09-05,Headphones,Accessories,23,2449.69,0.0,56342.87
2024-09-05,Monitor,Electronics,9,14794.44,0.0,133149.96
2024-09-05,Keyboard,Accessories,21,1774.77,0.05,35406.66
2024-09-06,Laptop,Electronics,5,64449.63,0.1,290023.33
2024-09-06,Smartphone,Electronics,11,33974.8,0.0,373722.8
2024-09-06,Headphones,Accessories,24,2454.09,0.05,55953.25
2024-09-06,Monitor,Electronics,10,15383.82,0.15,130762.47
2024-09-06,Keyboard,Accessories,25,1826.84,0.0,45671.0
2024-09-07,Laptop,Electronics,7,64644.69,0.0,452512.83
2024-09-07,Smartphone,Electronics,10,35104.65,0.0,351046.5
2024-09-07,Headphones,Accessories,28,2368.4,0.0,66315.2
2024-09-07,Monitor,Electronics,9,15663.81,0.05,133925.58
2024-09-07,Keyboard,Accessories,22,1797.11,0.0,39536.42
2024-09-08,Laptop,Electronics,7,65824.56,0.05,437733.32
2024-09-08,Smartphone,Electronics,11,33602.1,0.0,369623.1
2024-09-08,Headphones,Accessories,27,2565.01,0.05,65792.51
2024-09-08,Monitor,Electronics,11,14981.97,0.0,164801.67
2024-09-08,Keyboard,Accessories,20,1740.95,0.1,31337.1
2024-09-09,Laptop,Electronics,7,65083.2,0.0,455582.4
2024-09-09,Smartphone,Electronics,10,33510.63,0.15,284840.36
2024-09-09,Headphones,Accessories,25,2466.65,0.0,61666.25
2024-09-09,Monitor,Electronics,9,15599.68,0.05,133377.26
2024-09-09,Keyboard,Accessories,22,1821.39,0.1,36063.52
2024-09-10,Laptop,Electronics,7,64404.86,0.0,450834.02
2024-09-10,Smartphone,Electronics,13,33060.28,0.0,429783.64
2024-09-10,Headphones,Accessories,24,2500.39,0.0,60009.36
2024-09-10,Monitor,Electronics,9,15610.94,0.0,140498.46
2024-09-10,Keyboard,Accessories,24,1747.41,0.05,39840.95
2024-09-11,Laptop,Electronics,5,63291.62,0.05,300635.2
2024-09-11,Smartphone,Electronics,10,35230.6,0.05,334690.7
2024-09-11,Headphones,Accessories,29,2599.65,0.0,75389.85
2024-09-11,Monitor,Electronics,11,14765.96,0.05,154304.28
2024-09-11,Keyboard,Accessories,23,1751.52,0.05,38270.71
2024-09-12,Laptop,Electronics,7,66345.61,0.05,441198.31
2024-09-12,Smartphone,Electronics,10,34968.65,0.0,349686.5
2024-09-12,Headphones,Accessories,28,2407.86,0.05,64049.08
2024-09-12,Monitor,Electronics,8,14987.89,0.05,113907.96
2024-09-12,Keyboard,Accessories,21,1783.8,0.1,33713.82
2024-09-13,Laptop,Electronics,7,62888.77,0.0,440221.39
2024-09-13,Smartphone,Electronics,12,36855.5,0.0,442266.0
2024-09-13,Headphones,Accessories,26,2503.23,0.0,65083.98
2024-09-13,Monitor,Electronics,10,15069.3,0.05,143158.35
2024-09-13,Keyboard,Accessories,20,1859.04,0.05,35321.76
2024-09-14,Laptop,Electronics,7,66343.29,0.0,464403.03
2024-09-14,Smartphone,Electronics,11,34441.5,0.0,378856.5
2024-09-14,Headphones,Accessories,27,2385.32,0.05,61183.46
2024-09-14,Monitor,Electronics,12,14541.41,0.0,174496.92
2024-09-14,Keyboard,Accessories,19,1804.24,0.0,34280.56
2024-09-15,Laptop,Electronics,8,64356.13,0.0,514849.04
2024-09-15,Smartphone,Electronics,14,36034.75,0.1,454037.85
2024-09-15,Headphones,Accessories,31,2407.53,0.05,70901.76
2024-09-15,Monitor,Electronics,11,15074.61,0.15,140947.6
2024-09-15,Keyboard,Accessories,20,1845.32,0.1,33215.76
2024-09-16,Laptop,Electronics,6,65732.7,0.0,394396.2
2024-09-16,Smartphone,Electronics,14,35000.6,0.0,490008.4
2024-09-16,Headphones,Accessories,25,2549.11,0.0,63727.75
2024-09-16,Monitor,Electronics,8,14844.29,0.15,100941.17
2024-09-16,Keyboard,Accessories,22,1808.44,0.0,39785.68
2024-09-17,Laptop,Electronics,7,66193.79,0.05,440188.7
2024-09-17,Smartphone,Electronics,11,35364.81,0.0,389012.91
2024-09-17,Headphones,Accessories,26,2555.92,0.05,63131.22
2024-09-17,Monitor,Electronics,9,14452.15,0.0,130069.35
2024-09-17,Keyboard,Accessories,25,1757.34,0.05,41736.82
2024-09-18,Laptop,Electronics,6,62695.65,0.0,376173.9
2024-09-18,Smartphone,Electronics,12,34445.0,0.1,372006.0
2024-09-18,Headphones,Accessories,27,2456.7,0.1,59697.81
2024-09-18,Monitor,Electronics,9,15138.77,0.15,115811.59
2024-09-18,Keyboard,Accessories,18,1747.94,0.0,31462.92
2024-09-19,Laptop,Electronics,6,64943.11,0.0,389658.66
2024-09-19,Smartphone,Electronics,12,34486.41,0.1,372453.23
2024-09-19,Headphones,Accessories,25,2473.05,0.1,55643.63
2024-09-19,Monitor,Electronics,9,15158.7,0.05,129606.88
2024-09-19,Keyboard,Accessories,21,1816.39,0.0,38144.19
2024-09-20,Laptop,Electronics,8,65014.35,0.05,494109.06
2024-09-20,Smartphone,Electronics,11,34362.93,0.1,340193.01
2024-09-20,Headphones,Accessories,23,2521.29,0.05,55090.19
2024-09-20,Monitor,Electronics,10,15221.41,0.1,136992.69
2024-09-20,Keyboard,Accessories,22,1780.82,0.0,39178.04
2024-09-21,Laptop,Electronics,8,66417.51,0.05,504773.08
2024-09-21,Smartphone,Electronics,13,34678.52,0.0,450820.76
2024-09-21,Headphones,Accessories,26,2490.61,0.05,61518.07
2024-09-21,Monitor,Electronics,10,15393.75,0.0,153937.5
2024-09-21,Keyboard,Accessories,23,1855.31,0.0,42672.13
2024-09-22,Laptop,Electronics,7,67935.62,0.05,451771.87
2024-09-22,Smartphone,Electronics,14,34867.25,0.1,439327.35
2024-09-22,Headphones,Accessories,24,2519.67,0.1,54424.87
2024-09-22,Monitor,Electronics,11,15396.51,0.0,169361.61
2024-09-22,Keyboard,Accessories,23,1827.37,0.0,42029.51
2024-09-23,Laptop,Electronics,7,64638.08,0.0,452466.56
2024-09-23,Smartphone,Electronics,11,35163.88,0.05,367462.55
2024-09-23,Headphones,Accessories,21,2447.69,0.1,46261.34
2024-09-23,Monitor,Electronics,10,14726.38,0.0,147263.8
2024-09-23,Keyboard,Accessories,22,1801.78,0.0,39639.16
2024-09-24,Laptop,Electronics,6,62963.39,0.05,358891.32
2024-09-24,Smartphone,Electronics,12,34861.62,0.05,397422.47
2024-09-24,Headphones,Accessories,21,2501.53,0.15,44652.31
2024-09-24,Monitor,Electronics,9,14960.12,0.05,127909.03
2024-09-24,Keyboard,Accessories,17,1878.56,0.0,31935.52
2024-09-25,Laptop,Electronics,6,65946.95,0.1,356113.53
2024-09-25,Smartphone,Electronics,10,36598.85,0.05,347689.08
2024-09-25,Headphones,Accessories,26,2448.24,0.05,60471.53
2024-09-25,Monitor,Electronics,10,14372.91,0.15,122169.74
2024-09-25,Keyboard,Accessories,22,1794.51,0.0,39479.22
2024-09-26,Laptop,Electronics,6,64335.97,0.0,386015.82
2024-09-26,Smartphone,Electronics,10,35456.12,0.0,354561.2
2024-09-26,Headphones,Accessories,24,2481.98,0.1,53610.77
2024-09-26,Monitor,Electronics,8,14931.94,0.05,113482.74
2024-09-26,Keyboard,Accessories,18,1732.97,0.05,29633.79
2024-09-27,Laptop,Electronics,6,65534.8,0.0,393208.8
2024-09-27,Smartphone,Electronics,11,34602.93,0.1,342569.01
2024-09-27,Headphones,Accessories,22,2376.94,0.05,49678.05
2024-09-27,Monitor,Electronics,10,15010.5,0.1,135094.5
2024-09-27,Keyboard,Accessories,21,1799.0,0.05,35890.05
2024-09-28,Laptop,Electronics,7,62358.4,0.15,371032.48
2024-09-28,Smartphone,Electronics,11,36140.57,0.0,397546.27
2024-09-28,Headphones,Accessories,22,2467.68,0.1,48860.06
2024-09-28,Monitor,Electronics,11,14813.41,0.0,162947.51
2024-09-28,Keyboard,Accessories,20,1764.46,0.0,35289.2
2024-09-29,Laptop,Electronics,6,65766.26,0.0,394597.56
2024-09-29,Smartphone,Electronics,13,34736.31,0.1,406414.83
2024-09-29,Headphones,Accessories,20,2494.62,0.0,49892.4
2024-09-29,Monitor,Electronics,9,14603.06,0.0,131427.54
2024-09-29,Keyboard,Accessories,23,1775.23,0.0,40830.29
2024-09-30,Laptop,Electronics,6,65519.4,0.0,393116.4
2024-09-30,Smartphone,Electronics,11,36140.37,0.0,397544.07
2024-09-30,Headphones,Accessories,23,2513.77,0.1,52035.04
2024-09-30,Monitor,Electronics,9,14877.9,0.1,120510.99
2024-09-30,Keyboard,Accessories,19,1759.91,0.0,33438.29
2024-10-01,Laptop,Electronics,6,62399.56,0.05,355677.49
2024-10-01,Smartphone,Electronics,12,34240.44,0.0,410885.28
2024-10-01,Headphones,Accessories,24,2376.97,0.1,51342.55
2024-10-01,Monitor,Electronics,10,15487.7,0.0,154877.0
2024-10-01,Keyboard,Accessories,19,1804.4,0.0,34283.6
2024-10-02,Laptop,Electronics,6,64846.24,0.0,389077.44
2024-10-02,Smartphone,Electronics,11,34891.74,0.0,383809.14
2024-10-02,Headphones,Accessories,25,2491.62,0.0,62290.5
2024-10-02,Monitor,Electronics,9,15100.99,0.15,115522.57
2024-10-02,Keyboard,Accessories,23,1774.55,0.0,40814.65
2024-10-03,Laptop,Electronics,6,65792.29,0.0,394753.74
2024-10-03,Smartphone,Electronics,12,35754.09,0.1,386144.17
2024-10-03,Headphones,Accessories,23,2466.98,0.0,56740.54
2024-10-03,Monitor,Electronics,8,15495.07,0.0,123960.56
2024-10-03,Keyboard,Accessories,23,1817.09,0.0,41793.07
2024-10-04,Laptop,Electronics,6,64452.07,0.0,386712.42
2024-10-04,Smartphone,Electronics,12,33799.72,0.05,385316.81
2024-10-04,Headphones,Accessories,21,2587.81,0.1,48909.61
2024-10-04,Monitor,Electronics,9,14462.57,0.1,117146.82
2024-10-04,Keyboard,Accessories,20,1836.05,0.05,34884.95
2024-10-05,Laptop,Electronics,7,64754.14,0.05,430615.03
2024-10-05,Smartphone,Electronics,11,33789.47,0.0,371684.17
2024-10-05,Headphones,Accessories,24,2450.67,0.0,58816.08
2024-10-05,Monitor,Electronics,9,14982.95,0.0,134846.55
2024-10-05,Keyboard,Accessories,23,1874.41,0.1,38800.29
2024-10-06,Laptop,Electronics,8,68923.1,0.0,551384.8
2024-10-06,Smartphone,Electronics,11,33707.69,0.1,333706.13
2024-10-06,Headphones,Accessories,26,2491.5,0.05,61540.05
2024-10-06,Monitor,Electronics,11,15091.13,0.0,166002.43
2024-10-06,Keyboard,Accessories,22,1724.86,0.0,37946.92
2024-10-07,Laptop,Electronics,7,65285.25,0.0,456996.75
2024-10-07,Smartphone,Electronics,12,34910.99,0.0,418931.88
2024-10-07,Headphones,Accessories,18,2489.87,0.1,40335.89
2024-10-07,Monitor,Electronics,11,15149.26,0.1,149977.67
2024-10-07,Keyboard,Accessories,19,1714.14,0.1,29311.79
2024-10-08,Laptop,Electronics,7,64097.62,0.1,403815.01
2024-10-08,Smartphone,Electronics,13,35621.73,0.1,416774.24
2024-10-08,Headphones,Accessories,23,2568.36,0.0,59072.28
2024-10-08,Monitor,Electronics,11,14646.54,0.05,153056.34
2024-10-08,Keyboard,Accessories,19,1858.12,0.05,33539.07
2024-10-09,Laptop,Electronics,7,63802.75,0.05,424288.29
2024-10-09,Smartphone,Electronics,11,34185.67,0.05,357240.25
2024-10-09,Headphones,Accessories,20,2494.26,0.15,42402.42
2024-10-09,Monitor,Electronics,9,14029.34,0.1,113637.65
2024-10-09,Keyboard,Accessories,25,1810.09,0.0,45252.25
2024-10-10,Laptop,Electronics,6,64761.84,0.0,388571.04
2024-10-10,Smartphone,Electronics,12,35404.67,0.05,403613.24
2024-10-10,Headphones,Accessories,25,2454.96,0.05,58305.3
2024-10-10,Monitor,Electronics,10,15285.32,0.15,129925.22
2024-10-10,Keyboard,Accessories,17,1838.89,0.05,29698.07
2024-10-11,Laptop,Electronics,6,63744.58,0.1,344220.73
2024-10-11,Smartphone,Electronics,9,36317.35,0.05,310513.34
2024-10-11,Headphones,Accessories,23,2557.09,0.1,52931.76
2024-10-11,Monitor,Electronics,10,14945.89,0.1,134513.01
2024-10-11,Keyboard,Accessories,20,1742.44,0.0,34848.8
2024-10-12,Laptop,Electronics,7,67986.91,0.05,452112.95
2024-10-12,Smartphone,Electronics,12,34465.04,0.0,413580.48
2024-10-12,Headphones,Accessories,27,2382.71,0.1,57899.85
2024-10-12,Monitor,Electronics,9,15708.92,0.15,120173.24
2024-10-12,Keyboard,Accessories,23,1807.64,0.05,39496.93
2024-10-13,Laptop,Electronics,7,65590.06,0.0,459130.42
2024-10-13,Smartphone,Electronics,15,36096.04,0.05,514368.57
2024-10-13,Headphones,Accessories,25,2431.11,0.05,57738.86
2024-10-13,Monitor,Electronics,10,15046.53,0.05,142942.04
2024-10-13,Keyboard,Accessories,24,1752.77,0.05,39963.16
2024-10-14,Laptop,Electronics,6,69065.17,0.05,393671.47
2024-10-14,Smartphone,Electronics,12,33178.16,0.0,398137.92
2024-10-14,Headphones,Accessories,22,2531.68,0.0,55696.96
2024-10-14,Monitor,Electronics,11,14709.52,0.0,161804.72
2024-10-14,Keyboard,Accessories,22,1723.4,0.0,37914.8
2024-10-15,Laptop,Electronics,5,65046.24,0.05,308969.64
2024-10-15,Smartphone,Electronics,11,34522.15,0.0,379743.65
2024-10-15,Headphones,Accessories,28,2522.54,0.05,67099.56
2024-10-15,Monitor,Electronics,12,15141.41,0.0,181696.92
2024-10-15,Keyboard,Accessories,15,1771.66,0.0,26574.9
2024-10-16,Laptop,Electronics,6,64008.91,0.05,364850.79
2024-10-16,Smartphone,Electronics,10,35173.85,0.0,351738.5
2024-10-16,Headphones,Accessories,27,2486.71,0.0,67141.17
2024-10-16,Monitor,Electronics,9,14966.97,0.0,134702.73
2024-10-16,Keyboard,Accessories,24,1882.98,0.0,45191.52
2024-10-17,Laptop,Electronics,6,64482.86,0.0,386897.16
2024-10-17,Smartphone,Electronics,12,34714.2,0.15,354084.84
2024-10-17,Headphones,Accessories,28,2550.13,0.0,71403.64
2024-10-17,Monitor,Electronics,9,15805.68,0.05,135138.56
2024-10-17,Keyboard,Accessories,19,1843.05,0.0,35017.95
2024-10-18,Laptop,Electronics,7,64950.6,0.05,431921.49
2024-10-18,Smartphone,Electronics,10,35262.19,0.0,352621.9
2024-10-18,Headphones,Accessories,24,2571.55,0.05,58631.34
2024-10-18,Monitor,Electronics,9,15147.49,0.05,129511.04
2024-10-18,Keyboard,Accessories,21,1775.7,0.1,33560.73
2024-10-19,Laptop,Electronics,6,65335.34,0.05,372411.44
2024-10-19,Smartphone,Electronics,12,36248.27,0.1,391481.32
2024-10-19,Headphones,Accessories,28,2517.45,0.05,66964.17
2024-10-19,Monitor,Electronics,10,14712.18,0.0,147121.8
2024-10-19,Keyboard,Accessories,23,1813.38,0.05,39622.35
2024-10-20,Laptop,Electronics,7,64064.09,0.1,403603.77
2024-10-20,Smartphone,Electronics,10,34873.21,0.05,331295.49
2024-10-20,Headphones,Accessories,25,2484.63,0.05,59009.96
2024-10-20,Monitor,Electronics,10,14885.39,0.0,148853.9
2024-10-20,Keyboard,Accessories,22,1866.21,0.05,39003.79
2024-10-21,Laptop,Electronics,8,64635.48,0.1,465375.46
2024-10-21,Smartphone,Electronics,12,34248.17,0.1,369880.24
2024-10-21,Headphones,Accessories,27,2475.79,0.0,66846.33
2024-10-21,Monitor,Electronics,10,15156.52,0.0,151565.2
2024-10-21,Keyboard,Accessories,21,1809.97,0.0,38009.37
2024-10-22,Laptop,Electronics,7,66251.66,0.1,417385.46
2024-10-22,Smartphone,Electronics,12,34483.84,0.05,393115.78
2024-10-22,Headphones,Accessories,23,2460.95,0.0,56601.85
2024-10-22,Monitor,Electronics,11,15332.32,0.15,143357.19
2024-10-22,Keyboard,Accessories,24,1777.81,0.0,42667.44
2024-10-23,Laptop,Electronics,7,65376.74,0.1,411873.46
2024-10-23,Smartphone,Electronics,11,34042.43,0.1,337020.06
2024-10-23,Headphones,Accessories,28,2404.35,0.0,67321.8
2024-10-23,Monitor,Electronics,9,15281.23,0.0,137531.07
2024-10-23,Keyboard,Accessories,21,1714.95,0.0,36013.95
2024-10-24,Laptop,Electronics,6,62267.44,0.0,373604.64
2024-10-24,Smartphone,Electronics,13,35181.65,0.0,457361.45
2024-10-24,Headphones,Accessories,28,2562.5,0.0,71750.0
2024-10-24,Monitor,Electronics,9,15621.08,0.05,133560.23
2024-10-24,Keyboard,Accessories,20,1804.43,0.0,36088.6
2024-10-25,Laptop,Electronics,7,65549.18,0.05,435902.05
2024-10-25,Smartphone,Electronics,12,35423.01,0.05,403822.31
2024-10-25,Headphones,Accessories,25,2519.48,0.05,59837.65
2024-10-25,Monitor,Electronics,7,14806.89,0.15,88101.0
2024-10-25,Keyboard,Accessories,20,1810.96,0.1,32597.28
2024-10-26,Laptop,Electronics,7,64943.9,0.05,431876.94
2024-10-26,Smartphone,Electronics,14,34810.01,0.0,487340.14
2024-10-26,Headphones,Accessories,26,2578.91,0.0,67051.66
2024-10-26,Monitor,Electronics,10,15179.94,0.0,151799.4
2024-10-26,Keyboard,Accessories,25,1795.59,0.0,44889.75
2024-10-27,Laptop,Electronics,7,64599.63,0.0,452197.41
2024-10-27,Smartphone,Electronics,12,36319.72,0.0,435836.64
2024-10-27,Headphones,Accessories,25,2439.61,0.1,54891.22
2024-10-27,Monitor,Electronics,9,14977.05,0.1,121314.1
2024-10-27,Keyboard,Accessories,27,1784.57,0.15,40955.88
2024-10-28,Laptop,Electronics,6,66596.27,0.0,399577.62
2024-10-28,Smartphone,Electronics,11,35314.54,0.05,369036.94
2024-10-28,Headphones,Accessories,21,2620.9,0.0,55038.9
2024-10-28,Monitor,Electronics,10,15098.83,0.0,150988.3
2024-10-28,Keyboard,Accessories,18,1918.7,0.0,34536.6
2024-10-29,Laptop,Electronics,7,62455.82,0.1,393471.67
2024-10-29,Smartphone,Electronics,12,35490.93,0.05,404596.6
2024-10-29,Headphones,Accessories,25,2431.86,0.0,60796.5
2024-10-29,Monitor,Electronics,9,14410.66,0.15,110241.55
2024-10-29,Keyboard,Accessories,21,1771.82,0.0,37208.22
2024-10-30,Laptop,Electronics,7,63093.62,0.05,419572.57
2024-10-30,Smartphone,Electronics,11,34014.7,0.0,374161.7
2024-10-30,Headphones,Accessories,24,2526.88,0.05,57612.86
2024-10-30,Monitor,Electronics,10,15209.38,0.0,152093.8
2024-10-30,Keyboard,Accessories,20,1726.09,0.05,32795.71
2024-10-31,Laptop,Electronics,7,62068.72,0.05,412756.99
2024-10-31,Smartphone,Electronics,10,34706.53,0.15,295005.5
2024-10-31,Headphones,Accessories,24,2573.66,0.05,58679.45
2024-10-31,Monitor,Electronics,10,14429.58,0.05,137081.01
2024-10-31,Keyboard,Accessories,22,1800.39,0.05,37628.15
2024-11-01,Laptop,Electronics,8,64008.77,0.0,512070.16
2024-11-01,Smartphone,Electronics,10,33967.97,0.0,339679.7
2024-11-01,Headphones,Accessories,24,2594.38,0.1,56038.61
2024-11-01,Monitor,Electronics,8,15334.53,0.1,110408.62
2024-11-01,Keyboard,Accessories,20,1767.55,0.05,33583.45
2024-11-02,Laptop,Electronics,7,68568.86,0.0,479982.02
2024-11-02,Smartphone,Electronics,13,35412.51,0.1,414326.37
2024-11-02,Headphones,Accessories,27,2431.77,0.1,59092.01
2024-11-02,Monitor,Electronics,12,15233.23,0.0,182798.76
2024-11-02,Keyboard,Accessories,23,1760.05,0.0,40481.15
2024-11-03,Laptop,Electronics,7,65887.69,0.15,392031.76
2024-11-03,Smartphone,Electronics,14,34744.71,0.15,413462.05
2024-11-03,Headphones,Accessories,21,2462.72,0.05,49131.26
2024-11-03,Monitor,Electronics,9,15348.53,0.05,131229.93
2024-11-03,Keyboard,Accessories,19,1745.05,0.0,33155.95
2024-11-04,Laptop,Electronics,5,64835.42,0.0,324177.1
2024-11-04,Smartphone,Electronics,10,33141.78,0.05,314846.91
2024-11-04,Headphones,Accessories,27,2560.82,0.05,65685.03
2024-11-04,Monitor,Electronics,10,14771.27,0.0,147712.7
2024-11-04,Keyboard,Accessories,25,1827.25,0.0,45681.25
2024-11-05,Laptop,Electronics,7,66958.28,0.0,468707.96
2024-11-05,Smartphone,Electronics,13,33663.73,0.05,415747.07
2024-11-05,Headphones,Accessories,23,2457.47,0.0,56521.81
2024-11-05,Monitor,Electronics,9,14487.89,0.05,123871.46
2024-11-05,Keyboard,Accessories,20,1744.18,0.0,34883.6
2024-11-06,Laptop,Electronics,6,66189.43,0.0,397136.58
2024-11-06,Smartphone,Electronics,10,34218.77,0.05,325078.31
2024-11-06,Headphones,Accessories,26,2523.96,0.1,59060.66
2024-11-06,Monitor,Electronics,11,14608.04,0.0,160688.44
2024-11-06,Keyboard,Accessories,22,1784.86,0.0,39266.92
2024-11-07,Laptop,Electronics,6,63511.27,0.05,362014.24
2024-11-07,Smartphone,Electronics,11,35906.77,0.1,355477.02
2024-11-07,Headphones,Accessories,23,2388.25,0.05,52183.26
2024-11-07,Monitor,Electronics,10,14567.37,0.05,138390.02
2024-11-07,Keyboard,Accessories,22,1870.06,0.0,41141.32
2024-11-08,Laptop,Electronics,5,64484.31,0.05,306300.47
2024-11-08,Smartphone,Electronics,12,35835.91,0.05,408529.37
2024-11-08,Headphones,Accessories,23,2501.71,0.0,57539.33
2024-11-08,Monitor,Electronics,8,14968.93,0.0,119751.44
2024-11-08,Keyboard,Accessories,17,1802.14,0.0,30636.38
2024-11-09,Laptop,Electronics,7,64824.51,0.1,408394.41
2024-11-09,Smartphone,Electronics,13,35626.39,0.0,463143.07
2024-11-09,Headphones,Accessories,28,2536.36,0.1,63916.27
2024-11-09,Monitor,Electronics,11,14690.77,0.1,145438.62
2024-11-09,Keyboard,Accessories,28,1844.2,0.05,49055.72
2024-11-10,Laptop,Electronics,7,65052.66,0.05,432600.19
2024-11-10,Smartphone,Electronics,13,34295.66,0.0,445843.58
2024-11-10,Headphones,Accessories,24,2508.46,0.05,57192.89
2024-11-10,Monitor,Electronics,10,15164.44,0.0,151644.4
2024-11-10,Keyboard,Accessories,18,1891.89,0.0,34054.02
2024-11-11,Laptop,Electronics,7,65586.95,0.1,413197.78
2024-11-11,Smartphone,Electronics,11,35173.18,0.0,386904.98
2024-11-11,Headphones,Accessories,24,2461.45,0.0,59074.8
2024-11-11,Monitor,Electronics,10,15219.49,0.1,136975.41
2024-11-11,Keyboard,Accessories,20,1815.23,0.05,34489.37
2024-11-12,Laptop,Electronics,7,62794.03,0.0,439558.21
2024-11-12,Smartphone,Electronics,12,34856.01,0.0,418272.12
2024-11-12,Headphones,Accessories,27,2558.92,0.1,62181.76
2024-11-12,Monitor,Electronics,11,15495.4,0.0,170449.4
2024-11-12,Keyboard,Accessories,21,1838.11,0.0,38600.31
2024-11-13,Laptop,Electronics,8,64258.37,0.05,488363.61
2024-11-13,Smartphone,Electronics,11,34946.56,0.0,384412.16
2024-11-13,Headphones,Accessories,27,2496.49,0.05,64034.97
2024-11-13,Monitor,Electronics,10,14268.91,0.0,142689.1
2024-11-13,Keyboard,Accessories,22,1810.35,0.05,37836.31
2024-11-14,Laptop,Electronics,8,63235.16,0.05,480587.22
2024-11-14,Smartphone,Electronics,11,35805.52,0.0,393860.72
2024-11-14,Headphones,Accessories,26,2447.23,0.0,63627.98
2024-11-14,Monitor,Electronics,11,15099.22,0.1,149482.28
2024-11-14,Keyboard,Accessories,18,1699.63,0.0,30593.34
2024-11-15,Laptop,Electronics,8,65860.12,0.0,526880.96
2024-11-15,Smartphone,Electronics,13,34761.52,0.1,406709.78
2024-11-15,Headphones,Accessories,25,2401.33,0.0,60033.25
2024-11-15,Monitor,Electronics,10,15255.09,0.0,152550.9
2024-11-15,Keyboard,Accessories,21,1853.05,0.0,38914.05
2024-11-16,Laptop,Electronics,7,65162.32,0.1,410522.62
2024-11-16,Smartphone,Electronics,11,35293.14,0.0,388224.54
2024-11-16,Headphones,Accessories,30,2518.54,0.0,75556.2
2024-11-16,Monitor,Electronics,11,14777.5,0.1,146297.25
2024-11-16,Keyboard,Accessories,21,1740.01,0.05,34713.2
2024-11-17,Laptop,Electronics,8,67272.71,0.05,511272.6
2024-11-17,Smartphone,Electronics,14,36017.48,0.0,504244.72
2024-11-17,Headphones,Accessories,24,2478.56,0.0,59485.44
2024-11-17,Monitor,Electronics,12,15156.63,0.15,154597.63
2024-11-17,Keyboard,Accessories,21,1820.96,0.0,38240.16
2024-11-18,Laptop,Electronics,7,67086.2,0.05,446123.23
2024-11-18,Smartphone,Electronics,13,35856.79,0.1,419524.44
2024-11-18,Headphones,Accessories,24,2547.29,0.05,58078.21
2024-11-18,Monitor,Electronics,10,14969.64,0.0,149696.4
2024-11-18,Keyboard,Accessories,19,1812.86,0.05,32722.12
2024-11-19,Laptop,Electronics,7,63937.45,0.05,425184.04
2024-11-19,Smartphone,Electronics,12,34494.32,0.05,393235.25
2024-11-19,Headphones,Accessories,22,2542.22,0.0,55928.84
2024-11-19,Monitor,Electronics,11,15629.02,0.1,154727.3
2024-11-19,Keyboard,Accessories,21,1716.33,0.0,36042.93
2024-11-20,Laptop,Electronics,6,62802.17,0.05,357972.37
2024-11-20,Smartphone,Electronics,12,34835.99,0.0,418031.88
2024-11-20,Headphones,Accessories,27,2516.6,0.0,67948.2
2024-11-20,Monitor,Electronics,10,15183.41,0.1,136650.69
2024-11-20,Keyboard,Accessories,19,1847.6,0.0,35104.4
2024-11-21,Laptop,Electronics,7,64550.7,0.0,451854.9
2024-11-21,Smartphone,Electronics,12,34201.29,0.1,369373.93
2024-11-21,Headphones,Accessories,22,2533.85,0.0,55744.7
2024-11-21,Monitor,Electronics,10,15402.87,0.05,146327.27
2024-11-21,Keyboard,Accessories,26,1818.68,0.05,44921.4
2024-11-22,Laptop,Electronics,6,66241.27,0.0,397447.62
2024-11-22,Smartphone,Electronics,13,34903.28,0.05,431055.51
2024-11-22,Headphones,Accessories,26,2445.1,0.05,60393.97
2024-11-22,Monitor,Electronics,9,15297.86,0.1,123912.67
2024-11-22,Keyboard,Accessories,23,1786.35,0.1,36977.44
2024-11-23,Laptop,Electronics,9,62779.52,0.0,565015.68
2024-11-23,Smartphone,Electronics,11,34477.04,0.1,341322.7
2024-11-23,Headphones,Accessories,27,2492.83,0.05,63941.09
2024-11-23,Monitor,Electronics,11,14978.48,0.0,164763.28
2024-11-23,Keyboard,Accessories,24,1832.43,0.05,41779.4
2024-11-24,Laptop,Electronics,8,63430.0,0.0,507440.0
2024-11-24,Smartphone,Electronics,15,33752.14,0.0,506282.1
2024-11-24,Headphones,Accessories,26,2540.96,0.05,62761.71
2024-11-24,Monitor,Electronics,13,14397.04,0.0,187161.52
2024-11-24,Keyboard,Accessories,26,1774.32,0.15,39212.47
2024-11-25,Laptop,Electronics,7,63629.47,0.05,423135.98
2024-11-25,Smartphone,Electronics,14,35012.38,0.0,490173.32
2024-11-25,Headphones,Accessories,24,2446.92,0.0,58726.08
2024-11-25,Monitor,Electronics,11,14780.83,0.0,162589.13
2024-11-25,Keyboard,Accessories,22,1770.17,0.15,33102.18
2024-11-26,Laptop,Electronics,6,67958.38,0.0,407750.28
2024-11-26,Smartphone,Electronics,12,34849.37,0.0,418192.44
2024-11-26,Headphones,Accessories,26,2438.47,0.1,57060.2
2024-11-26,Monitor,Electronics,11,14995.63,0.0,164951.93
2024-11-26,Keyboard,Accessories,24,1841.35,0.0,44192.4
2024-11-27,Laptop,Electronics,8,62759.44,0.0,502075.52
2024-11-27,Smartphone,Electronics,13,33099.88,0.15,365753.67
2024-11-27,Headphones,Accessories,29,2493.22,0.0,72303.38
2024-11-27,Monitor,Electronics,11,15491.32,0.1,153364.07
2024-11-27,Keyboard,Accessories,26,1733.53,0.05,42818.19
2024-11-28,Laptop,Electronics,6,64587.78,0.0,387526.68
2024-11-28,Smartphone,Electronics,11,34413.92,0.05,359625.46
2024-11-28,Headphones,Accessories,26,2373.75,0.0,61717.5
2024-11-28,Monitor,Electronics,10,15388.69,0.1,138498.21
2024-11-28,Keyboard,Accessories,22,1786.07,0.05,37328.86
2024-11-29,Laptop,Electronics,7,65014.24,0.0,455099.68
2024-11-29,Smartphone,Electronics,12,36510.45,0.05,416219.13
2024-11-29,Headphones,Accessories,27,2464.21,0.05,63206.99
2024-11-29,Monitor,Electronics,9,14725.14,0.05,125899.95
2024-11-29,Keyboard,Accessories,22,1854.03,0.0,40788.66
2024-11-30,Laptop,Electronics,8,66361.37,0.0,530890.96
2024-11-30,Smartphone,Electronics,11,34948.2,0.05,365208.69
2024-11-30,Headphones,Accessories,22,2322.98,0.05,48550.28
2024-11-30,Monitor,Electronics,13,14853.48,0.05,183440.48
2024-11-30,Keyboard,Accessories,21,1798.45,0.05,35879.08
2024-12-01,Laptop,Electronics,8,64719.3,0.0,517754.4
2024-12-01,Smartphone,Electronics,13,35545.48,0.05,438986.68
2024-12-01,Headphones,Accessories,25,2507.78,0.0,62694.5
2024-12-01,Monitor,Electronics,11,14699.14,0.0,161690.54
2024-12-01,Keyboard,Accessories,23,1830.94,0.0,42111.62
2024-12-02,Laptop,Electronics,8,64743.66,0.05,492051.82
2024-12-02,Smartphone,Electronics,13,32705.56,0.0,425172.28
2024-12-02,Headphones,Accessories,27,2398.04,0.0,64747.08
2024-12-02,Monitor,Electronics,9,15274.35,0.05,130595.69
2024-12-02,Keyboard,Accessories,24,1849.76,0.05,42174.53
2024-12-03,Laptop,Electronics,6,63718.41,0.15,324963.89
2024-12-03,Smartphone,Electronics,14,34387.94,0.05,457359.6
2024-12-03,Headphones,Accessories,24,2453.51,0.0,58884.24
2024-12-03,Monitor,Electronics,9,14818.91,0.0,133370.19
2024-12-03,Keyboard,Accessories,20,1743.87,0.0,34877.4
2024-12-04,Laptop,Electronics,8,65856.21,0.0,526849.68
2024-12-04,Smartphone,Electronics,13,34555.01,0.05,426754.37
2024-12-04,Headphones,Accessories,26,2470.68,0.0,64237.68
2024-12-04,Monitor,Electronics,12,14765.41,0.1,159466.43
2024-12-04,Keyboard,Accessories,24,1794.21,0.0,43061.04
2024-12-05,Laptop,Electronics,7,67529.0,0.1,425432.7
2024-12-05,Smartphone,Electronics,12,35518.46,0.1,383599.37
2024-12-05,Headphones,Accessories,25,2548.08,0.15,54146.7
2024-12-05,Monitor,Electronics,13,15444.1,0.05,190734.64
2024-12-05,Keyboard,Accessories,23,1787.69,0.1,37005.18
2024-12-06,Laptop,Electronics,8,65841.74,0.0,526733.92
2024-12-06,Smartphone,Electronics,10,36848.31,0.05,350058.94
2024-12-06,Headphones,Accessories,26,2469.47,0.05,60995.91
2024-12-06,Monitor,Electronics,10,15595.69,0.0,155956.9
2024-12-06,Keyboard,Accessories,20,1821.3,0.1,32783.4
2024-12-07,Laptop,Electronics,7,65581.3,0.15,390208.74
2024-12-07,Smartphone,Electronics,12,35029.76,0.05,399339.26
2024-12-07,Headphones,Accessories,30,2460.98,0.1,66446.46
2024-12-07,Monitor,Electronics,11,15155.54,0.05,158375.39
2024-12-07,Keyboard,Accessories,23,1817.2,0.05,39705.82
2024-12-08,Laptop,Electronics,7,65158.95,0.0,456112.65
2024-12-08,Smartphone,Electronics,14,34676.05,0.0,485464.7
2024-12-08,Headphones,Accessories,26,2518.44,0.05,62205.47
2024-12-08,Monitor,Electronics,13,14778.76,0.0,192123.88
2024-12-08,Keyboard,Accessories,22,1830.1,0.05,38249.09
2024-12-09,Laptop,Electronics,7,66662.7,0.0,466638.9
2024-12-09,Smartphone,Electronics,11,34778.83,0.05,363438.77
2024-12-09,Headphones,Accessories,25,2516.59,0.05,59769.01
2024-12-09,Monitor,Electronics,11,15007.27,0.05,156825.97
2024-12-09,Keyboard,Accessories,25,1785.25,0.05,42399.69
2024-12-10,Laptop,Electronics,6,59837.86,0.1,323124.44
2024-12-10,Smartphone,Electronics,12,36020.94,0.0,432251.28
2024-12-10,Headphones,Accessories,33,2480.9,0.0,81869.7
2024-12-10,Monitor,Electronics,10,15545.5,0.0,155455.0
2024-12-10,Keyboard,Accessories,22,1782.01,0.1,35283.8
2024-12-11,Laptop,Electronics,7,64154.03,0.05,426624.3
2024-12-11,Smartphone,Electronics,13,33294.3,0.05,411184.6
2024-12-11,Headphones,Accessories,24,2372.25,0.15,48393.9
2024-12-11,Monitor,Electronics,9,14734.53,0.0,132610.77
2024-12-11,Keyboard,Accessories,27,1788.41,0.0,48287.07
2024-12-12,Laptop,Electronics,8,64318.42,0.0,514547.36
2024-12-12,Smartphone,Electronics,11,35262.55,0.05,368493.65
2024-12-12,Headphones,Accessories,27,2484.52,0.0,67082.04
2024-12-12,Monitor,Electronics,9,15434.08,0.1,125016.05
2024-12-12,Keyboard,Accessories,23,1791.73,0.05,39149.3
2024-12-13,Laptop,Electronics,8,64676.87,0.05,491544.21
2024-12-13,Smartphone,Electronics,14,34080.7,0.05,453273.31
2024-12-13,Headphones,Accessories,25,2509.08,0.0,62727.0
2024-12-13,Monitor,Electronics,11,15232.4,0.05,159178.58
2024-12-13,Keyboard,Accessories,21,1779.09,0.0,37360.89
2024-12-14,Laptop,Electronics,9,63937.77,0.05,546667.93
2024-12-14,Smartphone,Electronics,13,34228.34,0.1,400471.58
2024-12-14,Headphones,Accessories,32,2533.19,0.05,77008.98
2024-12-14,Monitor,Electronics,10,14892.39,0.1,134031.51
2024-12-14,Keyboard,Accessories,24,1821.57,0.05,41531.8
2024-12-15,Laptop,Electronics,10,64616.55,0.1,581548.95
2024-12-15,Smartphone,Electronics,15,37050.7,0.0,555760.5
2024-12-15,Headphones,Accessories,27,2525.97,0.1,61381.07
2024-12-15,Monitor,Electronics,11,14690.21,0.0,161592.31
2024-12-15,Keyboard,Accessories,22,1768.03,0.05,36951.83
2024-12-16,Laptop,Electronics,8,64940.96,0.0,519527.68
2024-12-16,Smartphone,Electronics,12,35132.05,0.1,379426.14
2024-12-16,Headphones,Accessories,35,2585.01,0.05,85951.58
2024-12-16,Monitor,Electronics,10,14814.98,0.0,148149.8
2024-12-16,Keyboard,Accessories,20,1819.45,0.0,36389.0
2024-12-17,Laptop,Electronics,8,65997.53,0.0,527980.24
2024-12-17,Smartphone,Electronics,14,36202.18,0.1,456147.47
2024-12-17,Headphones,Accessories,27,2524.43,0.0,68159.61
2024-12-17,Monitor,Electronics,11,14822.18,0.0,163043.98
2024-12-17,Keyboard,Accessories,24,1780.98,0.0,42743.52
2024-12-18,Laptop,Electronics,8,66033.45,0.0,528267.6
2024-12-18,Smartphone,Electronics,11,33523.68,0.0,368760.48
2024-12-18,Headphones,Accessories,24,2499.38,0.0,59985.12
2024-12-18,Monitor,Electronics,12,14751.94,0.1,159320.95
2024-12-18,Keyboard,Accessories,22,1754.2,0.0,38592.4
2024-12-19,Laptop,Electronics,8,64276.96,0.05,488504.9
2024-12-19,Smartphone,Electronics,12,33990.69,0.0,407888.28
2024-12-19,Headphones,Accessories,24,2518.96,0.15,51386.78
2024-12-19,Monitor,Electronics,10,15496.98,0.05,147221.31
2024-12-19,Keyboard,Accessories,24,1838.55,0.0,44125.2
2024-12-20,Laptop,Electronics,8,64389.6,0.05,489360.96
2024-12-20,Smartphone,Electronics,14,35320.17,0.1,445034.14
2024-12-20,Headphones,Accessories,31,2519.08,0.1,70282.33
2024-12-20,Monitor,Electronics,9,15136.68,0.1,122607.11
2024-12-20,Keyboard,Accessories,22,1810.73,0.05,37844.26
2024-12-21,Laptop,Electronics,8,63363.22,0.0,506905.76
2024-12-21,Smartphone,Electronics,15,33082.65,0.05,471427.76
2024-12-21,Headphones,Accessories,32,2529.46,0.0,80942.72
2024-12-21,Monitor,Electronics,12,15461.25,0.15,157704.75
2024-12-21,Keyboard,Accessories,25,1773.26,0.05,42114.92
2024-12-22,Laptop,Electronics,9,64665.85,0.0,581992.65
2024-12-22,Smartphone,Electronics,17,36049.42,0.05,582198.13
2024-12-22,Headphones,Accessories,27,2416.59,0.1,58723.14
2024-12-22,Monitor,Electronics,12,14828.89,0.05,169049.35
2024-12-22,Keyboard,Accessories,27,1843.63,0.0,49778.01
2024-12-23,Laptop,Electronics,8,65321.96,0.0,522575.68
2024-12-23,Smartphone,Electronics,13,35440.2,0.0,460722.6
2024-12-23,Headphones,Accessories,28,2492.0,0.0,69776.0
2024-12-23,Monitor,Electronics,10,14911.61,0.05,141660.3
2024-12-23,Keyboard,Accessories,26,1769.01,0.0,45994.26
2024-12-24,Laptop,Electronics,9,64868.3,0.0,583814.7
2024-12-24,Smartphone,Electronics,10,34167.07,0.0,341670.7
2024-12-24,Headphones,Accessories,31,2507.24,0.0,77724.44
2024-12-24,Monitor,Electronics,13,15108.84,0.0,196414.92
2024-12-24,Keyboard,Accessories,24,1793.38,0.05,40889.06
2024-12-25,Laptop,Electronics,9,66577.56,0.0,599198.04
2024-12-25,Smartphone,Electronics,13,37093.1,0.05,458099.78
2024-12-25,Headphones,Accessories,25,2485.96,0.0,62149.0
2024-12-25,Monitor,Electronics,11,15212.54,0.05,158971.04
2024-12-25,Keyboard,Accessories,24,1880.21,0.05,42868.79
2024-12-26,Laptop,Electronics,8,63621.89,0.0,508975.12
2024-12-26,Smartphone,Electronics,13,33809.95,0.0,439529.35
2024-12-26,Headphones,Accessories,29,2420.36,0.05,66680.92
2024-12-26,Monitor,Electronics,10,15460.43,0.0,154604.3
2024-12-26,Keyboard,Accessories,28,1833.01,0.0,51324.28
2024-12-27,Laptop,Electronics,7,65035.53,0.05,432486.27
2024-12-27,Smartphone,Electronics,10,36786.91,0.1,331082.19
2024-12-27,Headphones,Accessories,26,2511.83,0.05,62042.2
2024-12-27,Monitor,Electronics,11,14400.23,0.05,150482.4
2024-12-27,Keyboard,Accessories,19,1847.13,0.0,35095.47
2024-12-28,Laptop,Electronics,9,65023.58,0.05,555951.61
2024-12-28,Smartphone,Electronics,15,34834.88,0.1,470270.88
2024-12-28,Headphones,Accessories,31,2533.65,0.15,66761.68
2024-12-28,Monitor,Electronics,12,15338.06,0.05,174853.88
2024-12-28,Keyboard,Accessories,31,1769.1,0.05,52100.0
2024-12-29,Laptop,Electronics,8,66564.36,0.05,505889.14
2024-12-29,Smartphone,Electronics,14,34288.78,0.1,432038.63
2024-12-29,Headphones,Accessories,29,2387.41,0.0,69234.89
2024-12-29,Monitor,Electronics,13,14930.0,0.05,184385.5
2024-12-29,Keyboard,Accessories,25,1812.86,0.1,40789.35
2024-12-30,Laptop,Electronics,7,63177.51,0.05,420130.44
2024-12-30,Smartphone,Electronics,14,34659.15,0.0,485228.1
2024-12-30,Headphones,Accessories,26,2416.18,0.0,62820.68
2024-12-30,Monitor,Electronics,11,15085.02,0.05,157638.46
2024-12-30,Keyboard,Accessories,24,1813.01,0.0,43512.24
2024-12-31,Laptop,Electronics,7,62358.1,0.0,436506.7
2024-12-31,Smartphone,Electronics,14,33639.05,0.05,447399.37
2024-12-31,Headphones,Accessories,32,2505.34,0.05,76162.34
2024-12-31,Monitor,Electronics,10,15050.97,0.0,150509.7
2024-12-31,Keyboard,Accessories,20,1809.97,0.0,36199.4
2025-01-01,Laptop,Electronics,8,68777.59,0.15,467687.61
2025-01-01,Smartphone,Electronics,12,34976.72,0.05,398734.61
2025-01-01,Headphones,Accessories,22,2455.89,0.1,48626.62
2025-01-01,Monitor,Electronics,11,14546.54,0.0,160011.94
2025-01-01,Keyboard,Accessories,24,1784.43,0.0,42826.32
2025-01-02,Laptop,Electronics,8,65210.98,0.0,521687.84
2025-01-02,Smartphone,Electronics,12,35059.56,0.1,378643.25
2025-01-02,Headphones,Accessories,29,2574.42,0.1,67192.36
2025-01-02,Monitor,Electronics,11,15029.29,0.05,157056.08
2025-01-02,Keyboard,Accessories,24,1836.25,0.0,44070.0
2025-01-03,Laptop,Electronics,7,65131.76,0.05,433126.2
2025-01-03,Smartphone,Electronics,16,34707.67,0.0,555322.72
2025-01-03,Headphones,Accessories,27,2412.24,0.15,55360.91
2025-01-03,Monitor,Electronics,10,14288.05,0.05,135736.48
2025-01-03,Keyboard,Accessories,20,1836.76,0.0,36735.2
2025-01-04,Laptop,Electronics,8,63477.18,0.0,507817.44
2025-01-04,Smartphone,Electronics,15,34401.82,0.0,516027.3
2025-01-04,Headphones,Accessories,30,2448.16,0.0,73444.8
2025-01-04,Monitor,Electronics,12,15036.69,0.1,162396.25
2025-01-04,Keyboard,Accessories,25,1806.21,0.1,40639.72
2025-01-05,Laptop,Electronics,9,65737.08,0.05,562052.03
2025-01-05,Smartphone,Electronics,15,34605.66,0.05,493130.66
2025-01-05,Headphones,Accessories,28,2458.81,0.1,61962.01
2025-01-05,Monitor,Electronics,11,15396.76,0.1,152427.92
2025-01-05,Keyboard,Accessories,29,1805.56,0.1,47125.12
2025-01-06,Laptop,Electronics,8,63087.91,0.1,454232.95
2025-01-06,Smartphone,Electronics,16,34254.3,0.0,548068.8
2025-01-06,Headphones,Accessories,28,2390.33,0.0,66929.24
2025-01-06,Monitor,Electronics,11,16094.32,0.0,177037.52
2025-01-06,Keyboard,Accessories,20,1769.66,0.05,33623.54
2025-01-07,Laptop,Electronics,8,65026.04,0.1,468187.49
2025-01-07,Smartphone,Electronics,12,36228.65,0.0,434743.8
2025-01-07,Headphones,Accessories,26,2429.5,0.0,63167.0
2025-01-07,Monitor,Electronics,10,15096.03,0.0,150960.3
2025-01-07,Keyboard,Accessories,26,1881.06,0.0,48907.56
2025-01-08,Laptop,Electronics,9,61757.99,0.0,555821.91
2025-01-08,Smartphone,Electronics,14,34609.47,0.1,436079.32
2025-01-08,Headphones,Accessories,26,2412.85,0.05,59597.4
2025-01-08,Monitor,Electronics,11,15080.18,0.05,157587.88
2025-01-08,Keyboard,Accessories,22,1689.53,0.0,37169.66
2025-01-09,Laptop,Electronics,8,64039.16,0.05,486697.62
2025-01-09,Smartphone,Electronics,12,33667.89,0.1,363613.21
2025-01-09,Headphones,Accessories,25,2557.85,0.0,63946.25
2025-01-09,Monitor,Electronics,11,14941.67,0.05,156140.45
2025-01-09,Keyboard,Accessories,30,1837.23,0.0,55116.9
2025-01-10,Laptop,Electronics,8,67255.83,0.0,538046.64
2025-01-10,Smartphone,Electronics,14,34056.3,0.1,429109.38
2025-01-10,Headphones,Accessories,30,2475.37,0.1,66834.99
2025-01-10,Monitor,Electronics,11,14809.87,0.0,162908.57
2025-01-10,Keyboard,Accessories,25,1695.18,0.05,40260.52
2025-01-11,Laptop,Electronics,8,63490.71,0.05,482529.4
2025-01-11,Smartphone,Electronics,16,35148.2,0.0,562371.2
2025-01-11,Headphones,Accessories,32,2559.87,0.05,77820.05
2025-01-11,Monitor,Electronics,11,15625.13,0.0,171876.43
2025-01-11,Keyboard,Accessories,27,1893.07,0.05,48557.25
2025-01-12,Laptop,Electronics,9,64562.3,0.05,552007.66
2025-01-12,Smartphone,Electronics,14,34262.87,0.1,431712.16
2025-01-12,Headphones,Accessories,30,2591.02,0.1,69957.54
2025-01-12,Monitor,Electronics,11,14415.45,0.1,142712.96
2025-01-12,Keyboard,Accessories,27,1829.75,0.1,44462.92
2025-01-13,Laptop,Electronics,7,64124.82,0.0,448873.74
2025-01-13,Smartphone,Electronics,11,34559.47,0.0,380154.17
2025-01-13,Headphones,Accessories,27,2453.83,0.05,62940.74
2025-01-13,Monitor,Electronics,9,14719.1,0.05,125848.3
2025-01-13,Keyboard,Accessories,25,1818.79,0.0,45469.75
2025-01-14,Laptop,Electronics,7,65751.49,0.0,460260.43
2025-01-14,Smartphone,Electronics,15,34520.58,0.0,517808.7
2025-01-14,Headphones,Accessories,29,2560.51,0.0,74254.79
2025-01-14,Monitor,Electronics,13,15970.47,0.05,197235.3
2025-01-14,Keyboard,Accessories,26,1783.04,0.0,46359.04
2025-01-15,Laptop,Electronics,7,62948.0,0.05,418604.2
2025-01-15,Smartphone,Electronics,14,34055.39,0.1,429097.91
2025-01-15,Headphones,Accessories,33,2525.99,0.05,79189.79
2025-01-15,Monitor,Electronics,13,14803.39,0.0,192444.07
2025-01-15,Keyboard,Accessories,29,1820.55,0.0,52795.95
2025-01-16,Laptop,Electronics,8,61964.5,0.1,446144.4
2025-01-16,Smartphone,Electronics,14,35663.97,0.05,474330.8
2025-01-16,Headphones,Accessories,30,2438.72,0.1,65845.44
2025-01-16,Monitor,Electronics,11,15405.79,0.0,169463.69
2025-01-16,Keyboard,Accessories,21,1784.4,0.0,37472.4
2025-01-17,Laptop,Electronics,8,67004.8,0.05,509236.48
2025-01-17,Smartphone,Electronics,13,34425.62,0.0,447533.06
2025-01-17,Headphones,Accessories,24,2486.22,0.1,53702.35
2025-01-17,Monitor,Electronics,10,14830.77,0.05,140892.32
2025-01-17,Keyboard,Accessories,28,1809.46,0.05,48131.64
2025-01-18,Laptop,Electronics,7,63866.87,0.05,424714.69
2025-01-18,Smartphone,Electronics,14,34776.92,0.0,486876.88
2025-01-18,Headphones,Accessories,34,2488.54,0.05,80379.84
2025-01-18,Monitor,Electronics,11,14813.26,0.0,162945.86
2025-01-18,Keyboard,Accessories,29,1769.9,0.1,46194.39
2025-01-19,Laptop,Electronics,8,66252.55,0.0,530020.4
2025-01-19,Smartphone,Electronics,15,35800.57,0.0,537008.55
2025-01-19,Headphones,Accessories,26,2464.92,0.05,60883.52
2025-01-19,Monitor,Electronics,13,14990.69,0.0,194878.97
2025-01-19,Keyboard,Accessories,26,1700.94,0.05,42013.22
2025-01-20,Laptop,Electronics,9,63517.17,0.1,514489.08
2025-01-20,Smartphone,Electronics,14,36016.98,0.1,453813.95
2025-01-20,Headphones,Accessories,26,2399.7,0.0,62392.2
2025-01-20,Monitor,Electronics,9,14896.93,0.15,113961.51
2025-01-20,Keyboard,Accessories,24,1786.83,0.05,40739.72
2025-01-21,Laptop,Electronics,8,62566.65,0.0,500533.2
2025-01-21,Smartphone,Electronics,15,35703.72,0.0,535555.8
2025-01-21,Headphones,Accessories,25,2429.65,0.1,54667.12
2025-01-21,Monitor,Electronics,11,15540.68,0.0,170947.48
2025-01-21,Keyboard,Accessories,26,1833.29,0.05,45282.26
2025-01-22,Laptop,Electronics,8,65031.01,0.15,442210.87
2025-01-22,Smartphone,Electronics,15,34512.51,0.0,517687.65
2025-01-22,Headphones,Accessories,31,2432.93,0.0,75420.83
2025-01-22,Monitor,Electronics,12,15008.7,0.1,162093.96
2025-01-22,Keyboard,Accessories,24,1753.64,0.05,39982.99
2025-01-23,Laptop,Electronics,7,61460.8,0.05,408714.32
2025-01-23,Smartphone,Electronics,15,33708.09,0.0,505621.35
2025-01-23,Headphones,Accessories,29,2545.82,0.0,73828.78
2025-01-23,Monitor,Electronics,12,14695.33,0.0,176343.96
2025-01-23,Keyboard,Accessories,22,1782.12,0.05,37246.31
2025-01-24,Laptop,Electronics,8,65962.78,0.0,527702.24
2025-01-24,Smartphone,Electronics,12,36006.48,0.1,388869.98
2025-01-24,Headphones,Accessories,25,2482.27,0.0,62056.75
2025-01-24,Monitor,Electronics,11,15328.57,0.1,151752.84
2025-01-24,Keyboard,Accessories,24,1752.93,0.05,39966.8
2025-01-25,Laptop,Electronics,8,63083.95,0.0,504671.6
2025-01-25,Smartphone,Electronics,10,35680.73,0.1,321126.57
2025-01-25,Headphones,Accessories,31,2540.99,0.05,74832.16
2025-01-25,Monitor,Electronics,11,14841.9,0.0,163260.9
2025-01-25,Keyboard,Accessories,28,1784.47,0.0,49965.16
2025-01-26,Laptop,Electronics,9,65584.25,0.05,560745.34
2025-01-26,Smartphone,Electronics,15,34947.47,0.0,524212.05
2025-01-26,Headphones,Accessories,29,2440.37,0.0,70770.73
2025-01-26,Monitor,Electronics,13,14916.79,0.05,184222.36
2025-01-26,Keyboard,Accessories,29,1793.79,0.0,52019.91
2025-01-27,Laptop,Electronics,8,62713.72,0.05,476624.27
2025-01-27,Smartphone,Electronics,14,34578.01,0.05,459887.53
2025-01-27,Headphones,Accessories,32,2587.47,0.0,82799.04
2025-01-27,Monitor,Electronics,11,14677.16,0.0,161448.76
2025-01-27,Keyboard,Accessories,25,1829.68,0.0,45742.0
2025-01-28,Laptop,Electronics,8,67579.41,0.0,540635.28
2025-01-28,Smartphone,Electronics,14,35218.24,0.05,468402.59
2025-01-28,Headphones,Accessories,29,2463.3,0.1,64292.13
2025-01-28,Monitor,Electronics,11,14812.43,0.1,146643.06
2025-01-28,Keyboard,Accessories,19,1741.93,0.0,33096.67
2025-01-29,Laptop,Electronics,8,66785.85,0.05,507572.46
2025-01-29,Smartphone,Electronics,16,35906.64,0.15,488330.3
2025-01-29,Headphones,Accessories,22,2546.57,0.15,47620.86
2025-01-29,Monitor,Electronics,10,15362.73,0.0,153627.3
2025-01-29,Keyboard,Accessories,25,1845.97,0.05,43841.79
2025-01-30,Laptop,Electronics,7,64777.71,0.05,430771.77
2025-01-30,Smartphone,Electronics,14,34429.78,0.05,457916.07
2025-01-30,Headphones,Accessories,34,2474.58,0.1,75722.15
2025-01-30,Monitor,Electronics,12,14481.74,0.1,156402.79
2025-01-30,Keyboard,Accessories,26,1813.01,0.0,47138.26
2025-01-31,Laptop,Electronics,7,60885.87,0.0,426201.09
2025-01-31,Smartphone,Electronics,13,34313.57,0.0,446076.41
2025-01-31,Headphones,Accessories,30,2545.53,0.05,72547.61
2025-01-31,Monitor,Electronics,11,15252.01,0.05,159383.5
2025-01-31,Keyboard,Accessories,27,1828.19,0.0,49361.13
2025-02-01,Laptop,Electronics,9,61336.26,0.0,552026.34
2025-02-01,Smartphone,Electronics,14,34421.15,0.0,481896.1
2025-02-01,Headphones,Accessories,30,2553.9,0.0,76617.0
2025-02-01,Monitor,Electronics,14,15004.89,0.0,210068.46
2025-02-01,Keyboard,Accessories,27,1770.99,0.05,45425.89
2025-02-02,Laptop,Electronics,10,65342.06,0.15,555407.51
2025-02-02,Smartphone,Electronics,16,36138.32,0.05,549302.46
2025-02-02,Headphones,Accessories,28,2477.89,0.05,65911.87
2025-02-02,Monitor,Electronics,13,14389.54,0.05,177710.82
2025-02-02,Keyboard,Accessories,31,1791.11,0.0,55524.41
2025-02-03,Laptop,Electronics,10,61239.01,0.05,581770.6
2025-02-03,Smartphone,Electronics,13,36162.05,0.05,446601.32
2025-02-03,Headphones,Accessories,34,2453.79,0.0,83428.86
2025-02-03,Monitor,Electronics,12,14455.9,0.1,156123.72
2025-02-03,Keyboard,Accessories,28,1802.2,0.05,47938.52
2025-02-04,Laptop,Electronics,7,64957.33,0.1,409231.18
2025-02-04,Smartphone,Electronics,15,34779.37,0.1,469521.5
2025-02-04,Headphones,Accessories,29,2543.13,0.05,70063.23
2025-02-04,Monitor,Electronics,11,15126.51,0.05,158072.03
2025-02-04,Keyboard,Accessories,26,1776.01,0.0,46176.26
2025-02-05,Laptop,Electronics,8,63175.55,0.0,505404.4
2025-02-05,Smartphone,Electronics,13,35169.21,0.05,434339.74
2025-02-05,Headphones,Accessories,30,2420.35,0.05,68979.97
2025-02-05,Monitor,Electronics,14,15146.67,0.0,212053.38
2025-02-05,Keyboard,Accessories,25,1867.76,0.05,44359.3
2025-02-06,Laptop,Electronics,9,67503.03,0.0,607527.27
2025-02-06,Smartphone,Electronics,14,35439.07,0.0,496146.98
2025-02-06,Headphones,Accessories,33,2391.08,0.1,71015.08
2025-02-06,Monitor,Electronics,10,15257.58,0.0,152575.8
2025-02-06,Keyboard,Accessories,25,1843.66,0.05,43786.92
2025-02-07,Laptop,Electronics,8,66249.05,0.0,529992.4
2025-02-07,Smartphone,Electronics,15,35032.98,0.1,472945.23
2025-02-07,Headphones,Accessories,30,2474.1,0.05,70511.85
2025-02-07,Monitor,Electronics,13,15034.93,0.0,195454.09
2025-02-07,Keyboard,Accessories,24,1798.54,0.0,43164.96
2025-02-08,Laptop,Electronics,9,64749.9,0.0,582749.1
2025-02-08,Smartphone,Electronics,18,34601.47,0.0,622826.46
2025-02-08,Headphones,Accessories,37,2493.9,0.1,83046.87
2025-02-08,Monitor,Electronics,15,15416.86,0.0,231252.9
2025-02-08,Keyboard,Accessories,26,1838.92,0.1,43030.73
2025-02-09,Laptop,Electronics,10,66342.63,0.0,663426.3
2025-02-09,Smartphone,Electronics,19,34118.08,0.1,583419.17
2025-02-09,Headphones,Accessories,31,2533.93,0.1,70696.65
2025-02-09,Monitor,Electronics,9,15509.7,0.0,139587.3
2025-02-09,Keyboard,Accessories,33,1825.34,0.0,60236.22
2025-02-10,Laptop,Electronics,10,66525.29,0.05,631990.25
2025-02-10,Smartphone,Electronics,12,34741.44,0.0,416897.28
2025-02-10,Headphones,Accessories,33,2497.23,0.0,82408.59
2025-02-10,Monitor,Electronics,11,15090.8,0.05,157698.86
2025-02-10,Keyboard,Accessories,26,1733.47,0.0,45070.22
2025-02-11,Laptop,Electronics,9,64273.02,0.1,520611.46
2025-02-11,Smartphone,Electronics,12,36167.15,0.05,412305.51
2025-02-11,Headphones,Accessories,33,2629.38,0.05,82431.06
2025-02-11,Monitor,Electronics,10,15007.54,0.1,135067.86
2025-02-11,Keyboard,Accessories,23,1805.52,0.1,37374.26
2025-02-12,Laptop,Electronics,8,64444.54,0.05,489778.5
2025-02-12,Smartphone,Electronics,13,34354.29,0.0,446605.77
2025-02-12,Headphones,Accessories,34,2468.9,0.05,79745.47
2025-02-12,Monitor,Electronics,11,14715.96,0.05,153781.78
2025-02-12,Keyboard,Accessories,27,1752.88,0.05,44961.37
2025-02-13,Laptop,Electronics,9,65227.49,0.1,528342.67
2025-02-13,Smartphone,Electronics,14,34347.98,0.1,432784.55
2025-02-13,Headphones,Accessories,29,2498.42,0.0,72454.18
2025-02-13,Monitor,Electronics,12,14773.55,0.0,177282.6
2025-02-13,Keyboard,Accessories,32,1775.16,0.1,51124.61
2025-02-14,Laptop,Electronics,8,68085.44,0.1,490215.17
2025-02-14,Smartphone,Electronics,12,35233.83,0.0,422805.96
2025-02-14,Headphones,Accessories,32,2524.88,0.0,80796.16
2025-02-14,Monitor,Electronics,12,15119.93,0.1,163295.24
2025-02-14,Keyboard,Accessories,27,1788.22,0.0,48281.94
2025-02-15,Laptop,Electronics,8,65118.72,0.0,520949.76
2025-02-15,Smartphone,Electronics,15,36506.89,0.0,547603.35
2025-02-15,Headphones,Accessories,34,2435.39,0.0,82803.26
2025-02-15,Monitor,Electronics,12,14544.45,0.05,165806.73
2025-02-15,Keyboard,Accessories,25,1750.21,0.15,37191.96
2025-02-16,Laptop,Electronics,9,65069.94,0.0,585629.46
2025-02-16,Smartphone,Electronics,15,35626.54,0.0,534398.1
2025-02-16,Headphones,Accessories,34,2588.25,0.05,83600.47
2025-02-16,Monitor,Electronics,11,15195.94,0.05,158797.57
2025-02-16,Keyboard,Accessories,23,1816.5,0.1,37601.55
2025-02-17,Laptop,Electronics,9,66226.71,0.0,596040.39
2025-02-17,Smartphone,Electronics,14,34145.65,0.0,478039.1
2025-02-17,Headphones,Accessories,23,2486.92,0.05,54339.2
2025-02-17,Monitor,Electronics,12,14609.15,0.0,175309.8
2025-02-17,Keyboard,Accessories,29,1769.57,0.0,51317.53
2025-02-18,Laptop,Electronics,8,65839.55,0.0,526716.4
2025-02-18,Smartphone,Electronics,14,34837.35,0.15,414564.46
2025-02-18,Headphones,Accessories,30,2480.07,0.0,74402.1
2025-02-18,Monitor,Electronics,10,16062.56,0.05,152594.32
2025-02-18,Keyboard,Accessories,28,1762.38,0.0,49346.64
2025-02-19,Laptop,Electronics,7,65591.68,0.1,413227.58
2025-02-19,Smartphone,Electronics,14,35610.73,0.0,498550.22
2025-02-19,Headphones,Accessories,33,2420.34,0.05,75877.66
2025-02-19,Monitor,Electronics,12,15221.68,0.05,173527.15
2025-02-19,Keyboard,Accessories,34,1692.41,0.0,57541.94
2025-02-20,Laptop,Electronics,7,60926.82,0.05,405163.35
2025-02-20,Smartphone,Electronics,14,35387.83,0.0,495429.62
2025-02-20,Headphones,Accessories,39,2483.86,0.0,96870.54
2025-02-20,Monitor,Electronics,13,15260.77,0.05,188470.51
2025-02-20,Keyboard,Accessories,30,1806.15,0.05,51475.27
2025-02-21,Laptop,Electronics,8,61200.47,0.05,465123.57
2025-02-21,Smartphone,Electronics,16,36261.7,0.0,580187.2
2025-02-21,Headphones,Accessories,27,2516.25,0.0,67938.75
2025-02-21,Monitor,Electronics,9,15256.56,0.05,130443.59
2025-02-21,Keyboard,Accessories,26,1762.07,0.0,45813.82
2025-02-22,Laptop,Electronics,9,65436.46,0.05,559481.73
2025-02-22,Smartphone,Electronics,15,34755.25,0.15,443129.44
2025-02-22,Headphones,Accessories,31,2395.35,0.05,70543.06
2025-02-22,Monitor,Electronics,11,15109.13,0.0,166200.43
2025-02-22,Keyboard,Accessories,26,1836.92,0.0,47759.92
2025-02-23,Laptop,Electronics,10,67877.4,0.0,678774.0
2025-02-23,Smartphone,Electronics,14,34482.63,0.05,458618.98
2025-02-23,Headphones,Accessories,28,2616.62,0.0,73265.36
2025-02-23,Monitor,Electronics,14,14795.56,0.05,196780.95
2025-02-23,Keyboard,Accessories,23,1818.7,0.0,41830.1
2025-02-24,Laptop,Electronics,9,64235.92,0.0,578123.28
2025-02-24,Smartphone,Electronics,13,36375.77,0.0,472885.01
2025-02-24,Headphones,Accessories,24,2467.62,0.0,59222.88
2025-02-24,Monitor,Electronics,13,14528.09,0.05,179421.91
2025-02-24,Keyboard,Accessories,26,1719.27,0.0,44701.02
2025-02-25,Laptop,Electronics,8,65353.57,0.0,522828.56
2025-02-25,Smartphone,Electronics,14,34661.78,0.05,461001.67
2025-02-25,Headphones,Accessories,26,2576.74,0.05,63645.48
2025-02-25,Monitor,Electronics,10,15142.79,0.05,143856.5
2025-02-25,Keyboard,Accessories,27,1754.3,0.0,47366.1
2025-02-26,Laptop,Electronics,9,62561.73,0.1,506750.01
2025-02-26,Smartphone,Electronics,13,34577.95,0.0,449513.35
2025-02-26,Headphones,Accessories,24,2478.08,0.1,53526.53
2025-02-26,Monitor,Electronics,10,14457.31,0.0,144573.1
2025-02-26,Keyboard,Accessories,28,1845.3,0.05,49084.98
2025-02-27,Laptop,Electronics,9,64133.17,0.0,577198.53
2025-02-27,Smartphone,Electronics,15,35955.33,0.0,539329.95
2025-02-27,Headphones,Accessories,37,2497.79,0.0,92418.23
2025-02-27,Monitor,Electronics,12,15397.55,0.0,184770.6
2025-02-27,Keyboard,Accessories,26,1750.59,0.05,43239.57
2025-02-28,Laptop,Electronics,10,63535.26,0.0,635352.6
2025-02-28,Smartphone,Electronics,15,35410.88,0.1,478046.88
2025-02-28,Headphones,Accessories,30,2444.16,0.0,73324.8
2025-02-28,Monitor,Electronics,14,15078.55,0.0,211099.7
2025-02-28,Keyboard,Accessories,29,1750.54,0.05,48227.38
2025-03-01,Laptop,Electronics,9,63273.43,0.1,512514.78
2025-03-01,Smartphone,Electronics,13,34246.86,0.05,422948.72
2025-03-01,Headphones,Accessories,34,2443.92,0.1,74783.95
2025-03-01,Monitor,Electronics,12,14701.48,0.1,158775.98
2025-03-01,Keyboard,Accessories,29,1775.88,0.05,48925.49
2025-03-02,Laptop,Electronics,11,65717.84,0.0,722896.24
2025-03-02,Smartphone,Electronics,18,36567.71,0.05,625307.84
2025-03-02,Headphones,Accessories,29,2548.21,0.0,73898.09
2025-03-02,Monitor,Electronics,13,14848.59,0.05,183380.09
2025-03-02,Keyboard,Accessories,30,1837.51,0.1,49612.77
2025-03-03,Laptop,Electronics,8,62209.59,0.0,497676.72
2025-03-03,Smartphone,Electronics,15,35022.21,0.0,525333.15
2025-03-03,Headphones,Accessories,33,2467.02,0.05,77341.08
2025-03-03,Monitor,Electronics,12,15225.97,0.05,173576.06
2025-03-03,Keyboard,Accessories,33,1773.25,0.0,58517.25
2025-03-04,Laptop,Electronics,9,62764.79,0.05,536638.95
2025-03-04,Smartphone,Electronics,16,35695.79,0.05,542576.01
2025-03-04,Headphones,Accessories,32,2462.98,0.05,74874.59
2025-03-04,Monitor,Electronics,12,14858.15,0.05,169382.91
2025-03-04,Keyboard,Accessories,28,1771.26,0.0,49595.28
2025-03-05,Laptop,Electronics,9,63047.42,0.05,539055.44
2025-03-05,Smartphone,Electronics,15,35425.52,0.05,504813.66
2025-03-05,Headphones,Accessories,31,2435.23,0.05,71717.52
2025-03-05,Monitor,Electronics,14,14786.57,0.05,196661.38
2025-03-05,Keyboard,Accessories,28,1833.92,0.1,46214.78
2025-03-06,Laptop,Electronics,8,65843.04,0.05,500407.1
2025-03-06,Smartphone,Electronics,14,35560.15,0.05,472950.0
2025-03-06,Headphones,Accessories,32,2426.86,0.0,77659.52
2025-03-06,Monitor,Electronics,11,14614.83,0.0,160763.13
2025-03-06,Keyboard,Accessories,26,1837.67,0.0,47779.42
2025-03-07,Laptop,Electronics,7,64108.85,0.05,426323.85
2025-03-07,Smartphone,Electronics,15,35390.72,0.1,477774.72
2025-03-07,Headphones,Accessories,27,2514.14,0.05,64487.69
2025-03-07,Monitor,Electronics,15,15072.88,0.1,203483.88
2025-03-07,Keyboard,Accessories,29,1793.95,0.1,46822.1
2025-03-08,Laptop,Electronics,12,64552.93,0.0,774635.16
2025-03-08,Smartphone,Electronics,16,34744.95,0.05,528123.24
2025-03-08,Headphones,Accessories,27,2463.31,0.0,66509.37
2025-03-08,Monitor,Electronics,12,14807.89,0.05,168809.95
2025-03-08,Keyboard,Accessories,25,1803.12,0.0,45078.0
2025-03-09,Laptop,Electronics,9,65249.19,0.0,587242.71
2025-03-09,Smartphone,Electronics,17,35715.14,0.05,576799.51
2025-03-09,Headphones,Accessories,32,2628.32,0.05,79900.93
2025-03-09,Monitor,Electronics,13,14843.84,0.1,173672.93
2025-03-09,Keyboard,Accessories,23,1800.25,0.0,41405.75
2025-03-10,Laptop,Electronics,10,66657.56,0.1,599918.04
2025-03-10,Smartphone,Electronics,17,34394.56,0.05,555472.14
2025-03-10,Headphones,Accessories,31,2564.1,0.05,75512.74
2025-03-10,Monitor,Electronics,14,15180.19,0.15,180644.26
2025-03-10,Keyboard,Accessories,27,1832.51,0.05,47003.88
2025-03-11,Laptop,Electronics,8,64936.18,0.1,467540.5
2025-03-11,Smartphone,Electronics,14,35960.07,0.0,503440.98
2025-03-11,Headphones,Accessories,30,2533.41,0.05,72202.18
2025-03-11,Monitor,Electronics,13,15169.78,0.0,197207.14
2025-03-11,Keyboard,Accessories,24,1858.61,0.0,44606.64
2025-03-12,Laptop,Electronics,7,67172.07,0.0,470204.49
2025-03-12,Smartphone,Electronics,15,34583.15,0.1,466872.52
2025-03-12,Headphones,Accessories,35,2508.37,0.0,87792.95
2025-03-12,Monitor,Electronics,11,14753.55,0.0,162289.05
2025-03-12,Keyboard,Accessories,28,1798.18,0.05,47831.59
2025-03-13,Laptop,Electronics,9,65398.78,0.0,588589.02
2025-03-13,Smartphone,Electronics,15,34237.71,0.1,462209.08
2025-03-13,Headphones,Accessories,36,2658.85,0.0,95718.6
2025-03-13,Monitor,Electronics,13,14730.73,0.1,172349.54
2025-03-13,Keyboard,Accessories,29,1750.45,0.0,50763.05
2025-03-14,Laptop,Electronics,8,65568.63,0.05,498321.59
2025-03-14,Smartphone,Electronics,14,33362.03,0.05,443715.0
2025-03-14,Headphones,Accessories,33,2454.58,0.0,81001.14
2025-03-14,Monitor,Electronics,11,15169.97,0.05,158526.19
2025-03-14,Keyboard,Accessories,27,1753.6,0.0,47347.2
2025-03-15,Laptop,Electronics,9,66435.25,0.1,538125.52
2025-03-15,Smartphone,Electronics,16,35129.29,0.05,533965.21
2025-03-15,Headphones,Accessories,33,2451.73,0.05,76861.74
2025-03-15,Monitor,Electronics,15,15561.79,0.0,233426.85
2025-03-15,Keyboard,Accessories,27,1788.62,0.05,45878.1
2025-03-16,Laptop,Electronics,11,65056.56,0.0,715622.16
2025-03-16,Smartphone,Electronics,14,33914.48,0.0,474802.72
2025-03-16,Headphones,Accessories,37,2464.3,0.1,82061.19
2025-03-16,Monitor,Electronics,10,15434.85,0.0,154348.5
2025-03-16,Keyboard,Accessories,29,1830.75,0.0,53091.75
2025-03-17,Laptop,Electronics,10,68589.92,0.0,685899.2
2025-03-17,Smartphone,Electronics,18,34226.75,0.05,585277.42
2025-03-17,Headphones,Accessories,29,2461.52,0.0,71384.08
2025-03-17,Monitor,Electronics,13,15168.18,0.0,197186.34
2025-03-17,Keyboard,Accessories,23,1783.08,0.05,38960.3
2025-03-18,Laptop,Electronics,9,66416.23,0.0,597746.07
2025-03-18,Smartphone,Electronics,13,33448.99,0.05,413095.03
2025-03-18,Headphones,Accessories,35,2490.38,0.1,78446.97
2025-03-18,Monitor,Electronics,13,14279.13,0.0,185628.69
2025-03-18,Keyboard,Accessories,26,1740.58,0.0,45255.08
2025-03-19,Laptop,Electronics,11,63474.2,0.05,663305.39
2025-03-19,Smartphone,Electronics,16,34732.74,0.05,527937.65
2025-03-19,Headphones,Accessories,29,2493.65,0.05,68700.06
2025-03-19,Monitor,Electronics,13,15437.67,0.1,180620.74
2025-03-19,Keyboard,Accessories,24,1799.27,0.0,43182.48
2025-03-20,Laptop,Electronics,10,63250.88,0.1,569257.92
2025-03-20,Smartphone,Electronics,15,33344.75,0.0,500171.25
2025-03-20,Headphones,Accessories,27,2470.22,0.0,66695.94
2025-03-20,Monitor,Electronics,11,15383.44,0.15,143835.16
2025-03-20,Keyboard,Accessories,26,1750.63,0.0,45516.38
2025-03-21,Laptop,Electronics,9,66582.6,0.05,569281.23
2025-03-21,Smartphone,Electronics,13,36384.35,0.05,449346.72
2025-03-21,Headphones,Accessories,38,2383.66,0.1,81521.17
2025-03-21,Monitor,Electronics,12,14510.78,0.0,174129.36
2025-03-21,Keyboard,Accessories,24,1786.04,0.05,40721.71
2025-03-22,Laptop,Electronics,9,67226.42,0.05,574785.89
2025-03-22,Smartphone,Electronics,17,35691.26,0.05,576413.85
2025-03-22,Headphones,Accessories,35,2479.51,0.05,82443.71
2025-03-22,Monitor,Electronics,12,14671.74,0.1,158454.79
2025-03-22,Keyboard,Accessories,30,1783.64,0.0,53509.2
2025-03-23,Laptop,Electronics,10,64965.31,0.0,649653.1
2025-03-23,Smartphone,Electronics,15,35045.96,0.0,525689.4
2025-03-23,Headphones,Accessories,36,2430.08,0.0,87482.88
2025-03-23,Monitor,Electronics,13,14647.78,0.05,180900.08
2025-03-23,Keyboard,Accessories,27,1825.31,0.0,49283.37
2025-03-24,Laptop,Electronics,8,65808.91,0.1,473824.15
2025-03-24,Smartphone,Electronics,16,36230.57,0.0,579689.12
2025-03-24,Headphones,Accessories,29,2477.64,0.05,68258.98
2025-03-24,Monitor,Electronics,10,15409.92,0.05,146394.24
2025-03-24,Keyboard,Accessories,31,1739.47,0.1,48531.21
2025-03-25,Laptop,Electronics,8,63216.66,0.0,505733.28
2025-03-25,Smartphone,Electronics,17,35676.58,0.1,545851.67
2025-03-25,Headphones,Accessories,32,2459.98,0.0,78719.36
2025-03-25,Monitor,Electronics,13,15363.29,0.05,189736.63
2025-03-25,Keyboard,Accessories,27,1811.89,0.0,48921.03
2025-03-26,Laptop,Electronics,8,66205.46,0.0,529643.68
2025-03-26,Smartphone,Electronics,19,34328.54,0.0,652242.26
2025-03-26,Headphones,Accessories,34,2488.53,0.15,71918.52
2025-03-26,Monitor,Electronics,11,15157.91,0.1,150063.31
2025-03-26,Keyboard,Accessories,24,1802.55,0.1,38935.08
2025-03-27,Laptop,Electronics,9,66463.65,0.05,568264.21
2025-03-27,Smartphone,Electronics,14,34460.87,0.05,458329.57
2025-03-27,Headphones,Accessories,30,2408.99,0.1,65042.73
2025-03-27,Monitor,Electronics,12,15550.04,0.1,167940.43
2025-03-27,Keyboard,Accessories,29,1844.45,0.0,53489.05
2025-03-28,Laptop,Electronics,8,63157.22,0.0,505257.76
2025-03-28,Smartphone,Electronics,14,34405.15,0.05,457588.5
2025-03-28,Headphones,Accessories,34,2570.48,0.0,87396.32
2025-03-28,Monitor,Electronics,13,15291.75,0.0,198792.75
2025-03-28,Keyboard,Accessories,25,1838.56,0.05,43665.8
2025-03-29,Laptop,Electronics,11,63722.26,0.0,700944.86
2025-03-29,Smartphone,Electronics,18,35626.8,0.05,609218.28
2025-03-29,Headphones,Accessories,31,2637.76,0.1,73593.5
2025-03-29,Monitor,Electronics,15,14997.12,0.1,202461.12
2025-03-29,Keyboard,Accessories,25,1778.72,0.0,44468.0
2025-03-30,Laptop,Electronics,9,66005.93,0.05,564350.7
2025-03-30,Smartphone,Electronics,15,35982.66,0.05,512752.9
2025-03-30,Headphones,Accessories,32,2481.96,0.1,71480.45
2025-03-30,Monitor,Electronics,13,14815.86,0.1,173345.56
2025-03-30,Keyboard,Accessories,30,1797.97,0.15,45848.24
2025-03-31,Laptop,Electronics,8,67937.33,0.0,543498.64
2025-03-31,Smartphone,Electronics,15,34855.55,0.15,444408.26
2025-03-31,Headphones,Accessories,34,2538.99,0.0,86325.66
2025-03-31,Monitor,Electronics,11,14729.64,0.05,153924.74
2025-03-31,Keyboard,Accessories,33,1837.0,0.0,60621.0
2025-04-01,Laptop,Electronics,7,64617.68,0.0,452323.76
2025-04-01,Smartphone,Electronics,12,36663.48,0.0,439961.76
2025-04-01,Headphones,Accessories,34,2570.3,0.1,78651.18
2025-04-01,Monitor,Electronics,13,14465.56,0.05,178649.67
2025-04-01,Keyboard,Accessories,27,1696.43,0.0,45803.61
2025-04-02,Laptop,Electronics,8,64252.25,0.0,514018.0
2025-04-02,Smartphone,Electronics,17,36115.12,0.15,521863.48
2025-04-02,Headphones,Accessories,38,2413.41,0.15,77953.14
2025-04-02,Monitor,Electronics,14,15027.09,0.0,210379.26
2025-04-02,Keyboard,Accessories,27,1739.83,0.05,44626.64
2025-04-03,Laptop,Electronics,8,64794.41,0.1,466519.75
2025-04-03,Smartphone,Electronics,13,35383.83,0.05,436990.3
2025-04-03,Headphones,Accessories,34,2547.18,0.05,82273.91
2025-04-03,Monitor,Electronics,11,15647.83,0.0,172126.13
2025-04-03,Keyboard,Accessories,25,1836.42,0.0,45910.5
2025-04-04,Laptop,Electronics,7,65423.27,0.05,435064.75
2025-04-04,Smartphone,Electronics,15,34287.74,0.0,514316.1
2025-04-04,Headphones,Accessories,34,2455.88,0.05,79324.92
2025-04-04,Monitor,Electronics,12,15114.92,0.05,172310.09
2025-04-04,Keyboard,Accessories,27,1771.17,0.15,40648.35
2025-04-05,Laptop,Electronics,8,65538.64,0.0,524309.12
2025-04-05,Smartphone,Electronics,18,36187.66,0.0,651377.88
2025-04-05,Headphones,Accessories,35,2485.68,0.0,86998.8
2025-04-05,Monitor,Electronics,14,14381.63,0.1,181208.54
2025-04-05,Keyboard,Accessories,28,1822.94,0.05,48490.2
2025-04-06,Laptop,Electronics,8,62288.94,0.1,448480.37
2025-04-06,Smartphone,Electronics,15,32709.13,0.0,490636.95
2025-04-06,Headphones,Accessories,32,2490.63,0.05,75715.15
2025-04-06,Monitor,Electronics,12,14894.56,0.1,160861.25
2025-04-06,Keyboard,Accessories,29,1863.66,0.0,54046.14
2025-04-07,Laptop,Electronics,8,66465.31,0.0,531722.48
2025-04-07,Smartphone,Electronics,14,34479.0,0.1,434435.4
2025-04-07,Headphones,Accessories,24,2521.0,0.1,54453.6
2025-04-07,Monitor,Electronics,10,14609.85,0.0,146098.5
2025-04-07,Keyboard,Accessories,23,1754.81,0.05,38342.6
2025-04-08,Laptop,Electronics,9,62266.94,0.0,560402.46
2025-04-08,Smartphone,Electronics,14,33889.22,0.1,427004.17
2025-04-08,Headphones,Accessories,36,2429.28,0.0,87454.08
2025-04-08,Monitor,Electronics,11,14818.88,0.0,163007.68
2025-04-08,Keyboard,Accessories,22,1844.7,0.05,38554.23
2025-04-09,Laptop,Electronics,7,66000.95,0.0,462006.65
2025-04-09,Smartphone,Electronics,16,35337.29,0.0,565396.64
2025-04-09,Headphones,Accessories,33,2373.27,0.0,78317.91
2025-04-09,Monitor,Electronics,13,14626.52,0.05,180637.52
2025-04-09,Keyboard,Accessories,27,1736.69,0.1,42201.57
2025-04-10,Laptop,Electronics,8,65310.84,0.05,496362.38
2025-04-10,Smartphone,Electronics,16,35580.6,0.05,540825.12
2025-04-10,Headphones,Accessories,33,2451.19,0.05,76844.81
2025-04-10,Monitor,Electronics,12,14865.72,0.0,178388.64
2025-04-10,Keyboard,Accessories,24,1829.67,0.05,41716.48
2025-04-11,Laptop,Electronics,10,64580.68,0.0,645806.8
2025-04-11,Smartphone,Electronics,15,35182.58,0.1,474964.83
2025-04-11,Headphones,Accessories,27,2589.04,0.05,66408.88
2025-04-11,Monitor,Electronics,11,15484.66,0.0,170331.26
2025-04-11,Keyboard,Accessories,28,1768.33,0.05,47037.58
2025-04-12,Laptop,Electronics,10,67763.2,0.0,677632.0
2025-04-12,Smartphone,Electronics,16,34934.44,0.0,558951.04
2025-04-12,Headphones,Accessories,37,2391.23,0.1,79627.96
2025-04-12,Monitor,Electronics,13,14984.5,0.0,194798.5
2025-04-12,Keyboard,Accessories,31,1800.5,0.05,53024.72
2025-04-13,Laptop,Electronics,10,65747.57,0.05,624601.92
2025-04-13,Smartphone,Electronics,16,35059.61,0.1,504858.38
2025-04-13,Headphones,Accessories,31,2551.27,0.05,75134.9
2025-04-13,Monitor,Electronics,13,14815.55,0.0,192602.15
2025-04-13,Keyboard,Accessories,30,1679.64,0.05,47869.74
2025-04-14,Laptop,Electronics,7,67545.58,0.0,472819.06
2025-04-14,Smartphone,Electronics,16,35509.06,0.1,511330.46
2025-04-14,Headphones,Accessories,28,2499.06,0.05,66475.0
2025-04-14,Monitor,Electronics,12,14473.93,0.0,173687.16
2025-04-14,Keyboard,Accessories,27,1805.47,0.1,43872.92
2025-04-15,Laptop,Electronics,9,66807.16,0.05,571201.22
2025-04-15,Smartphone,Electronics,17,35420.0,0.0,602140.0
2025-04-15,Headphones,Accessories,31,2591.97,0.1,72315.96
2025-04-15,Monitor,Electronics,9,14591.31,0.1,118189.61
2025-04-15,Keyboard,Accessories,28,1858.0,0.0,52024.0
2025-04-16,Laptop,Electronics,9,64943.67,0.1,526043.73
2025-04-16,Smartphone,Electronics,18,34588.96,0.1,560341.15
2025-04-16,Headphones,Accessories,27,2513.81,0.0,67872.87
2025-04-16,Monitor,Electronics,13,14327.6,0.0,186258.8
2025-04-16,Keyboard,Accessories,28,1781.6,0.0,49884.8
2025-04-17,Laptop,Electronics,8,62491.89,0.05,474938.36
2025-04-17,Smartphone,Electronics,15,36351.86,0.1,490750.11
2025-04-17,Headphones,Accessories,28,2516.82,0.0,70470.96
2025-04-17,Monitor,Electronics,10,14534.16,0.05,138074.52
2025-04-17,Keyboard,Accessories,22,1859.77,0.0,40914.94
2025-04-18,Laptop,Electronics,9,62639.69,0.0,563757.21
2025-04-18,Smartphone,Electronics,13,35051.14,0.05,432881.58
2025-04-18,Headphones,Accessories,30,2540.74,0.05,72411.09
2025-04-18,Monitor,Electronics,11,15070.43,0.05,157485.99
2025-04-18,Keyboard,Accessories,30,1830.92,0.05,52181.22
2025-04-19,Laptop,Electronics,8,68569.55,0.1,493700.76
2025-04-19,Smartphone,Electronics,16,35525.82,0.1,511571.81
2025-04-19,Headphones,Accessories,37,2647.84,0.05,93071.58
2025-04-19,Monitor,Electronics,14,14391.58,0.0,201482.12
2025-04-19,Keyboard,Accessories,31,1798.24,0.0,55745.44
2025-04-20,Laptop,Electronics,8,64768.85,0.0,518150.8
2025-04-20,Smartphone,Electronics,17,36273.51,0.1,554984.7
2025-04-20,Headphones,Accessories,34,2429.06,0.0,82588.04
2025-04-20,Monitor,Electronics,13,14714.09,0.0,191283.17
2025-04-20,Keyboard,Accessories,29,1784.74,0.05,49169.59
2025-04-21,Laptop,Electronics,8,64932.61,0.05,493487.84
2025-04-21,Smartphone,Electronics,13,34482.61,0.0,448273.93
2025-04-21,Headphones,Accessories,28,2612.41,0.0,73147.48
2025-04-21,Monitor,Electronics,13,15678.87,0.1,183442.78
2025-04-21,Keyboard,Accessories,28,1784.5,0.05,47467.7
2025-04-22,Laptop,Electronics,9,63886.69,0.0,574980.21
2025-04-22,Smartphone,Electronics,13,36344.14,0.15,401602.75
2025-04-22,Headphones,Accessories,32,2494.68,0.1,71846.78
2025-04-22,Monitor,Electronics,13,14763.66,0.15,163138.44
2025-04-22,Keyboard,Accessories,26,1728.51,0.05,42694.2
2025-04-23,Laptop,Electronics,8,63498.4,0.0,507987.2
2025-04-23,Smartphone,Electronics,15,34917.86,0.05,497579.5
2025-04-23,Headphones,Accessories,32,2458.39,0.05,74735.06
2025-04-23,Monitor,Electronics,13,14968.23,0.1,175128.29
2025-04-23,Keyboard,Accessories,30,1834.96,0.0,55048.8
2025-04-24,Laptop,Electronics,7,65132.19,0.0,455925.33
2025-04-24,Smartphone,Electronics,14,35234.54,0.05,468619.38
2025-04-24,Headphones,Accessories,27,2513.18,0.0,67855.86
2025-04-24,Monitor,Electronics,10,14739.32,0.0,147393.2
2025-04-24,Keyboard,Accessories,29,1808.06,0.0,52433.74
2025-04-25,Laptop,Electronics,9,63245.76,0.05,540751.25
2025-04-25,Smartphone,Electronics,13,36018.09,0.0,468235.17
2025-04-25,Headphones,Accessories,35,2490.82,0.05,82819.77
2025-04-25,Monitor,Electronics,11,14904.21,0.0,163946.31
2025-04-25,Keyboard,Accessories,26,1801.46,0.0,46837.96
2025-04-26,Laptop,Electronics,10,66738.61,0.05,634016.79
2025-04-26,Smartphone,Electronics,18,35249.16,0.05,602760.64
2025-04-26,Headphones,Accessories,31,2474.87,0.1,69048.87
2025-04-26,Monitor,Electronics,15,14969.6,0.05,213316.8
2025-04-26,Keyboard,Accessories,33,1826.64,0.05,57265.16
2025-04-27,Laptop,Electronics,10,60949.18,0.1,548542.62
2025-04-27,Smartphone,Electronics,14,33634.56,0.0,470883.84
2025-04-27,Headphones,Accessories,30,2611.5,0.0,78345.0
2025-04-27,Monitor,Electronics,13,15073.1,0.05,186152.78
2025-04-27,Keyboard,Accessories,31,1822.94,0.0,56511.14
2025-04-28,Laptop,Electronics,9,66201.76,0.1,536234.26
2025-04-28,Smartphone,Electronics,19,34100.57,0.1,583119.75
2025-04-28,Headphones,Accessories,31,2557.48,0.0,79281.88
2025-04-28,Monitor,Electronics,10,14440.33,0.0,144403.3
2025-04-28,Keyboard,Accessories,29,1780.97,0.0,51648.13
2025-04-29,Laptop,Electronics,8,65842.11,0.0,526736.88
2025-04-29,Smartphone,Electronics,15,34846.73,0.1,470430.86
2025-04-29,Headphones,Accessories,30,2522.86,0.05,71901.51
2025-04-29,Monitor,Electronics,14,14968.11,0.1,188598.19
2025-04-29,Keyboard,Accessories,33,1807.11,0.1,53671.17
2025-04-30,Laptop,Electronics,9,64981.08,0.1,526346.75
2025-04-30,Smartphone,Electronics,15,36458.85,0.05,519538.61
2025-04-30,Headphones,Accessories,32,2365.42,0.05,71908.77
2025-04-30,Monitor,Electronics,14,14764.05,0.1,186027.03
2025-04-30,Keyboard,Accessories,27,1746.49,0.0,47155.23
2025-05-01,Laptop,Electronics,8,66335.86,0.05,504152.54
2025-05-01,Smartphone,Electronics,15,35868.84,0.1,484229.34
2025-05-01,Headphones,Accessories,35,2500.55,0.0,87519.25
2025-05-01,Monitor,Electronics,11,15267.84,0.1,151151.62
2025-05-01,Keyboard,Accessories,30,1749.05,0.05,49847.92
2025-05-02,Laptop,Electronics,7,63866.03,0.1,402355.99
2025-05-02,Smartphone,Electronics,15,36224.32,0.05,516196.56
2025-05-02,Headphones,Accessories,35,2523.27,0.0,88314.45
2025-05-02,Monitor,Electronics,11,14659.91,0.05,153196.06
2025-05-02,Keyboard,Accessories,22,1720.74,0.0,37856.28
2025-05-03,Laptop,Electronics,9,66129.64,0.0,595166.76
2025-05-03,Smartphone,Electronics,14,34600.65,0.05,460188.64
2025-05-03,Headphones,Accessories,31,2368.32,0.05,69747.02
2025-05-03,Monitor,Electronics,13,14848.5,0.1,173727.45
2025-05-03,Keyboard,Accessories,24,1733.35,0.0,41600.4
2025-05-04,Laptop,Electronics,12,64819.15,0.05,738938.31
2025-05-04,Smartphone,Electronics,15,35487.5,0.0,532312.5
2025-05-04,Headphones,Accessories,33,2429.6,0.0,80176.8
2025-05-04,Monitor,Electronics,13,14836.59,0.0,192875.67
2025-05-04,Keyboard,Accessories,30,1882.17,0.0,56465.1
2025-05-05,Laptop,Electronics,9,63087.95,0.0,567791.55
2025-05-05,Smartphone,Electronics,12,35698.59,0.0,428383.08
2025-05-05,Headphones,Accessories,29,2464.68,0.0,71475.72
2025-05-05,Monitor,Electronics,11,15313.7,0.0,168450.7
2025-05-05,Keyboard,Accessories,34,1819.67,0.15,52588.46
2025-05-06,Laptop,Electronics,8,68999.12,0.05,524393.31
2025-05-06,Smartphone,Electronics,13,34339.49,0.0,446413.37
2025-05-06,Headphones,Accessories,36,2501.92,0.05,85565.66
2025-05-06,Monitor,Electronics,13,14890.24,0.1,174215.81
2025-05-06,Keyboard,Accessories,30,1743.77,0.0,52313.1
2025-05-07,Laptop,Electronics,10,65417.22,0.1,588754.98
2025-05-07,Smartphone,Electronics,12,34960.19,0.1,377570.05
2025-05-07,Headphones,Accessories,29,2417.35,0.1,63092.84
2025-05-07,Monitor,Electronics,12,15583.61,0.0,187003.32
2025-05-07,Keyboard,Accessories,23,1759.55,0.0,40469.65
2025-05-08,Laptop,Electronics,8,66373.76,0.05,504440.58
2025-05-08,Smartphone,Electronics,15,34961.26,0.0,524418.9
2025-05-08,Headphones,Accessories,36,2596.58,0.0,93476.88
2025-05-08,Monitor,Electronics,12,14963.71,0.05,170586.29
2025-05-08,Keyboard,Accessories,24,1800.73,0.0,43217.52
2025-05-09,Laptop,Electronics,8,65730.97,0.0,525847.76
2025-05-09,Smartphone,Electronics,14,35473.76,0.0,496632.64
2025-05-09,Headphones,Accessories,31,2407.84,0.0,74643.04
2025-05-09,Monitor,Electronics,13,15765.85,0.1,184460.44
2025-05-09,Keyboard,Accessories,28,1779.02,0.1,44831.3
2025-05-10,Laptop,Electronics,9,63407.72,0.0,570669.48
2025-05-10,Smartphone,Electronics,15,34220.75,0.05,487645.69
2025-05-10,Headphones,Accessories,35,2492.67,0.0,87243.45
2025-05-10,Monitor,Electronics,12,15436.27,0.0,185235.24
2025-05-10,Keyboard,Accessories,28,1836.29,0.05,48845.31
2025-05-11,Laptop,Electronics,8,69160.82,0.05,525622.23
2025-05-11,Smartphone,Electronics,15,35201.83,0.05,501626.08
2025-05-11,Headphones,Accessories,35,2455.18,0.0,85931.3
2025-05-11,Monitor,Electronics,12,14897.01,0.05,169825.91
2025-05-11,Keyboard,Accessories,29,1751.64,0.1,45717.8
2025-05-12,Laptop,Electronics,8,62244.06,0.15,423259.61
2025-05-12,Smartphone,Electronics,16,35420.53,0.0,566728.48
2025-05-12,Headphones,Accessories,30,2480.14,0.0,74404.2
2025-05-12,Monitor,Electronics,12,15361.79,0.05,175124.41
2025-05-12,Keyboard,Accessories,29,1874.08,0.0,54348.32
2025-05-13,Laptop,Electronics,7,66459.44,0.0,465216.08
2025-05-13,Smartphone,Electronics,16,33834.83,0.0,541357.28
2025-05-13,Headphones,Accessories,26,2458.22,0.0,63913.72
2025-05-13,Monitor,Electronics,14,14757.23,0.05,196271.16
2025-05-13,Keyboard,Accessories,34,1804.37,0.1,55213.72
2025-05-14,Laptop,Electronics,9,64035.69,0.1,518689.09
2025-05-14,Smartphone,Electronics,15,34700.62,0.0,520509.3
2025-05-14,Headphones,Accessories,31,2507.72,0.05,73852.35
2025-05-14,Monitor,Electronics,12,14970.94,0.1,161686.15
2025-05-14,Keyboard,Accessories,26,1798.64,0.05,44426.41
2025-05-15,Laptop,Electronics,8,64916.24,0.0,519329.92
2025-05-15,Smartphone,Electronics,15,34393.15,0.05,490102.39
2025-05-15,Headphones,Accessories,35,2501.53,0.1,78798.2
2025-05-15,Monitor,Electronics,11,15640.95,0.05,163447.93
2025-05-15,Keyboard,Accessories,23,1858.92,0.1,38479.64
2025-05-16,Laptop,Electronics,9,63642.87,0.0,572785.83
2025-05-16,Smartphone,Electronics,14,34412.24,0.0,481771.36
2025-05-16,Headphones,Accessories,32,2413.85,0.0,77243.2
2025-05-16,Monitor,Electronics,12,14978.27,0.1,161765.32
2025-05-16,Keyboard,Accessories,30,1842.26,0.05,52504.41
2025-05-17,Laptop,Electronics,9,64515.97,0.0,580643.73
2025-05-17,Smartphone,Electronics,15,34996.93,0.0,524953.95
2025-05-17,Headphones,Accessories,36,2388.89,0.0,86000.04
2025-05-17,Monitor,Electronics,13,15197.74,0.1,177813.56
2025-05-17,Keyboard,Accessories,31,1834.96,0.05,54039.57
2025-05-18,Laptop,Electronics,11,67178.16,0.05,702011.77
2025-05-18,Smartphone,Electronics,16,35028.16,0.05,532428.03
2025-05-18,Headphones,Accessories,34,2520.35,0.0,85691.9
2025-05-18,Monitor,Electronics,13,14679.78,0.05,181295.28
2025-05-18,Keyboard,Accessories,28,1856.36,0.05,49379.18
2025-05-19,Laptop,Electronics,8,65053.04,0.05,494403.1
2025-05-19,Smartphone,Electronics,14,35278.31,0.05,469201.52
2025-05-19,Headphones,Accessories,27,2520.16,0.0,68044.32
2025-05-19,Monitor,Electronics,12,15094.88,0.0,181138.56
2025-05-19,Keyboard,Accessories,28,1755.8,0.05,46704.28
2025-05-20,Laptop,Electronics,8,65394.8,0.1,470842.56
2025-05-20,Smartphone,Electronics,12,34184.18,0.05,389699.65
2025-05-20,Headphones,Accessories,33,2481.03,0.1,73686.59
2025-05-20,Monitor,Electronics,13,14844.79,0.1,173684.04
2025-05-20,Keyboard,Accessories,22,1825.03,0.1,36135.59
2025-05-21,Laptop,Electronics,9,64849.08,0.0,583641.72
2025-05-21,Smartphone,Electronics,16,33802.54,0.1,486756.58
2025-05-21,Headphones,Accessories,34,2520.29,0.0,85689.86
2025-05-21,Monitor,Electronics,9,15411.82,0.0,138706.38
2025-05-21,Keyboard,Accessories,32,1830.91,0.05,55659.66
2025-05-22,Laptop,Electronics,9,67614.16,0.0,608527.44
2025-05-22,Smartphone,Electronics,15,34178.24,0.0,512673.6
2025-05-22,Headphones,Accessories,30,2450.74,0.05,69846.09
2025-05-22,Monitor,Electronics,14,14648.7,0.05,194827.71
2025-05-22,Keyboard,Accessories,30,1765.27,0.05,50310.2
2025-05-23,Laptop,Electronics,9,68347.25,0.0,615125.25
2025-05-23,Smartphone,Electronics,13,36295.78,0.1,424660.63
2025-05-23,Headphones,Accessories,31,2577.72,0.0,79909.32
2025-05-23,Monitor,Electronics,11,14584.56,0.05,152408.65
2025-05-23,Keyboard,Accessories,27,1715.12,0.0,46308.24
2025-05-24,Laptop,Electronics,11,65324.2,0.0,718566.2
2025-05-24,Smartphone,Electronics,13,36042.35,0.0,468550.55
2025-05-24,Headphones,Accessories,32,2670.18,0.05,81173.47
2025-05-24,Monitor,Electronics,12,14472.34,0.0,173668.08
2025-05-24,Keyboard,Accessories,25,1839.56,0.1,41390.1
2025-05-25,Laptop,Electronics,7,64757.29,0.05,430635.98
2025-05-25,Smartphone,Electronics,17,33238.62,0.0,565056.54
2025-05-25,Headphones,Accessories,37,2440.7,0.0,90305.9
2025-05-25,Monitor,Electronics,13,15467.77,0.05,191026.96
2025-05-25,Keyboard,Accessories,26,1830.93,0.0,47604.18
2025-05-26,Laptop,Electronics,8,62314.83,0.0,498518.64
2025-05-26,Smartphone,Electronics,16,33307.67,0.15,452984.31
2025-05-26,Headphones,Accessories,34,2504.38,0.05,80891.47
2025-05-26,Monitor,Electronics,12,14930.79,0.05,170211.01
2025-05-26,Keyboard,Accessories,25,1768.76,0.0,44219.0
2025-05-27,Laptop,Electronics,8,67198.74,0.05,510710.42
2025-05-27,Smartphone,Electronics,12,34790.93,0.05,396616.6
2025-05-27,Headphones,Accessories,31,2529.73,0.0,78421.63
2025-05-27,Monitor,Electronics,9,15113.49,0.05,129220.34
2025-05-27,Keyboard,Accessories,28,1833.35,0.05,48767.11
2025-05-28,Laptop,Electronics,8,63210.09,0.05,480396.68
2025-05-28,Smartphone,Electronics,16,34321.84,0.0,549149.44
2025-05-28,Headphones,Accessories,29,2435.6,0.15,60037.54
2025-05-28,Monitor,Electronics,13,14497.69,0.0,188469.97
2025-05-28,Keyboard,Accessories,26,1764.83,0.05,43591.3
2025-05-29,Laptop,Electronics,9,65062.65,0.0,585563.85
2025-05-29,Smartphone,Electronics,16,33345.0,0.1,480168.0
2025-05-29,Headphones,Accessories,34,2439.7,0.0,82949.8
2025-05-29,Monitor,Electronics,11,14832.92,0.1,146845.91
2025-05-29,Keyboard,Accessories,28,1758.1,0.1,44304.12
2025-05-30,Laptop,Electronics,11,67827.01,0.05,708792.25
2025-05-30,Smartphone,Electronics,14,33228.09,0.05,441933.6
2025-05-30,Headphones,Accessories,36,2473.35,0.1,80136.54
2025-05-30,Monitor,Electronics,13,14960.87,0.0,194491.31
2025-05-30,Keyboard,Accessories,31,1834.15,0.15,48329.85
2025-05-31,Laptop,Electronics,10,63628.74,0.05,604473.03
2025-05-31,Smartphone,Electronics,17,34358.15,0.05,554884.12
2025-05-31,Headphones,Accessories,28,2572.17,0.05,68419.72
2025-05-31,Monitor,Electronics,11,15637.55,0.0,172013.05
2025-05-31,Keyboard,Accessories,29,1825.37,0.05,50288.94
2025-06-01,Laptop,Electronics,7,63233.67,0.0,442635.69
2025-06-01,Smartphone,Electronics,17,33009.71,0.05,533106.82
2025-06-01,Headphones,Accessories,29,2499.45,0.05,68859.85
2025-06-01,Monitor,Electronics,13,14980.95,0.1,175277.12
2025-06-01,Keyboard,Accessories,33,1848.54,0.0,61001.82
2025-06-02,Laptop,Electronics,9,66181.04,0.1,536066.42
2025-06-02,Smartphone,Electronics,15,34899.02,0.1,471136.77
2025-06-02,Headphones,Accessories,29,2517.35,0.0,73003.15
2025-06-02,Monitor,Electronics,11,14650.18,0.1,145036.78
2025-06-02,Keyboard,Accessories,24,1771.06,0.0,42505.44
2025-06-03,Laptop,Electronics,9,67238.61,0.0,605147.49
2025-06-03,Smartphone,Electronics,12,33712.76,0.0,404553.12
2025-06-03,Headphones,Accessories,33,2564.84,0.05,80407.73
2025-06-03,Monitor,Electronics,13,15682.41,0.1,183484.2
2025-06-03,Keyboard,Accessories,32,1745.56,0.05,53065.02
2025-06-04,Laptop,Electronics,10,65019.31,0.1,585173.79
2025-06-04,Smartphone,Electronics,15,35148.09,0.1,474499.22
2025-06-04,Headphones,Accessories,29,2458.96,0.0,71309.84
2025-06-04,Monitor,Electronics,12,14247.91,0.1,153877.43
2025-06-04,Keyboard,Accessories,27,1762.46,0.05,45207.1
2025-06-05,Laptop,Electronics,9,64543.49,0.1,522802.27
2025-06-05,Smartphone,Electronics,16,34802.42,0.0,556838.72
2025-06-05,Headphones,Accessories,29,2607.14,0.0,75607.06
2025-06-05,Monitor,Electronics,12,15288.74,0.05,174291.64
2025-06-05,Keyboard,Accessories,26,1798.99,0.0,46773.74
2025-06-06,Laptop,Electronics,10,64936.39,0.0,649363.9
2025-06-06,Smartphone,Electronics,16,35938.46,0.05,546264.59
2025-06-06,Headphones,Accessories,32,2499.03,0.05,75970.51
2025-06-06,Monitor,Electronics,10,14913.85,0.0,149138.5
2025-06-06,Keyboard,Accessories,26,1781.15,0.0,46309.9
2025-06-07,Laptop,Electronics,10,63791.23,0.0,637912.3
2025-06-07,Smartphone,Electronics,14,34549.43,0.1,435322.82
2025-06-07,Headphones,Accessories,32,2432.91,0.05,73960.46
2025-06-07,Monitor,Electronics,14,15538.64,0.1,195786.86
2025-06-07,Keyboard,Accessories,28,1795.79,0.0,50282.12
2025-06-08,Laptop,Electronics,9,63771.49,0.0,573943.41
2025-06-08,Smartphone,Electronics,19,35244.05,0.0,669636.95
2025-06-08,Headphones,Accessories,29,2577.71,0.0,74753.59
2025-06-08,Monitor,Electronics,12,15013.69,0.0,180164.28
2025-06-08,Keyboard,Accessories,30,1794.7,0.05,51148.95
2025-06-09,Laptop,Electronics,9,67389.45,0.1,545854.54
2025-06-09,Smartphone,Electronics,12,34585.56,0.05,394275.38
2025-06-09,Headphones,Accessories,35,2642.03,0.05,87847.5
2025-06-09,Monitor,Electronics,12,15113.03,0.1,163220.72
2025-06-09,Keyboard,Accessories,25,1779.12,0.05,42254.1
2025-06-10,Laptop,Electronics,8,66967.35,0.05,508951.86
2025-06-10,Smartphone,Electronics,14,34473.86,0.05,458502.34
2025-06-10,Headphones,Accessories,28,2436.38,0.0,68218.64
2025-06-10,Monitor,Electronics,13,14642.04,0.0,190346.52
2025-06-10,Keyboard,Accessories,24,1805.69,0.1,39002.9
2025-06-11,Laptop,Electronics,9,62935.87,0.05,538101.69
2025-06-11,Smartphone,Electronics,15,34797.82,0.05,495868.93
2025-06-11,Headphones,Accessories,26,2482.07,0.1,58080.44
2025-06-11,Monitor,Electronics,11,15248.87,0.0,167737.57
2025-06-11,Keyboard,Accessories,27,1842.44,0.1,44771.29
2025-06-12,Laptop,Electronics,10,64237.31,0.0,642373.1
2025-06-12,Smartphone,Electronics,15,33929.38,0.15,432599.6
2025-06-12,Headphones,Accessories,28,2380.68,0.05,63326.09
2025-06-12,Monitor,Electronics,13,15054.62,0.1,176139.05
2025-06-12,Keyboard,Accessories,27,1817.87,0.05,46628.37
2025-06-13,Laptop,Electronics,9,64444.01,0.0,579996.09
2025-06-13,Smartphone,Electronics,14,35275.05,0.1,444465.63
2025-06-13,Headphones,Accessories,30,2622.97,0.1,70820.19
2025-06-13,Monitor,Electronics,10,14870.59,0.0,148705.9
2025-06-13,Keyboard,Accessories,34,1824.3,0.1,55823.58
2025-06-14,Laptop,Electronics,9,67218.98,0.1,544473.74
2025-06-14,Smartphone,Electronics,16,34073.75,0.0,545180.0
2025-06-14,Headphones,Accessories,30,2543.72,0.0,76311.6
2025-06-14,Monitor,Electronics,14,14356.83,0.0,200995.62
2025-06-14,Keyboard,Accessories,31,1804.38,0.1,50342.2
2025-06-15,Laptop,Electronics,9,62228.48,0.05,532053.5
2025-06-15,Smartphone,Electronics,16,34202.33,0.0,547237.28
2025-06-15,Headphones,Accessories,29,2310.55,0.0,67005.95
2025-06-15,Monitor,Electronics,11,15385.94,0.05,160783.07
2025-06-15,Keyboard,Accessories,25,1776.72,0.0,44418.0
2025-06-16,Laptop,Electronics,8,62469.95,0.0,499759.6
2025-06-16,Smartphone,Electronics,12,35026.38,0.05,399300.73
2025-06-16,Headphones,Accessories,28,2518.37,0.05,66988.64
2025-06-16,Monitor,Electronics,12,14739.11,0.0,176869.32
2025-06-16,Keyboard,Accessories,30,1925.65,0.1,51992.55
2025-06-17,Laptop,Electronics,10,67122.35,0.0,671223.5
2025-06-17,Smartphone,Electronics,15,34576.56,0.0,518648.4
2025-06-17,Headphones,Accessories,30,2525.5,0.0,75765.0
2025-06-17,Monitor,Electronics,10,15383.11,0.0,153831.1
2025-06-17,Keyboard,Accessories,28,1757.44,0.0,49208.32
2025-06-18,Laptop,Electronics,8,62809.51,0.05,477352.28
2025-06-18,Smartphone,Electronics,13,36033.87,0.0,468440.31
2025-06-18,Headphones,Accessories,35,2446.21,0.0,85617.35
2025-06-18,Monitor,Electronics,12,14889.64,0.0,178675.68
2025-06-18,Keyboard,Accessories,28,1786.23,0.05,47513.72
2025-06-19,Laptop,Electronics,9,63195.3,0.0,568757.7
2025-06-19,Smartphone,Electronics,14,36514.03,0.1,460076.78
2025-06-19,Headphones,Accessories,29,2555.85,0.0,74119.65
2025-06-19,Monitor,Electronics,14,14867.53,0.1,187330.88
2025-06-19,Keyboard,Accessories,25,1828.01,0.0,45700.25
2025-06-20,Laptop,Electronics,8,63980.44,0.05,486251.34
2025-06-20,Smartphone,Electronics,14,33007.13,0.0,462099.82
2025-06-20,Headphones,Accessories,26,2468.73,0.05,60977.63
2025-06-20,Monitor,Electronics,11,13793.98,0.0,151733.78
2025-06-20,Keyboard,Accessories,30,1805.48,0.05,51456.18
2025-06-21,Laptop,Electronics,9,66056.39,0.05,564782.13
2025-06-21,Smartphone,Electronics,15,34321.34,0.0,514820.1
2025-06-21,Headphones,Accessories,32,2423.79,0.05,73683.22
2025-06-21,Monitor,Electronics,13,14825.71,0.05,183097.52
2025-06-21,Keyboard,Accessories,27,1738.59,0.05,44594.83
2025-06-22,Laptop,Electronics,7,66088.83,0.0,462621.81
2025-06-22,Smartphone,Electronics,16,35134.4,0.05,534042.88
2025-06-22,Headphones,Accessories,31,2450.58,0.1,68371.18
2025-06-22,Monitor,Electronics,12,15220.88,0.1,164385.5
2025-06-22,Keyboard,Accessories,23,1707.77,0.05,37314.77
2025-06-23,Laptop,Electronics,7,65604.04,0.0,459228.28
2025-06-23,Smartphone,Electronics,13,33144.92,0.0,430883.96
2025-06-23,Headphones,Accessories,29,2467.66,0.15,60827.82
2025-06-23,Monitor,Electronics,12,15505.93,0.05,176767.6
2025-06-23,Keyboard,Accessories,30,1802.09,0.05,51359.56
2025-06-24,Laptop,Electronics,8,68115.55,0.0,544924.4
2025-06-24,Smartphone,Electronics,15,33665.08,0.1,454478.58
2025-06-24,Headphones,Accessories,33,2499.03,0.0,82467.99
2025-06-24,Monitor,Electronics,11,14803.07,0.0,162833.77
2025-06-24,Keyboard,Accessories,28,1839.28,0.0,51499.84
2025-06-25,Laptop,Electronics,7,63544.74,0.05,422572.52
2025-06-25,Smartphone,Electronics,13,33928.13,0.0,441065.69
2025-06-25,Headphones,Accessories,29,2591.86,0.0,75163.94
2025-06-25,Monitor,Electronics,11,15556.4,0.0,171120.4
2025-06-25,Keyboard,Accessories,25,1693.9,0.0,42347.5
2025-06-26,Laptop,Electronics,8,62678.03,0.0,501424.24
2025-06-26,Smartphone,Electronics,13,35442.64,0.0,460754.32
2025-06-26,Headphones,Accessories,32,2541.7,0.1,73200.96
2025-06-26,Monitor,Electronics,10,14987.99,0.05,142385.9
2025-06-26,Keyboard,Accessories,23,1836.81,0.1,38021.97
2025-06-27,Laptop,Electronics,8,66312.63,0.1,477450.94
2025-06-27,Smartphone,Electronics,13,35531.95,0.0,461915.35
2025-06-27,Headphones,Accessories,28,2457.68,0.05,65374.29
2025-06-27,Monitor,Electronics,10,14605.29,0.05,138750.26
2025-06-27,Keyboard,Accessories,22,1783.64,0.05,37278.08
2025-06-28,Laptop,Electronics,9,63811.71,0.0,574305.39
2025-06-28,Smartphone,Electronics,15,34702.05,0.0,520530.75
2025-06-28,Headphones,Accessories,32,2269.48,0.0,72623.36
2025-06-28,Monitor,Electronics,12,14642.08,0.05,166919.71
2025-06-28,Keyboard,Accessories,28,1867.28,0.05,49669.65
2025-06-29,Laptop,Electronics,8,63528.09,0.0,508224.72
2025-06-29,Smartphone,Electronics,14,34359.62,0.05,456982.95
2025-06-29,Headphones,Accessories,33,2505.7,0.0,82688.1
2025-06-29,Monitor,Electronics,14,15184.5,0.05,201953.85
2025-06-29,Keyboard,Accessories,25,1760.05,0.0,44001.25
2025-06-30,Laptop,Electronics,9,63613.23,0.0,572519.07
2025-06-30,Smartphone,Electronics,15,34152.08,0.1,461053.08
2025-06-30,Headphones,Accessories,34,2473.89,0.0,84112.26
2025-06-30,Monitor,Electronics,11,14579.55,0.05,152356.3
2025-06-30,Keyboard,Accessories,20,1804.02,0.05,34276.38
2025-07-01,Laptop,Electronics,8,67108.03,0.05,510021.03
2025-07-01,Smartphone,Electronics,12,34073.34,0.0,408880.08
2025-07-01,Headphones,Accessories,23,2426.2,0.1,50222.34
2025-07-01,Monitor,Electronics,13,14199.08,0.0,184588.04
2025-07-01,Keyboard,Accessories,26,1875.24,0.1,43880.62
2025-07-02,Laptop,Electronics,7,66077.12,0.05,439412.85
2025-07-02,Smartphone,Electronics,13,35977.26,0.0,467704.38
2025-07-02,Headphones,Accessories,28,2497.42,0.0,69927.76
2025-07-02,Monitor,Electronics,10,15087.84,0.1,135790.56
2025-07-02,Keyboard,Accessories,23,1766.59,0.05,38599.99
2025-07-03,Laptop,Electronics,7,64990.17,0.0,454931.19
2025-07-03,Smartphone,Electronics,14,34295.16,0.1,432119.02
2025-07-03,Headphones,Accessories,33,2480.23,0.05,77755.21
2025-07-03,Monitor,Electronics,11,15203.64,0.0,167240.04
2025-07-03,Keyboard,Accessories,24,1874.37,0.1,40486.39
2025-07-04,Laptop,Electronics,8,67365.35,0.05,511976.66
2025-07-04,Smartphone,Electronics,12,35776.46,0.05,407851.64
2025-07-04,Headphones,Accessories,26,2562.16,0.0,66616.16
2025-07-04,Monitor,Electronics,11,15204.87,0.0,167253.57
2025-07-04,Keyboard,Accessories,29,1797.85,0.0,52137.65
2025-07-05,Laptop,Electronics,8,63681.23,0.15,433032.36
2025-07-05,Smartphone,Electronics,15,33833.5,0.1,456752.25
2025-07-05,Headphones,Accessories,32,2423.19,0.1,69787.87
2025-07-05,Monitor,Electronics,11,15441.91,0.0,169861.01
2025-07-05,Keyboard,Accessories,31,1783.6,0.05,52527.02
2025-07-06,Laptop,Electronics,9,65020.35,0.0,585183.15
2025-07-06,Smartphone,Electronics,12,36158.66,0.0,433903.92
2025-07-06,Headphones,Accessories,32,2510.41,0.05,76316.46
2025-07-06,Monitor,Electronics,12,15056.2,0.0,180674.4
2025-07-06,Keyboard,Accessories,26,1800.08,0.0,46802.08
2025-07-07,Laptop,Electronics,8,65020.09,0.0,520160.72
2025-07-07,Smartphone,Electronics,17,35454.89,0.1,542459.82
2025-07-07,Headphones,Accessories,25,2612.44,0.1,58779.9
2025-07-07,Monitor,Electronics,11,15224.79,0.0,167472.69
2025-07-07,Keyboard,Accessories,26,1884.78,0.1,44103.85
2025-07-08,Laptop,Electronics,8,67261.87,0.15,457380.72
2025-07-08,Smartphone,Electronics,12,35076.09,0.1,378821.77
2025-07-08,Headphones,Accessories,30,2454.7,0.15,62594.85
2025-07-08,Monitor,Electronics,12,15612.46,0.05,177982.04
2025-07-08,Keyboard,Accessories,21,1741.59,0.05,34744.72
2025-07-09,Laptop,Electronics,8,66842.75,0.0,534742.0
2025-07-09,Smartphone,Electronics,15,34973.52,0.05,498372.66
2025-07-09,Headphones,Accessories,32,2512.99,0.05,76394.9
2025-07-09,Monitor,Electronics,12,14923.37,0.0,179080.44
2025-07-09,Keyboard,Accessories,27,1758.98,0.1,42743.21
2025-07-10,Laptop,Electronics,9,63344.34,0.0,570099.06
2025-07-10,Smartphone,Electronics,15,34740.78,0.0,521111.7
2025-07-10,Headphones,Accessories,28,2662.93,0.05,70833.94
2025-07-10,Monitor,Electronics,12,15081.98,0.05,171934.57
2025-07-10,Keyboard,Accessories,25,1764.29,0.0,44107.25
2025-07-11,Laptop,Electronics,8,64688.72,0.05,491634.27
2025-07-11,Smartphone,Electronics,12,34720.15,0.1,374977.62
2025-07-11,Headphones,Accessories,26,2447.79,0.05,60460.41
2025-07-11,Monitor,Electronics,10,14745.04,0.05,140077.88
2025-07-11,Keyboard,Accessories,28,1762.99,0.05,46895.53
2025-07-12,Laptop,Electronics,10,61875.5,0.0,618755.0
2025-07-12,Smartphone,Electronics,15,35279.61,0.1,476274.74
2025-07-12,Headphones,Accessories,28,2443.98,0.05,65009.87
2025-07-12,Monitor,Electronics,13,15349.08,0.0,199538.04
2025-07-12,Keyboard,Accessories,29,1852.45,0.1,48348.95
2025-07-13,Laptop,Electronics,8,64403.05,0.05,489463.18
2025-07-13,Smartphone,Electronics,14,35651.51,0.1,449209.03
2025-07-13,Headphones,Accessories,27,2637.1,0.1,64081.53
2025-07-13,Monitor,Electronics,12,14864.35,0.0,178372.2
2025-07-13,Keyboard,Accessories,22,1777.51,0.1,35194.7
2025-07-14,Laptop,Electronics,9,67380.97,0.05,576107.29
2025-07-14,Smartphone,Electronics,13,34236.14,0.15,378309.35
2025-07-14,Headphones,Accessories,26,2479.58,0.05,61245.63
2025-07-14,Monitor,Electronics,12,15139.06,0.05,172585.28
2025-07-14,Keyboard,Accessories,22,1761.52,0.0,38753.44
2025-07-15,Laptop,Electronics,8,62143.5,0.0,497148.0
2025-07-15,Smartphone,Electronics,16,35129.34,0.0,562069.44
2025-07-15,Headphones,Accessories,26,2468.03,0.0,64168.78
2025-07-15,Monitor,Electronics,12,15303.85,0.05,174463.89
2025-07-15,Keyboard,Accessories,26,1734.98,0.05,42854.01
2025-07-16,Laptop,Electronics,10,63534.26,0.05,603575.47
2025-07-16,Smartphone,Electronics,16,35454.19,0.0,567267.04
2025-07-16,Headphones,Accessories,26,2524.94,0.0,65648.44
2025-07-16,Monitor,Electronics,11,14741.73,0.0,162159.03
2025-07-16,Keyboard,Accessories,27,1797.43,0.15,41251.02
2025-07-17,Laptop,Electronics,7,67114.15,0.05,446309.1
2025-07-17,Smartphone,Electronics,14,34765.38,0.1,438043.79
2025-07-17,Headphones,Accessories,22,2539.35,0.0,55865.7
2025-07-17,Monitor,Electronics,9,14794.07,0.05,126489.3
2025-07-17,Keyboard,Accessories,24,1807.18,0.1,39035.09
2025-07-18,Laptop,Electronics,7,64210.77,0.0,449475.39
2025-07-18,Smartphone,Electronics,12,34548.7,0.05,393855.18
2025-07-18,Headphones,Accessories,31,2495.55,0.0,77362.05
2025-07-18,Monitor,Electronics,12,15257.52,0.1,164781.22
2025-07-18,Keyboard,Accessories,25,1825.42,0.1,41071.95
2025-07-19,Laptop,Electronics,8,61600.72,0.0,492805.76
2025-07-19,Smartphone,Electronics,14,34599.93,0.0,484399.02
2025-07-19,Headphones,Accessories,31,2547.97,0.05,75037.72
2025-07-19,Monitor,Electronics,10,15483.45,0.1,139351.05
2025-07-19,Keyboard,Accessories,28,1721.41,0.0,48199.48
2025-07-20,Laptop,Electronics,9,62587.52,0.1,506958.91
2025-07-20,Smartphone,Electronics,12,35520.26,0.0,426243.12
2025-07-20,Headphones,Accessories,29,2585.01,0.1,67468.76
2025-07-20,Monitor,Electronics,13,14064.11,0.05,173691.76
2025-07-20,Keyboard,Accessories,30,1787.19,0.05,50934.92
2025-07-21,Laptop,Electronics,7,63612.77,0.0,445289.39
2025-07-21,Smartphone,Electronics,11,35389.25,0.0,389281.75
2025-07-21,Headphones,Accessories,31,2569.76,0.1,71696.3
2025-07-21,Monitor,Electronics,12,15003.32,0.1,162035.86
2025-07-21,Keyboard,Accessories,25,1851.93,0.0,46298.25
2025-07-22,Laptop,Electronics,7,62741.61,0.0,439191.27
2025-07-22,Smartphone,Electronics,13,35283.66,0.05,435753.2
2025-07-22,Headphones,Accessories,27,2634.95,0.0,71143.65
2025-07-22,Monitor,Electronics,13,15293.2,0.0,198811.6
2025-07-22,Keyboard,Accessories,22,1833.09,0.0,40327.98
2025-07-23,Laptop,Electronics,7,63272.17,0.1,398614.67
2025-07-23,Smartphone,Electronics,13,35991.2,0.05,444491.32
2025-07-23,Headphones,Accessories,25,2550.35,0.0,63758.75
2025-07-23,Monitor,Electronics,11,15120.35,0.15,141375.27
2025-07-23,Keyboard,Accessories,27,1754.55,0.0,47372.85
2025-07-24,Laptop,Electronics,8,62211.97,0.0,497695.76
2025-07-24,Smartphone,Electronics,12,34358.71,0.0,412304.52
2025-07-24,Headphones,Accessories,27,2618.08,0.0,70688.16
2025-07-24,Monitor,Electronics,10,15083.09,0.1,135747.81
2025-07-24,Keyboard,Accessories,25,1826.13,0.0,45653.25
2025-07-25,Laptop,Electronics,8,67161.51,0.1,483562.87
2025-07-25,Smartphone,Electronics,15,35794.52,0.15,456380.13
2025-07-25,Headphones,Accessories,29,2417.6,0.05,66604.88
2025-07-25,Monitor,Electronics,11,14686.83,0.05,153477.37
2025-07-25,Keyboard,Accessories,23,1802.49,0.05,39384.41
2025-07-26,Laptop,Electronics,8,66161.44,0.05,502826.94
2025-07-26,Smartphone,Electronics,15,35584.69,0.05,507081.83
2025-07-26,Headphones,Accessories,28,2564.43,0.1,64623.64
2025-07-26,Monitor,Electronics,11,14644.8,0.0,161092.8
2025-07-26,Keyboard,Accessories,25,1860.52,0.0,46513.0
2025-07-27,Laptop,Electronics,8,64661.79,0.1,465564.89
2025-07-27,Smartphone,Electronics,17,35855.62,0.05,579068.26
2025-07-27,Headphones,Accessories,32,2487.69,0.0,79606.08
2025-07-27,Monitor,Electronics,10,14643.49,0.05,139113.16
2025-07-27,Keyboard,Accessories,29,1673.25,0.0,48524.25
2025-07-28,Laptop,Electronics,6,65134.73,0.0,390808.38
2025-07-28,Smartphone,Electronics,16,34034.66,0.05,517326.83
2025-07-28,Headphones,Accessories,26,2624.09,0.0,68226.34
2025-07-28,Monitor,Electronics,12,14506.96,0.05,165379.34
2025-07-28,Keyboard,Accessories,23,1791.75,0.05,39149.74
2025-07-29,Laptop,Electronics,7,65602.22,0.1,413293.99
2025-07-29,Smartphone,Electronics,14,35690.44,0.0,499666.16
2025-07-29,Headphones,Accessories,27,2401.21,0.0,64832.67
2025-07-29,Monitor,Electronics,10,14558.47,0.0,145584.7
2025-07-29,Keyboard,Accessories,25,1771.79,0.0,44294.75
2025-07-30,Laptop,Electronics,8,64531.75,0.15,438815.9
2025-07-30,Smartphone,Electronics,12,34698.29,0.05,395560.51
2025-07-30,Headphones,Accessories,27,2509.41,0.05,64366.37
2025-07-30,Monitor,Electronics,11,14279.74,0.0,157077.14
2025-07-30,Keyboard,Accessories,27,1841.66,0.15,42266.1
2025-07-31,Laptop,Electronics,9,65648.81,0.1,531755.36
2025-07-31,Smartphone,Electronics,12,34304.47,0.05,391070.96
2025-07-31,Headphones,Accessories,29,2474.65,0.05,68176.61
2025-07-31,Monitor,Electronics,11,15500.34,0.1,153453.37
2025-07-31,Keyboard,Accessories,26,1777.87,0.0,46224.62
2025-08-01,Laptop,Electronics,6,65382.09,0.05,372677.91
2025-08-01,Smartphone,Electronics,11,34220.55,0.15,319962.14
2025-08-01,Headphones,Accessories,28,2467.44,0.15,58725.07
2025-08-01,Monitor,Electronics,11,14944.74,0.0,164392.14
2025-08-01,Keyboard,Accessories,24,1918.65,0.1,41442.84
2025-08-02,Laptop,Electronics,8,64073.34,0.05,486957.38
2025-08-02,Smartphone,Electronics,15,35145.67,0.1,474466.54
2025-08-02,Headphones,Accessories,29,2463.48,0.0,71440.92
2025-08-02,Monitor,Electronics,11,14296.92,0.0,157266.12
2025-08-02,Keyboard,Accessories,26,1797.73,0.0,46740.98
2025-08-03,Laptop,Electronics,8,66330.49,0.05,504111.72
2025-08-03,Smartphone,Electronics,13,35929.92,0.0,467088.96
2025-08-03,Headphones,Accessories,24,2420.69,0.1,52286.9
2025-08-03,Monitor,Electronics,11,14648.57,0.0,161134.27
2025-08-03,Keyboard,Accessories,23,1815.25,0.05,39663.21
2025-08-04,Laptop,Electronics,7,68290.41,0.15,406327.94
2025-08-04,Smartphone,Electronics,12,35774.6,0.0,429295.2
2025-08-04,Headphones,Accessories,26,2510.91,0.15,55491.11
2025-08-04,Monitor,Electronics,12,14645.07,0.1,158166.76
2025-08-04,Keyboard,Accessories,24,1791.86,0.0,43004.64
2025-08-05,Laptop,Electronics,8,67977.91,0.05,516632.12
2025-08-05,Smartphone,Electronics,14,34143.1,0.0,478003.4
2025-08-05,Headphones,Accessories,22,2521.64,0.15,47154.67
2025-08-05,Monitor,Electronics,10,14444.25,0.0,144442.5
2025-08-05,Keyboard,Accessories,26,1798.87,0.05,44432.09
2025-08-06,Laptop,Electronics,7,65261.45,0.05,433988.64
2025-08-06,Smartphone,Electronics,13,34523.74,0.0,448808.62
2025-08-06,Headphones,Accessories,22,2437.19,0.1,48256.36
2025-08-06,Monitor,Electronics,11,14611.51,0.0,160726.61
2025-08-06,Keyboard,Accessories,25,1812.63,0.0,45315.75
2025-08-07,Laptop,Electronics,8,64964.2,0.05,493727.92
2025-08-07,Smartphone,Electronics,16,34628.65,0.05,526355.48
2025-08-07,Headphones,Accessories,25,2492.9,0.1,56090.25
2025-08-07,Monitor,Electronics,10,14906.68,0.05,141613.46
2025-08-07,Keyboard,Accessories,22,1850.45,0.05,38674.4
2025-08-08,Laptop,Electronics,6,67078.44,0.1,362223.58
2025-08-08,Smartphone,Electronics,9,35260.02,0.15,269739.15
2025-08-08,Headphones,Accessories,23,2498.32,0.05,54588.29
2025-08-08,Monitor,Electronics,11,15237.08,0.1,150847.09
2025-08-08,Keyboard,Accessories,21,1838.57,0.1,34748.97
2025-08-09,Laptop,Electronics,8,65148.08,0.0,521184.64
2025-08-09,Smartphone,Electronics,17,35522.64,0.05,573690.64
2025-08-09,Headphones,Accessories,35,2504.98,0.05,83290.58
2025-08-09,Monitor,Electronics,10,14987.87,0.0,149878.7
2025-08-09,Keyboard,Accessories,24,1779.9,0.15,36309.96
2025-08-10,Laptop,Electronics,8,63844.13,0.05,485215.39
2025-08-10,Smartphone,Electronics,12,35300.26,0.1,381242.81
2025-08-10,Headphones,Accessories,27,2546.36,0.0,68751.72
2025-08-10,Monitor,Electronics,11,15089.95,0.0,165989.45
2025-08-10,Keyboard,Accessories,22,1811.28,0.0,39848.16
2025-08-11,Laptop,Electronics,6,66571.3,0.1,359485.02
2025-08-11,Smartphone,Electronics,12,35800.56,0.1,386646.05
2025-08-11,Headphones,Accessories,25,2636.61,0.1,59323.72
2025-08-11,Monitor,Electronics,9,14665.32,0.05,125388.49
2025-08-11,Keyboard,Accessories,19,1773.95,0.05,32019.8
2025-08-12,Laptop,Electronics,8,65699.67,0.15,446757.76
2025-08-12,Smartphone,Electronics,14,34136.33,0.0,477908.62
2025-08-12,Headphones,Accessories,26,2625.64,0.15,58026.64
2025-08-12,Monitor,Electronics,10,15501.97,0.0,155019.7
2025-08-12,Keyboard,Accessories,23,1798.17,0.05,39290.01
2025-08-13,Laptop,Electronics,10,66099.32,0.15,561844.22
2025-08-13,Smartphone,Electronics,11,33346.16,0.0,366807.76
2025-08-13,Headphones,Accessories,27,2589.21,0.05,66413.24
2025-08-13,Monitor,Electronics,11,15147.8,0.0,166625.8
2025-08-13,Keyboard,Accessories,22,1877.33,0.0,41301.26
2025-08-14,Laptop,Electronics,7,63947.3,0.0,447631.1
2025-08-14,Smartphone,Electronics,14,34065.74,0.1,429228.32
2025-08-14,Headphones,Accessories,27,2536.69,0.0,68490.63
2025-08-14,Monitor,Electronics,10,14854.29,0.05,141115.76
2025-08-14,Keyboard,Accessories,23,1743.19,0.05,38088.7
2025-08-15,Laptop,Electronics,7,66845.38,0.1,421125.89
2025-08-15,Smartphone,Electronics,11,33067.67,0.05,345557.15
2025-08-15,Headphones,Accessories,24,2559.02,0.0,61416.48
2025-08-15,Monitor,Electronics,9,15232.46,0.0,137092.14
2025-08-15,Keyboard,Accessories,23,1899.48,0.05,41503.64
2025-08-16,Laptop,Electronics,9,65499.23,0.05,560018.42
2025-08-16,Smartphone,Electronics,16,35330.11,0.1,508753.58
2025-08-16,Headphones,Accessories,23,2405.8,0.1,49800.06
2025-08-16,Monitor,Electronics,11,15052.07,0.1,149015.49
2025-08-16,Keyboard,Accessories,25,1773.39,0.0,44334.75
2025-08-17,Laptop,Electronics,7,64569.27,0.05,429385.65
2025-08-17,Smartphone,Electronics,12,34955.27,0.05,398490.08
2025-08-17,Headphones,Accessories,31,2548.07,0.1,71091.15
2025-08-17,Monitor,Electronics,12,14958.7,0.1,161553.96
2025-08-17,Keyboard,Accessories,23,1777.82,0.0,40889.86
2025-08-18,Laptop,Electronics,8,61961.37,0.05,470906.41
2025-08-18,Smartphone,Electronics,13,36455.07,0.0,473915.91
2025-08-18,Headphones,Accessories,25,2550.48,0.15,54197.7
2025-08-18,Monitor,Electronics,10,14908.72,0.0,149087.2
2025-08-18,Keyboard,Accessories,25,1820.76,0.0,45519.0
2025-08-19,Laptop,Electronics,7,66157.78,0.05,439949.24
2025-08-19,Smartphone,Electronics,12,35709.5,0.0,428514.0
2025-08-19,Headphones,Accessories,27,2489.3,0.0,67211.1
2025-08-19,Monitor,Electronics,10,15097.56,0.05,143426.82
2025-08-19,Keyboard,Accessories,18,1814.96,0.0,32669.28
2025-08-20,Laptop,Electronics,7,65157.2,0.0,456100.4
2025-08-20,Smartphone,Electronics,13,36123.59,0.0,469606.67
2025-08-20,Headphones,Accessories,28,2473.84,0.05,65804.14
2025-08-20,Monitor,Electronics,13,15358.39,0.0,199659.07
2025-08-20,Keyboard,Accessories,20,1794.67,0.0,35893.4
2025-08-21,Laptop,Electronics,8,65417.62,0.0,523340.96
2025-08-21,Smartphone,Electronics,13,33987.07,0.1,397648.72
2025-08-21,Headphones,Accessories,28,2523.93,0.05,67136.54
2025-08-21,Monitor,Electronics,10,15154.68,0.0,151546.8
2025-08-21,Keyboard,Accessories,24,1690.17,0.1,36507.67
2025-08-22,Laptop,Electronics,7,63269.12,0.0,442883.84
2025-08-22,Smartphone,Electronics,14,35201.87,0.15,418902.25
2025-08-22,Headphones,Accessories,29,2528.19,0.05,69651.63
2025-08-22,Monitor,Electronics,11,14453.17,0.05,151035.63
2025-08-22,Keyboard,Accessories,21,1832.25,0.0,38477.25
2025-08-23,Laptop,Electronics,8,64809.6,0.0,518476.8
2025-08-23,Smartphone,Electronics,15,35722.04,0.0,535830.6
2025-08-23,Headphones,Accessories,31,2510.54,0.05,73935.4
2025-08-23,Monitor,Electronics,12,15068.29,0.1,162737.53
2025-08-23,Keyboard,Accessories,25,1852.42,0.0,46310.5
2025-08-24,Laptop,Electronics,8,66149.83,0.05,502738.71
2025-08-24,Smartphone,Electronics,16,33507.29,0.05,509310.81
2025-08-24,Headphones,Accessories,34,2417.19,0.0,82184.46
2025-08-24,Monitor,Electronics,11,15110.68,0.1,149595.73
2025-08-24,Keyboard,Accessories,23,1772.24,0.0,40761.52
2025-08-25,Laptop,Electronics,7,66533.54,0.0,465734.78
2025-08-25,Smartphone,Electronics,12,33407.02,0.15,340751.6
2025-08-25,Headphones,Accessories,28,2443.39,0.0,68414.92
2025-08-25,Monitor,Electronics,10,14311.67,0.0,143116.7
2025-08-25,Keyboard,Accessories,21,1833.35,0.05,36575.33
2025-08-26,Laptop,Electronics,7,64720.52,0.1,407739.28
2025-08-26,Smartphone,Electronics,12,35446.78,0.05,404093.29
2025-08-26,Headphones,Accessories,23,2470.7,0.0,56826.1
2025-08-26,Monitor,Electronics,11,14680.81,0.05,153414.46
2025-08-26,Keyboard,Accessories,28,1821.57,0.0,51003.96
2025-08-27,Laptop,Electronics,6,65737.6,0.1,354983.04
2025-08-27,Smartphone,Electronics,13,34018.03,0.0,442234.39
2025-08-27,Headphones,Accessories,29,2501.46,0.05,68915.22
2025-08-27,Monitor,Electronics,9,14497.59,0.05,123954.39
2025-08-27,Keyboard,Accessories,24,1750.29,0.0,42006.96
2025-08-28,Laptop,Electronics,8,65973.44,0.05,501398.14
2025-08-28,Smartphone,Electronics,11,34504.81,0.1,341597.62
2025-08-28,Headphones,Accessories,22,2495.24,0.0,54895.28
2025-08-28,Monitor,Electronics,11,14783.54,0.0,162618.94
2025-08-28,Keyboard,Accessories,17,1864.35,0.05,30109.25
2025-08-29,Laptop,Electronics,7,64947.22,0.0,454630.54
2025-08-29,Smartphone,Electronics,14,36831.72,0.05,489861.88
2025-08-29,Headphones,Accessories,27,2438.46,0.0,65838.42
2025-08-29,Monitor,Electronics,10,15454.33,0.05,146816.13
2025-08-29,Keyboard,Accessories,23,1775.01,0.05,38783.97
2025-08-30,Laptop,Electronics,8,63970.64,0.05,486176.86
2025-08-30,Smartphone,Electronics,11,35931.15,0.05,375480.52
2025-08-30,Headphones,Accessories,26,2652.04,0.05,65505.39
2025-08-30,Monitor,Electronics,10,14885.39,0.0,148853.9
2025-08-30,Keyboard,Accessories,26,1829.67,0.0,47571.42
2025-08-31,Laptop,Electronics,8,65950.01,0.1,474840.07
2025-08-31,Smartphone,Electronics,15,35841.31,0.0,537619.65
2025-08-31,Headphones,Accessories,25,2580.53,0.1,58061.93
2025-08-31,Monitor,Electronics,12,14804.5,0.0,177654.0
2025-08-31,Keyboard,Accessories,23,1754.28,0.0,40348.44
2025-09-01,Laptop,Electronics,8,63858.84,0.0,510870.72
2025-09-01,Smartphone,Electronics,14,34609.96,0.0,484539.44
2025-09-01,Headphones,Accessories,25,2468.38,0.0,61709.5
2025-09-01,Monitor,Electronics,11,15518.7,0.05,162170.42
2025-09-01,Keyboard,Accessories,22,1814.39,0.1,35924.92
2025-09-02,Laptop,Electronics,8,67758.64,0.1,487862.21
2025-09-02,Smartphone,Electronics,11,35560.78,0.0,391168.58
2025-09-02,Headphones,Accessories,24,2499.43,0.15,50988.37
2025-09-02,Monitor,Electronics,11,14724.71,0.05,153873.22
2025-09-02,Keyboard,Accessories,23,1853.05,0.0,42620.15
2025-09-03,Laptop,Electronics,7,63574.52,0.0,445021.64
2025-09-03,Smartphone,Electronics,13,35006.62,0.05,432331.76
2025-09-03,Headphones,Accessories,27,2549.31,0.05,65389.8
2025-09-03,Monitor,Electronics,10,15436.13,0.1,138925.17
2025-09-03,Keyboard,Accessories,21,1782.33,0.1,33686.04
2025-09-04,Laptop,Electronics,8,65338.8,0.1,470439.36
2025-09-04,Smartphone,Electronics,12,34410.55,0.0,412926.6
2025-09-04,Headphones,Accessories,29,2532.97,0.0,73456.13
2025-09-04,Monitor,Electronics,12,15180.26,0.0,182163.12
2025-09-04,Keyboard,Accessories,24,1854.66,0.1,40060.66
2025-09-05,Laptop,Electronics,7,64497.89,0.05,428910.97
2025-09-05,Smartphone,Electronics,10,35377.13,0.0,353771.3
2025-09-05,Headphones,Accessories,29,2612.82,0.0,75771.78
2025-09-05,Monitor,Electronics,10,15208.83,0.0,152088.3
2025-09-05,Keyboard,Accessories,21,1804.57,0.1,34106.37
2025-09-06,Laptop,Electronics,7,64659.76,0.0,452618.32
2025-09-06,Smartphone,Electronics,14,37192.11,0.05,494655.06
2025-09-06,Headphones,Accessories,27,2487.62,0.1,60449.17
2025-09-06,Monitor,Electronics,13,14407.86,0.0,187302.18
2025-09-06,Keyboard,Accessories,23,1765.7,0.05,38580.54
2025-09-07,Laptop,Electronics,9,65673.1,0.05,561505.0
2025-09-07,Smartphone,Electronics,11,36533.26,0.05,381772.57
2025-09-07,Headphones,Accessories,31,2482.1,0.0,76945.1
2025-09-07,Monitor,Electronics,11,14937.44,0.1,147880.66
2025-09-07,Keyboard,Accessories,30,1795.1,0.0,53853.0
2025-09-08,Laptop,Electronics,8,67574.8,0.0,540598.4
2025-09-08,Smartphone,Electronics,13,34592.51,0.0,449702.63
2025-09-08,Headphones,Accessories,28,2513.2,0.1,63332.64
2025-09-08,Monitor,Electronics,9,14796.42,0.1,119851.0
2025-09-08,Keyboard,Accessories,20,1787.02,0.1,32166.36
2025-09-09,Laptop,Electronics,7,64686.45,0.05,430164.89
2025-09-09,Smartphone,Electronics,11,33978.21,0.0,373760.31
2025-09-09,Headphones,Accessories,25,2510.2,0.1,56479.5
2025-09-09,Monitor,Electronics,11,14768.97,0.0,162458.67
2025-09-09,Keyboard,Accessories,22,1847.37,0.05,38610.03
2025-09-10,Laptop,Electronics,8,65300.4,0.0,522403.2
2025-09-10,Smartphone,Electronics,10,37530.2,0.0,375302.0
2025-09-10,Headphones,Accessories,26,2429.68,0.05,60013.1
2025-09-10,Monitor,Electronics,10,14535.44,0.1,130818.96
2025-09-10,Keyboard,Accessories,24,1747.16,0.05,39835.25
2025-09-11,Laptop,Electronics,8,64863.92,0.05,492965.79
2025-09-11,Smartphone,Electronics,15,33775.58,0.05,481302.02
2025-09-11,Headphones,Accessories,28,2514.76,0.0,70413.28
2025-09-11,Monitor,Electronics,9,14742.48,0.0,132682.32
2025-09-11,Keyboard,Accessories,25,1857.32,0.05,44111.35
2025-09-12,Laptop,Electronics,7,66939.62,0.1,421719.61
2025-09-12,Smartphone,Electronics,13,34820.9,0.05,430038.12
2025-09-12,Headphones,Accessories,27,2399.71,0.05,61552.56
2025-09-12,Monitor,Electronics,11,14607.07,0.0,160677.77
2025-09-12,Keyboard,Accessories,24,1814.72,0.05,41375.62
2025-09-13,Laptop,Electronics,8,61383.89,0.05,466517.56
2025-09-13,Smartphone,Electronics,14,35176.52,0.0,492471.28
2025-09-13,Headphones,Accessories,28,2509.79,0.0,70274.12
2025-09-13,Monitor,Electronics,11,15339.64,0.05,160299.24
2025-09-13,Keyboard,Accessories,22,1809.73,0.05,37823.36
2025-09-14,Laptop,Electronics,9,64044.93,0.1,518763.93
2025-09-14,Smartphone,Electronics,13,35502.23,0.0,461528.99
2025-09-14,Headphones,Accessories,32,2541.47,0.1,73194.34
2025-09-14,Monitor,Electronics,10,15530.95,0.05,147544.02
2025-09-14,Keyboard,Accessories,24,1779.63,0.0,42711.12
2025-09-15,Laptop,Electronics,7,63568.76,0.1,400483.19
2025-09-15,Smartphone,Electronics,13,35128.17,0.0,456666.21
2025-09-15,Headphones,Accessories,28,2551.31,0.0,71436.68
2025-09-15,Monitor,Electronics,11,15120.07,0.0,166320.77
2025-09-15,Keyboard,Accessories,23,1705.52,0.05,37265.61
2025-09-16,Laptop,Electronics,7,64621.04,0.0,452347.28
2025-09-16,Smartphone,Electronics,12,34864.22,0.05,397452.11
2025-09-16,Headphones,Accessories,22,2460.19,0.0,54124.18
2025-09-16,Monitor,Electronics,9,14422.35,0.05,123311.09
2025-09-16,Keyboard,Accessories,21,1868.4,0.1,35312.76
2025-09-17,Laptop,Electronics,6,68415.82,0.05,389970.17
2025-09-17,Smartphone,Electronics,12,34761.63,0.05,396282.58
2025-09-17,Headphones,Accessories,28,2433.89,0.1,61334.03
2025-09-17,Monitor,Electronics,11,14859.18,0.1,147105.88
2025-09-17,Keyboard,Accessories,25,1764.34,0.0,44108.5
2025-09-18,Laptop,Electronics,7,67375.29,0.0,471627.03
2025-09-18,Smartphone,Electronics,14,36204.29,0.0,506860.06
2025-09-18,Headphones,Accessories,25,2471.55,0.05,58699.31
2025-09-18,Monitor,Electronics,12,15069.31,0.0,180831.72
2025-09-18,Keyboard,Accessories,21,1829.56,0.0,38420.76
2025-09-19,Laptop,Electronics,8,65836.02,0.0,526688.16
2025-09-19,Smartphone,Electronics,14,34849.94,0.1,439109.24
2025-09-19,Headphones,Accessories,23,2425.76,0.05,53002.86
2025-09-19,Monitor,Electronics,9,15084.47,0.0,135760.23
2025-09-19,Keyboard,Accessories,23,1828.59,0.15,35748.93
2025-09-20,Laptop,Electronics,8,63846.03,0.0,510768.24
2025-09-20,Smartphone,Electronics,13,36771.95,0.0,478035.35
2025-09-20,Headphones,Accessories,28,2482.76,0.0,69517.28
2025-09-20,Monitor,Electronics,12,14886.47,0.0,178637.64
2025-09-20,Keyboard,Accessories,27,1853.45,0.0,50043.15
2025-09-21,Laptop,Electronics,8,64202.46,0.1,462257.71
2025-09-21,Smartphone,Electronics,14,33237.69,0.0,465327.66
2025-09-21,Headphones,Accessories,27,2408.32,0.0,65024.64
2025-09-21,Monitor,Electronics,12,15287.74,0.1,165107.59
2025-09-21,Keyboard,Accessories,25,1807.12,0.05,42919.1
2025-09-22,Laptop,Electronics,7,65106.82,0.05,432960.35
2025-09-22,Smartphone,Electronics,14,35755.2,0.15,425486.88
2025-09-22,Headphones,Accessories,26,2459.44,0.0,63945.44
2025-09-22,Monitor,Electronics,11,15606.64,0.0,171673.04
2025-09-22,Keyboard,Accessories,24,1743.97,0.0,41855.28
2025-09-23,Laptop,Electronics,8,64165.84,0.0,513326.72
2025-09-23,Smartphone,Electronics,13,34983.27,0.0,454782.51
2025-09-23,Headphones,Accessories,29,2402.19,0.1,62697.16
2025-09-23,Monitor,Electronics,9,15269.85,0.0,137428.65
2025-09-23,Keyboard,Accessories,20,1785.24,0.05,33919.56
2025-09-24,Laptop,Electronics,7,65197.37,0.1,410743.43
2025-09-24,Smartphone,Electronics,12,33634.63,0.05,383434.78
2025-09-24,Headphones,Accessories,21,2374.89,0.0,49872.69
2025-09-24,Monitor,Electronics,12,14802.41,0.1,159866.03
2025-09-24,Keyboard,Accessories,19,1718.33,0.05,31015.86
2025-09-25,Laptop,Electronics,8,64542.52,0.05,490523.15
2025-09-25,Smartphone,Electronics,13,34258.46,0.0,445359.98
2025-09-25,Headphones,Accessories,34,2569.1,0.1,78614.46
2025-09-25,Monitor,Electronics,8,14887.25,0.0,119098.0
2025-09-25,Keyboard,Accessories,22,1803.95,0.0,39686.9
2025-09-26,Laptop,Electronics,8,63946.24,0.05,485991.42
2025-09-26,Smartphone,Electronics,11,33787.21,0.1,334493.38
2025-09-26,Headphones,Accessories,30,2526.81,0.1,68223.87
2025-09-26,Monitor,Electronics,10,15253.54,0.15,129655.09
2025-09-26,Keyboard,Accessories,22,1788.15,0.1,35405.37
2025-09-27,Laptop,Electronics,7,63469.05,0.0,444283.35
2025-09-27,Smartphone,Electronics,12,36789.95,0.05,419405.43
2025-09-27,Headphones,Accessories,28,2543.86,0.0,71228.08
2025-09-27,Monitor,Electronics,11,15080.31,0.0,165883.41
2025-09-27,Keyboard,Accessories,25,1761.58,0.0,44039.5
2025-09-28,Laptop,Electronics,7,63755.88,0.0,446291.16
2025-09-28,Smartphone,Electronics,15,35348.18,0.1,477200.43
2025-09-28,Headphones,Accessories,25,2448.73,0.15,52035.51
2025-09-28,Monitor,Electronics,10,14268.6,0.05,135551.7
2025-09-28,Keyboard,Accessories,20,1837.17,0.05,34906.23
2025-09-29,Laptop,Electronics,7,64553.81,0.0,451876.67
2025-09-29,Smartphone,Electronics,11,35562.5,0.0,391187.5
2025-09-29,Headphones,Accessories,26,2413.57,0.0,62752.82
2025-09-29,Monitor,Electronics,10,15066.29,0.0,150662.9
2025-09-29,Keyboard,Accessories,15,1835.72,0.15,23405.43
2025-09-30,Laptop,Electronics,6,68641.51,0.0,411849.06
2025-09-30,Smartphone,Electronics,12,35500.24,0.05,404702.74
2025-09-30,Headphones,Accessories,25,2521.71,0.0,63042.75
2025-09-30,Monitor,Electronics,9,15192.89,0.05,129899.21
2025-09-30,Keyboard,Accessories,20,1775.41,0.1,31957.38
2025-10-01,Laptop,Electronics,6,62473.21,0.0,374839.26
2025-10-01,Smartphone,Electronics,13,34737.61,0.0,451588.93
2025-10-01,Headphones,Accessories,25,2481.22,0.1,55827.45
2025-10-01,Monitor,Electronics,11,14420.6,0.1,142763.94
2025-10-01,Keyboard,Accessories,23,1810.33,0.05,39555.71
2025-10-02,Laptop,Electronics,7,67404.16,0.1,424646.21
2025-10-02,Smartphone,Electronics,11,34414.57,0.05,359632.26
2025-10-02,Headphones,Accessories,26,2496.8,0.0,64916.8
2025-10-02,Monitor,Electronics,11,14760.95,0.0,162370.45
2025-10-02,Keyboard,Accessories,22,1837.19,0.05,38397.27
2025-10-03,Laptop,Electronics,6,64696.53,0.0,388179.18
2025-10-03,Smartphone,Electronics,14,34610.67,0.05,460321.91
2025-10-03,Headphones,Accessories,23,2560.79,0.05,55953.26
2025-10-03,Monitor,Electronics,10,15038.11,0.0,150381.1
2025-10-03,Keyboard,Accessories,24,1753.91,0.05,39989.15
2025-10-04,Laptop,Electronics,7,66301.92,0.1,417702.1
2025-10-04,Smartphone,Electronics,12,36034.87,0.05,410797.52
2025-10-04,Headphones,Accessories,27,2427.77,0.1,58994.81
2025-10-04,Monitor,Electronics,12,14898.17,0.05,169839.14
2025-10-04,Keyboard,Accessories,25,1741.58,0.05,41362.52
2025-10-05,Laptop,Electronics,7,64590.75,0.0,452135.25
2025-10-05,Smartphone,Electronics,11,34357.1,0.1,340135.29
2025-10-05,Headphones,Accessories,31,2459.47,0.05,72431.39
2025-10-05,Monitor,Electronics,10,15330.4,0.1,137973.6
2025-10-05,Keyboard,Accessories,27,1805.2,0.0,48740.4
2025-10-06,Laptop,Electronics,7,63895.9,0.0,447271.3
2025-10-06,Smartphone,Electronics,11,34902.41,0.05,364730.18
2025-10-06,Headphones,Accessories,25,2524.71,0.1,56805.98
2025-10-06,Monitor,Electronics,8,16329.02,0.1,117568.94
2025-10-06,Keyboard,Accessories,23,1813.3,0.0,41705.9
2025-10-07,Laptop,Electronics,6,65398.47,0.0,392390.82
2025-10-07,Smartphone,Electronics,14,34946.76,0.1,440329.18
2025-10-07,Headphones,Accessories,25,2496.87,0.1,56179.58
2025-10-07,Monitor,Electronics,11,14576.76,0.0,160344.36
2025-10-07,Keyboard,Accessories,23,1798.42,0.0,41363.66
2025-10-08,Laptop,Electronics,6,63878.3,0.1,344942.82
2025-10-08,Smartphone,Electronics,12,35448.26,0.0,425379.12
2025-10-08,Headphones,Accessories,22,2571.98,0.05,53754.38
2025-10-08,Monitor,Electronics,9,15250.63,0.1,123530.1
2025-10-08,Keyboard,Accessories,20,1825.81,0.05,34690.39
2025-10-09,Laptop,Electronics,7,66839.82,0.1,421090.87
2025-10-09,Smartphone,Electronics,10,36303.87,0.05,344886.76
2025-10-09,Headphones,Accessories,23,2517.15,0.0,57894.45
2025-10-09,Monitor,Electronics,9,14368.6,0.1,116385.66
2025-10-09,Keyboard,Accessories,24,1798.73,0.0,43169.52
2025-10-10,Laptop,Electronics,8,64343.35,0.05,489009.46
2025-10-10,Smartphone,Electronics,11,35060.02,0.0,385660.22
2025-10-10,Headphones,Accessories,27,2478.28,0.05,63567.88
2025-10-10,Monitor,Electronics,11,14238.17,0.1,140957.88
2025-10-10,Keyboard,Accessories,20,1744.67,0.0,34893.4
2025-10-11,Laptop,Electronics,9,65479.76,0.0,589317.84
2025-10-11,Smartphone,Electronics,14,36205.87,0.0,506882.18
2025-10-11,Headphones,Accessories,29,2453.55,0.1,64037.66
2025-10-11,Monitor,Electronics,13,15157.7,0.0,197050.1
2025-10-11,Keyboard,Accessories,25,1854.55,0.05,44045.56
2025-10-12,Laptop,Electronics,9,64474.29,0.1,522241.75
2025-10-12,Smartphone,Electronics,17,35152.68,0.05,567715.78
2025-10-12,Headphones,Accessories,27,2586.08,0.05,66332.95
2025-10-12,Monitor,Electronics,11,13980.39,0.1,138405.86
2025-10-12,Keyboard,Accessories,26,1802.9,0.0,46875.4
2025-10-13,Laptop,Electronics,8,65972.0,0.05,501387.2
2025-10-13,Smartphone,Electronics,14,36761.86,0.1,463199.44
2025-10-13,Headphones,Accessories,25,2507.16,0.1,56411.1
2025-10-13,Monitor,Electronics,9,14800.72,0.1,119885.83
2025-10-13,Keyboard,Accessories,26,1786.87,0.0,46458.62
2025-10-14,Laptop,Electronics,7,64712.1,0.0,452984.7
2025-10-14,Smartphone,Electronics,11,35819.18,0.0,394010.98
2025-10-14,Headphones,Accessories,25,2470.0,0.1,55575.0
2025-10-14,Monitor,Electronics,11,14634.97,0.1,144886.2
2025-10-14,Keyboard,Accessories,25,1825.9,0.0,45647.5
2025-10-15,Laptop,Electronics,8,64544.17,0.05,490535.69
2025-10-15,Smartphone,Electronics,14,36042.28,0.0,504591.92
2025-10-15,Headphones,Accessories,25,2624.65,0.1,59054.62
2025-10-15,Monitor,Electronics,9,14625.4,0.1,118465.74
2025-10-15,Keyboard,Accessories,23,1864.8,0.0,42890.4
2025-10-16,Laptop,Electronics,8,63129.26,0.0,505034.08
2025-10-16,Smartphone,Electronics,12,36049.98,0.1,389339.78
2025-10-16,Headphones,Accessories,23,2471.37,0.0,56841.51
2025-10-16,Monitor,Electronics,11,14914.34,0.0,164057.74
2025-10-16,Keyboard,Accessories,22,1797.02,0.1,35581.0
2025-10-17,Laptop,Electronics,7,63187.93,0.0,442315.51
2025-10-17,Smartphone,Electronics,12,36409.01,0.0,436908.12
2025-10-17,Headphones,Accessories,28,2491.4,0.1,62783.28
2025-10-17,Monitor,Electronics,11,15129.95,0.0,166429.45
2025-10-17,Keyboard,Accessories,26,1731.43,0.05,42766.32
2025-10-18,Laptop,Electronics,6,64255.39,0.15,327702.49
2025-10-18,Smartphone,Electronics,13,36115.13,0.05,446021.86
2025-10-18,Headphones,Accessories,26,2482.33,0.0,64540.58
2025-10-18,Monitor,Electronics,11,14982.61,0.1,148327.84
2025-10-18,Keyboard,Accessories,27,1717.07,0.0,46360.89
2025-10-19,Laptop,Electronics,8,65210.8,0.15,443433.44
2025-10-19,Smartphone,Electronics,11,34191.27,0.1,338493.57
2025-10-19,Headphones,Accessories,30,2540.76,0.0,76222.8
2025-10-19,Monitor,Electronics,12,15100.89,0.05,172150.15
2025-10-19,Keyboard,Accessories,23,1775.35,0.1,36749.74
2025-10-20,Laptop,Electronics,8,62514.12,0.05,475107.31
2025-10-20,Smartphone,Electronics,12,34591.77,0.0,415101.24
2025-10-20,Headphones,Accessories,21,2501.22,0.1,47273.06
2025-10-20,Monitor,Electronics,10,14978.64,0.05,142297.08
2025-10-20,Keyboard,Accessories,25,1740.94,0.0,43523.5
2025-10-21,Laptop,Electronics,8,65620.3,0.1,472466.16
2025-10-21,Smartphone,Electronics,11,33938.93,0.05,354661.82
2025-10-21,Headphones,Accessories,23,2499.3,0.0,57483.9
2025-10-21,Monitor,Electronics,11,14628.34,0.1,144820.57
2025-10-21,Keyboard,Accessories,25,1813.24,0.0,45331.0
2025-10-22,Laptop,Electronics,7,67725.45,0.0,474078.15
2025-10-22,Smartphone,Electronics,12,34854.08,0.05,397336.51
2025-10-22,Headphones,Accessories,24,2431.51,0.0,58356.24
2025-10-22,Monitor,Electronics,10,15421.19,0.05,146501.3
2025-10-22,Keyboard,Accessories,18,1867.22,0.0,33609.96
2025-10-23,Laptop,Electronics,7,65601.75,0.0,459212.25
2025-10-23,Smartphone,Electronics,11,35589.29,0.0,391482.19
2025-10-23,Headphones,Accessories,19,2418.86,0.05,43660.42
2025-10-23,Monitor,Electronics,12,15479.41,0.05,176465.27
2025-10-23,Keyboard,Accessories,20,1746.84,0.0,34936.8
2025-10-24,Laptop,Electronics,7,65646.16,0.0,459523.12
2025-10-24,Smartphone,Electronics,13,34118.19,0.1,399182.82
2025-10-24,Headphones,Accessories,24,2543.88,0.0,61053.12
2025-10-24,Monitor,Electronics,12,15013.18,0.1,162142.34
2025-10-24,Keyboard,Accessories,23,1840.13,0.05,40206.84
2025-10-25,Laptop,Electronics,8,63432.69,0.0,507461.52
2025-10-25,Smartphone,Electronics,16,34129.5,0.0,546072.0
2025-10-25,Headphones,Accessories,27,2473.58,0.0,66786.66
2025-10-25,Monitor,Electronics,11,14601.36,0.1,144553.46
2025-10-25,Keyboard,Accessories,22,1846.37,0.05,38589.13
2025-10-26,Laptop,Electronics,9,66523.22,0.05,568773.53
2025-10-26,Smartphone,Electronics,11,36631.24,0.05,382796.46
2025-10-26,Headphones,Accessories,31,2494.61,0.0,77332.91
2025-10-26,Monitor,Electronics,10,14973.84,0.0,149738.4
2025-10-26,Keyboard,Accessories,24,1750.58,0.0,42013.92
2025-10-27,Laptop,Electronics,8,64057.89,0.0,512463.12
2025-10-27,Smartphone,Electronics,12,34644.65,0.0,415735.8
2025-10-27,Headphones,Accessories,33,2537.96,0.0,83752.68
2025-10-27,Monitor,Electronics,10,15402.95,0.1,138626.55
2025-10-27,Keyboard,Accessories,21,1886.81,0.1,35660.71
2025-10-28,Laptop,Electronics,7,66416.52,0.0,464915.64
2025-10-28,Smartphone,Electronics,12,34498.18,0.1,372580.34
2025-10-28,Headphones,Accessories,26,2501.33,0.05,61782.85
2025-10-28,Monitor,Electronics,11,14673.12,0.1,145263.89
2025-10-28,Keyboard,Accessories,23,1792.72,0.1,37109.3
2025-10-29,Laptop,Electronics,7,66570.03,0.15,396091.68
2025-10-29,Smartphone,Electronics,13,34709.62,0.1,406102.55
2025-10-29,Headphones,Accessories,27,2596.6,0.0,70108.2
2025-10-29,Monitor,Electronics,8,15180.95,0.1,109302.84
2025-10-29,Keyboard,Accessories,24,1808.36,0.0,43400.64
2025-10-30,Laptop,Electronics,7,65502.2,0.0,458515.4
2025-10-30,Smartphone,Electronics,13,34851.41,0.05,430414.91
2025-10-30,Headphones,Accessories,26,2508.71,0.0,65226.46
2025-10-30,Monitor,Electronics,12,15160.8,0.1,163736.64
2025-10-30,Keyboard,Accessories,22,1860.1,0.05,38876.09
2025-10-31,Laptop,Electronics,7,66890.19,0.0,468231.33
2025-10-31,Smartphone,Electronics,12,35289.66,0.0,423475.92
2025-10-31,Headphones,Accessories,28,2388.74,0.0,66884.72
2025-10-31,Monitor,Electronics,10,15058.93,0.0,150589.3
2025-10-31,Keyboard,Accessories,18,1799.54,0.0,32391.72
2025-11-01,Laptop,Electronics,7,65595.74,0.0,459170.18
2025-11-01,Smartphone,Electronics,16,34396.13,0.1,495304.27
2025-11-01,Headphones,Accessories,28,2594.64,0.0,72649.92
2025-11-01,Monitor,Electronics,10,15167.96,0.1,136511.64
2025-11-01,Keyboard,Accessories,26,1778.62,0.1,41619.71
2025-11-02,Laptop,Electronics,8,64667.27,0.15,439737.44
2025-11-02,Smartphone,Electronics,15,34655.82,0.0,519837.3
2025-11-02,Headphones,Accessories,28,2474.93,0.0,69298.04
2025-11-02,Monitor,Electronics,12,15677.03,0.0,188124.36
2025-11-02,Keyboard,Accessories,24,1750.1,0.0,42002.4
2025-11-03,Laptop,Electronics,7,67203.18,0.0,470422.26
2025-11-03,Smartphone,Electronics,11,34970.09,0.0,384670.99
2025-11-03,Headphones,Accessories,28,2474.71,0.1,62362.69
2025-11-03,Monitor,Electronics,10,15373.36,0.0,153733.6
2025-11-03,Keyboard,Accessories,27,1817.29,0.15,41706.81
2025-11-04,Laptop,Electronics,8,65839.41,0.1,474043.75
2025-11-04,Smartphone,Electronics,13,35100.49,0.05,433491.05
2025-11-04,Headphones,Accessories,25,2552.97,0.0,63824.25
2025-11-04,Monitor,Electronics,8,15760.06,0.1,113472.43
2025-11-04,Keyboard,Accessories,23,1780.08,0.1,36847.66
2025-11-05,Laptop,Electronics,7,63965.08,0.0,447755.56
2025-11-05,Smartphone,Electronics,11,35334.0,0.1,349806.6
2025-11-05,Headphones,Accessories,29,2493.5,0.05,68695.92
2025-11-05,Monitor,Electronics,10,14836.82,0.0,148368.2
2025-11-05,Keyboard,Accessories,21,1803.58,0.0,37875.18
2025-11-06,Laptop,Electronics,6,66025.4,0.0,396152.4
2025-11-06,Smartphone,Electronics,12,35647.61,0.1,384994.19
2025-11-06,Headphones,Accessories,29,2417.98,0.0,70121.42
2025-11-06,Monitor,Electronics,11,14725.39,0.05,153880.33
2025-11-06,Keyboard,Accessories,23,1833.44,0.1,37952.21
2025-11-07,Laptop,Electronics,8,64934.01,0.15,441551.27
2025-11-07,Smartphone,Electronics,14,34708.35,0.1,437325.21
2025-11-07,Headphones,Accessories,28,2421.9,0.0,67813.2
2025-11-07,Monitor,Electronics,10,15138.04,0.0,151380.4
2025-11-07,Keyboard,Accessories,27,1716.32,0.1,41706.58
2025-11-08,Laptop,Electronics,8,65682.48,0.0,525459.84
2025-11-08,Smartphone,Electronics,14,36379.15,0.0,509308.1
2025-11-08,Headphones,Accessories,29,2377.3,0.0,68941.7
2025-11-08,Monitor,Electronics,12,15596.55,0.1,168442.74
2025-11-08,Keyboard,Accessories,21,1811.76,0.1,34242.26
2025-11-09,Laptop,Electronics,7,65446.88,0.05,435221.75
2025-11-09,Smartphone,Electronics,15,34637.69,0.05,493587.08
2025-11-09,Headphones,Accessories,27,2516.8,0.0,67953.6
2025-11-09,Monitor,Electronics,11,14713.9,0.0,161852.9
2025-11-09,Keyboard,Accessories,28,1832.72,0.05,48750.35
2025-11-10,Laptop,Electronics,8,65071.11,0.0,520568.88
2025-11-10,Smartphone,Electronics,13,34103.34,0.15,376841.91
2025-11-10,Headphones,Accessories,28,2585.33,0.05,68769.78
2025-11-10,Monitor,Electronics,10,15272.69,0.0,152726.9
2025-11-10,Keyboard,Accessories,22,1711.03,0.0,37642.66
2025-11-11,Laptop,Electronics,8,64594.31,0.0,516754.48
2025-11-11,Smartphone,Electronics,12,35036.76,0.1,378397.01
2025-11-11,Headphones,Accessories,31,2574.41,0.0,79806.71
2025-11-11,Monitor,Electronics,12,14460.15,0.05,164845.71
2025-11-11,Keyboard,Accessories,26,1897.73,0.0,49340.98
2025-11-12,Laptop,Electronics,7,64354.31,0.1,405432.15
2025-11-12,Smartphone,Electronics,11,35386.54,0.0,389251.94
2025-11-12,Headphones,Accessories,28,2535.75,0.05,67450.95
2025-11-12,Monitor,Electronics,9,14776.14,0.15,113037.47
2025-11-12,Keyboard,Accessories,22,1843.41,0.1,36499.52
2025-11-13,Laptop,Electronics,7,66655.12,0.0,466585.84
2025-11-13,Smartphone,Electronics,13,34984.88,0.05,432063.27
2025-11-13,Headphones,Accessories,29,2464.45,0.15,60748.69
2025-11-13,Monitor,Electronics,11,14696.6,0.1,145496.34
2025-11-13,Keyboard,Accessories,25,1833.57,0.0,45839.25
2025-11-14,Laptop,Electronics,9,63228.7,0.15,483699.55
2025-11-14,Smartphone,Electronics,14,34801.79,0.0,487225.06
2025-11-14,Headphones,Accessories,33,2454.14,0.0,80986.62
2025-11-14,Monitor,Electronics,10,14874.08,0.0,148740.8
2025-11-14,Keyboard,Accessories,26,1768.15,0.05,43673.3
2025-11-15,Laptop,Electronics,8,65168.0,0.05,495276.8
2025-11-15,Smartphone,Electronics,14,33858.73,0.05,450321.11
2025-11-15,Headphones,Accessories,28,2464.93,0.0,69018.04
2025-11-15,Monitor,Electronics,10,14985.23,0.05,142359.68
2025-11-15,Keyboard,Accessories,21,1833.89,0.0,38511.69
2025-11-16,Laptop,Electronics,8,63835.08,0.0,510680.64
2025-11-16,Smartphone,Electronics,16,33766.94,0.05,513257.49
2025-11-16,Headphones,Accessories,27,2425.5,0.05,62214.08
2025-11-16,Monitor,Electronics,12,15217.87,0.05,173483.72
2025-11-16,Keyboard,Accessories,22,1737.25,0.1,34397.55
2025-11-17,Laptop,Electronics,8,66846.74,0.0,534773.92
2025-11-17,Smartphone,Electronics,12,37153.16,0.0,445837.92
2025-11-17,Headphones,Accessories,28,2479.74,0.05,65961.08
2025-11-17,Monitor,Electronics,10,14944.88,0.05,141976.36
2025-11-17,Keyboard,Accessories,26,1868.61,0.05,46154.67
2025-11-18,Laptop,Electronics,9,62715.06,0.0,564435.54
2025-11-18,Smartphone,Electronics,13,35556.26,0.0,462231.38
2025-11-18,Headphones,Accessories,31,2485.95,0.0,77064.45
2025-11-18,Monitor,Electronics,12,14560.56,0.0,174726.72
2025-11-18,Keyboard,Accessories,23,1813.58,0.1,37541.11
2025-11-19,Laptop,Electronics,8,66449.3,0.0,531594.4
2025-11-19,Smartphone,Electronics,14,33823.4,0.05,449851.22
2025-11-19,Headphones,Accessories,25,2627.51,0.05,62403.36
2025-11-19,Monitor,Electronics,10,15113.41,0.0,151134.1
2025-11-19,Keyboard,Accessories,24,1736.7,0.1,37512.72
2025-11-20,Laptop,Electronics,6,64699.62,0.0,388197.72
2025-11-20,Smartphone,Electronics,11,35327.3,0.05,369170.28
2025-11-20,Headphones,Accessories,27,2407.89,0.15,55261.08
2025-11-20,Monitor,Electronics,11,15080.62,0.0,165886.82
2025-11-20,Keyboard,Accessories,23,1790.1,0.15,34996.45
2025-11-21,Laptop,Electronics,8,66100.12,0.1,475920.86
2025-11-21,Smartphone,Electronics,15,35146.66,0.05,500839.9
2025-11-21,Headphones,Accessories,29,2384.88,0.05,65703.44
2025-11-21,Monitor,Electronics,12,14816.14,0.0,177793.68
2025-11-21,Keyboard,Accessories,22,1857.34,0.0,40861.48
2025-11-22,Laptop,Electronics,9,62417.6,0.0,561758.4
2025-11-22,Smartphone,Electronics,14,35339.87,0.0,494758.18
2025-11-22,Headphones,Accessories,34,2458.78,0.05,79418.59
2025-11-22,Monitor,Electronics,11,15596.04,0.05,162978.62
2025-11-22,Keyboard,Accessories,21,1770.38,0.1,33460.18
2025-11-23,Laptop,Electronics,8,66611.88,0.0,532895.04
2025-11-23,Smartphone,Electronics,14,34808.6,0.0,487320.4
2025-11-23,Headphones,Accessories,29,2518.33,0.0,73031.57
2025-11-23,Monitor,Electronics,12,15371.17,0.05,175231.34
2025-11-23,Keyboard,Accessories,25,1764.14,0.1,39693.15
2025-11-24,Laptop,Electronics,6,66641.36,0.05,379855.75
2025-11-24,Smartphone,Electronics,13,35390.87,0.05,437077.24
2025-11-24,Headphones,Accessories,29,2592.9,0.05,71434.4
2025-11-24,Monitor,Electronics,9,14596.84,0.05,124802.98
2025-11-24,Keyboard,Accessories,23,1737.21,0.0,39955.83
2025-11-25,Laptop,Electronics,8,64892.48,0.0,519139.84
2025-11-25,Smartphone,Electronics,11,35337.58,0.1,349842.04
2025-11-25,Headphones,Accessories,26,2514.86,0.1,58847.72
2025-11-25,Monitor,Electronics,11,14539.32,0.15,135942.64
2025-11-25,Keyboard,Accessories,22,1786.52,0.0,39303.44
2025-11-26,Laptop,Electronics,9,65004.01,0.0,585036.09
2025-11-26,Smartphone,Electronics,11,36012.01,0.0,396132.11
2025-11-26,Headphones,Accessories,26,2628.88,0.1,61515.79
2025-11-26,Monitor,Electronics,11,14813.76,0.0,162951.36
2025-11-26,Keyboard,Accessories,25,1750.88,0.1,39394.8
2025-11-27,Laptop,Electronics,7,63106.55,0.05,419658.56
2025-11-27,Smartphone,Electronics,14,34517.88,0.1,434925.29
2025-11-27,Headphones,Accessories,27,2427.69,0.1,58992.87
2025-11-27,Monitor,Electronics,12,14459.65,0.0,173515.8
2025-11-27,Keyboard,Accessories,22,1815.15,0.1,35939.97
2025-11-28,Laptop,Electronics,7,63557.96,0.1,400415.15
2025-11-28,Smartphone,Electronics,13,34517.77,0.0,448731.01
2025-11-28,Headphones,Accessories,29,2484.31,0.1,64840.49
2025-11-28,Monitor,Electronics,11,14886.85,0.05,155567.58
2025-11-28,Keyboard,Accessories,23,1828.54,0.05,39953.6
2025-11-29,Laptop,Electronics,5,65461.16,0.05,310940.51
2025-11-29,Smartphone,Electronics,15,34341.21,0.05,489362.24
2025-11-29,Headphones,Accessories,31,2510.37,0.05,73930.4
2025-11-29,Monitor,Electronics,12,15056.03,0.0,180672.36
2025-11-29,Keyboard,Accessories,23,1814.55,0.05,39647.92
2025-11-30,Laptop,Electronics,9,63638.36,0.05,544107.98
2025-11-30,Smartphone,Electronics,12,34474.22,0.15,351637.04
2025-11-30,Headphones,Accessories,29,2522.29,0.15,62174.45
2025-11-30,Monitor,Electronics,12,14641.45,0.1,158127.66
2025-11-30,Keyboard,Accessories,27,1797.87,0.0,48542.49
2025-12-01,Laptop,Electronics,8,63077.49,0.05,479388.92
2025-12-01,Smartphone,Electronics,13,36099.95,0.05,445834.38
2025-12-01,Headphones,Accessories,30,2418.03,0.15,61659.77
2025-12-01,Monitor,Electronics,9,15149.7,0.15,115895.21
2025-12-01,Keyboard,Accessories,19,1790.78,0.0,34024.82
2025-12-02,Laptop,Electronics,8,64171.52,0.05,487703.55
2025-12-02,Smartphone,Electronics,13,35179.8,0.0,457337.4
2025-12-02,Headphones,Accessories,28,2486.24,0.15,59172.51
2025-12-02,Monitor,Electronics,10,15415.67,0.1,138741.03
2025-12-02,Keyboard,Accessories,23,1840.96,0.0,42342.08
2025-12-03,Laptop,Electronics,8,62507.05,0.0,500056.4
2025-12-03,Smartphone,Electronics,12,34527.39,0.1,372895.81
2025-12-03,Headphones,Accessories,25,2449.08,0.0,61227.0
2025-12-03,Monitor,Electronics,11,14586.87,0.05,152432.79
2025-12-03,Keyboard,Accessories,27,1852.59,0.0,50019.93
2025-12-04,Laptop,Electronics,9,63144.06,0.0,568296.54
2025-12-04,Smartphone,Electronics,13,33905.06,0.0,440765.78
2025-12-04,Headphones,Accessories,27,2531.51,0.0,68350.77
2025-12-04,Monitor,Electronics,10,15257.12,0.0,152571.2
2025-12-04,Keyboard,Accessories,26,1825.62,0.0,47466.12
2025-12-05,Laptop,Electronics,7,64374.71,0.0,450622.97
2025-12-05,Smartphone,Electronics,15,35215.89,0.1,475414.52
2025-12-05,Headphones,Accessories,29,2432.93,0.0,70554.97
2025-12-05,Monitor,Electronics,11,15308.27,0.15,143132.32
2025-12-05,Keyboard,Accessories,25,1744.75,0.1,39256.88
2025-12-06,Laptop,Electronics,7,60948.11,0.15,362641.25
2025-12-06,Smartphone,Electronics,17,33809.27,0.0,574757.59
2025-12-06,Headphones,Accessories,31,2562.12,0.0,79425.72
2025-12-06,Monitor,Electronics,12,14909.03,0.0,178908.36
2025-12-06,Keyboard,Accessories,25,1776.69,0.05,42196.39
2025-12-07,Laptop,Electronics,8,64454.79,0.0,515638.32
2025-12-07,Smartphone,Electronics,17,35784.35,0.05,577917.25
2025-12-07,Headphones,Accessories,29,2486.47,0.0,72107.63
2025-12-07,Monitor,Electronics,13,14961.03,0.0,194493.39
2025-12-07,Keyboard,Accessories,25,1787.84,0.05,42461.2
2025-12-08,Laptop,Electronics,9,67243.81,0.1,544674.86
2025-12-08,Smartphone,Electronics,12,34963.7,0.0,419564.4
2025-12-08,Headphones,Accessories,31,2598.74,0.05,76532.89
2025-12-08,Monitor,Electronics,12,15530.26,0.1,167726.81
2025-12-08,Keyboard,Accessories,28,1819.5,0.0,50946.0
2025-12-09,Laptop,Electronics,8,65471.11,0.0,523768.88
2025-12-09,Smartphone,Electronics,14,35786.54,0.0,501011.56
2025-12-09,Headphones,Accessories,25,2514.18,0.15,53426.32
2025-12-09,Monitor,Electronics,11,15017.64,0.0,165194.04
2025-12-09,Keyboard,Accessories,20,1847.11,0.0,36942.2
2025-12-10,Laptop,Electronics,6,66352.82,0.0,398116.92
2025-12-10,Smartphone,Electronics,14,35479.27,0.0,496709.78
2025-12-10,Headphones,Accessories,26,2457.82,0.1,57512.99
2025-12-10,Monitor,Electronics,11,15046.41,0.1,148959.46
2025-12-10,Keyboard,Accessories,22,1870.98,0.0,41161.56
2025-12-11,Laptop,Electronics,7,67927.48,0.05,451717.74
2025-12-11,Smartphone,Electronics,11,35386.69,0.05,369790.91
2025-12-11,Headphones,Accessories,22,2461.62,0.1,48740.08
2025-12-11,Monitor,Electronics,14,14611.96,0.1,184110.7
2025-12-11,Keyboard,Accessories,23,1756.76,0.1,36364.93
2025-12-12,Laptop,Electronics,7,65375.96,0.0,457631.72
2025-12-12,Smartphone,Electronics,14,34094.73,0.05,453459.91
2025-12-12,Headphones,Accessories,27,2438.01,0.0,65826.27
2025-12-12,Monitor,Electronics,12,14912.06,0.05,169997.48
2025-12-12,Keyboard,Accessories,25,1877.39,0.0,46934.75
2025-12-13,Laptop,Electronics,9,63816.37,0.05,545629.96
2025-12-13,Smartphone,Electronics,16,34212.1,0.1,492654.24
2025-12-13,Headphones,Accessories,35,2466.14,0.0,86314.9
2025-12-13,Monitor,Electronics,14,15281.86,0.15,181854.13
2025-12-13,Keyboard,Accessories,24,1720.8,0.0,41299.2
2025-12-14,Laptop,Electronics,9,63398.16,0.1,513525.1
2025-12-14,Smartphone,Electronics,13,34656.36,0.0,450532.68
2025-12-14,Headphones,Accessories,25,2475.84,0.0,61896.0
2025-12-14,Monitor,Electronics,14,15071.79,0.0,211005.06
2025-12-14,Keyboard,Accessories,31,1845.2,0.05,54341.14
2025-12-15,Laptop,Electronics,6,63853.86,0.1,344810.84
2025-12-15,Smartphone,Electronics,13,35980.91,0.0,467751.83
2025-12-15,Headphones,Accessories,27,2506.9,0.0,67686.3
2025-12-15,Monitor,Electronics,10,15380.47,0.1,138424.23
2025-12-15,Keyboard,Accessories,23,1836.84,0.05,40134.95
2025-12-16,Laptop,Electronics,8,67370.32,0.0,538962.56
2025-12-16,Smartphone,Electronics,15,35036.35,0.05,499267.99
2025-12-16,Headphones,Accessories,30,2441.38,0.0,73241.4
2025-12-16,Monitor,Electronics,13,15226.54,0.05,188047.77
2025-12-16,Keyboard,Accessories,27,1837.63,0.05,47135.21
2025-12-17,Laptop,Electronics,8,64585.32,0.1,465014.3
2025-12-17,Smartphone,Electronics,14,34011.21,0.0,476156.94
2025-12-17,Headphones,Accessories,31,2559.1,0.0,79332.1
2025-12-17,Monitor,Electronics,11,15063.48,0.1,149128.45
2025-12-17,Keyboard,Accessories,20,1777.72,0.0,35554.4
2025-12-18,Laptop,Electronics,8,63394.63,0.05,481799.19
2025-12-18,Smartphone,Electronics,14,34810.36,0.05,462977.79
2025-12-18,Headphones,Accessories,29,2457.99,0.0,71281.71
2025-12-18,Monitor,Electronics,12,15078.63,0.1,162849.2
2025-12-18,Keyboard,Accessories,26,1855.54,0.0,48244.04
2025-12-19,Laptop,Electronics,8,63219.26,0.05,480466.38
2025-12-19,Smartphone,Electronics,13,34359.9,0.05,424344.76
2025-12-19,Headphones,Accessories,30,2410.02,0.1,65070.54
2025-12-19,Monitor,Electronics,12,15446.98,0.05,176095.57
2025-12-19,Keyboard,Accessories,22,1797.64,0.1,35593.27
2025-12-20,Laptop,Electronics,8,64654.64,0.1,465513.41
2025-12-20,Smartphone,Electronics,14,34023.11,0.0,476323.54
2025-12-20,Headphones,Accessories,30,2485.76,0.0,74572.8
2025-12-20,Monitor,Electronics,14,15172.2,0.0,212410.8
2025-12-20,Keyboard,Accessories,27,1817.26,0.0,49066.02
2025-12-21,Laptop,Electronics,9,63310.34,0.0,569793.06
2025-12-21,Smartphone,Electronics,17,35521.03,0.05,573664.63
2025-12-21,Headphones,Accessories,33,2510.98,0.0,82862.34
2025-12-21,Monitor,Electronics,14,14669.88,0.05,195109.4
2025-12-21,Keyboard,Accessories,26,1748.74,0.05,43193.88
2025-12-22,Laptop,Electronics,7,64493.94,0.1,406311.82
2025-12-22,Smartphone,Electronics,14,36399.23,0.05,484109.76
2025-12-22,Headphones,Accessories,30,2398.38,0.1,64756.26
2025-12-22,Monitor,Electronics,9,14747.42,0.0,132726.78
2025-12-22,Keyboard,Accessories,27,1775.42,0.15,40745.89
2025-12-23,Laptop,Electronics,9,64825.4,0.1,525085.74
2025-12-23,Smartphone,Electronics,17,34805.94,0.0,591700.98
2025-12-23,Headphones,Accessories,27,2505.57,0.05,64267.87
2025-12-23,Monitor,Electronics,11,15246.78,0.0,167714.58
2025-12-23,Keyboard,Accessories,32,1778.22,0.0,56903.04
2025-12-24,Laptop,Electronics,7,66216.83,0.0,463517.81
2025-12-24,Smartphone,Electronics,15,32617.85,0.0,489267.75
2025-12-24,Headphones,Accessories,26,2510.23,0.05,62002.68
2025-12-24,Monitor,Electronics,11,14897.39,0.0,163871.29
2025-12-24,Keyboard,Accessories,24,1749.93,0.0,41998.32
2025-12-25,Laptop,Electronics,9,62893.92,0.1,509440.75
2025-12-25,Smartphone,Electronics,12,34644.74,0.0,415736.88
2025-12-25,Headphones,Accessories,30,2569.87,0.05,73241.29
2025-12-25,Monitor,Electronics,11,14563.66,0.0,160200.26
2025-12-25,Keyboard,Accessories,26,1761.54,0.0,45800.04
2025-12-26,Laptop,Electronics,9,64621.52,0.05,552514.0
2025-12-26,Smartphone,Electronics,12,34455.16,0.1,372115.73
2025-12-26,Headphones,Accessories,28,2641.12,0.0,73951.36
2025-12-26,Monitor,Electronics,12,14961.73,0.05,170563.72
2025-12-26,Keyboard,Accessories,27,1688.94,0.1,41041.24
2025-12-27,Laptop,Electronics,8,64166.17,0.05,487662.89
2025-12-27,Smartphone,Electronics,17,35844.29,0.1,548417.64
2025-12-27,Headphones,Accessories,30,2487.46,0.15,63430.23
2025-12-27,Monitor,Electronics,15,14604.61,0.05,208115.69
2025-12-27,Keyboard,Accessories,24,1810.08,0.1,39097.73
2025-12-28,Laptop,Electronics,9,67226.06,0.05,574782.81
2025-12-28,Smartphone,Electronics,13,34052.21,0.15,376276.92
2025-12-28,Headphones,Accessories,34,2571.31,0.05,83053.31
2025-12-28,Monitor,Electronics,12,14900.31,0.05,169863.53
2025-12-28,Keyboard,Accessories,32,1884.63,0.1,54277.34
2025-12-29,Laptop,Electronics,8,65347.93,0.05,496644.27
2025-12-29,Smartphone,Electronics,11,34996.62,0.05,365714.68
2025-12-29,Headphones,Accessories,29,2456.96,0.1,64126.66
2025-12-29,Monitor,Electronics,11,14473.77,0.1,143290.32
2025-12-29,Keyboard,Accessories,21,1756.57,0.0,36887.97
2025-12-30,Laptop,Electronics,10,65544.66,0.1,589901.94
2025-12-30,Smartphone,Electronics,16,34826.25,0.05,529359.0
2025-12-30,Headphones,Accessories,33,2420.34,0.05,75877.66
2025-12-30,Monitor,Electronics,11,15032.54,0.0,165357.94
2025-12-30,Keyboard,Accessories,23,1755.61,0.05,38360.08
